Orthogroup	afla	afum	anid	anig
OG0000000	F9C07_12490, F9C07_12702, F9C07_1604005, F9C07_2236802, F9C07_2276688, F9C07_2276689, F9C07_2276876, F9C07_2280540, F9C07_2281633, F9C07_2459, F9C07_4197, F9C07_4715, F9C07_4717	Afu2g10840, Afu3g01030, Afu3g01630, Afu3g03310, Afu5g01310, Afu6g09550, Afu6g11800, Afu6g11810, Afu7g01970, Afu8g05740	AN10770, AN2355, AN2798, AN3508, AN3509, AN8104, AN9111	An01g00700, An02g02330, An02g07560, An02g07970, An03g06090, An06g01020, An07g00860, An07g00970, An08g09410, An09g01940, An09g03270, An09g03280, An16g00680, An16g06760
OG0000001	F9C07_2230607	Afu7g06870	AN0376, AN0535, AN0536, AN0537, AN10256, AN10632, AN10649, AN10654, AN10687, AN10846, AN11204, AN2616, AN2670, AN2713, AN2714, AN3471, AN3500, AN5065, AN5066, AN5095, AN5253, AN5254, AN5470, AN5471, AN6966, AN6967, AN6968, AN7830, AN7831, AN7840, AN7845, AN7846, AN8160, AN8295, AN8305, AN8576	An05g02090, An06g02630
OG0000002	F9C07_11922, F9C07_1797181, F9C07_1936577, F9C07_2039210, F9C07_2040390, F9C07_2068382, F9C07_2126592, F9C07_2131431, F9C07_2201485, F9C07_2203973, F9C07_2212809, F9C07_2235879, F9C07_2237379, F9C07_2287353, F9C07_2901, F9C07_3201, F9C07_327, F9C07_511, F9C07_98	Afu2g04890, Afu2g15860, Afu3g14920, Afu7g08245, Afu8g01930	AN2165, AN3556, AN5091, AN5416, AN6749, AN7933, AN8520, AN8945	An01g05920, An03g06140, An06g00860, An07g01360, An08g11720, An11g04600, An15g06160
OG0000003	F9C07_2225959, F9C07_2226123, F9C07_2232154, F9C07_2248733, F9C07_2281359, F9C07_2282013, F9C07_2285605, F9C07_2285756, F9C07_2285882, F9C07_4254, F9C07_533, F9C07_7798	Afu2g17820	AN0761, AN10889, AN12090, AN2398, AN2609, AN4008, AN6945, AN6952, AN8569, AN8960, AN9233	An01g00880, An01g02640, An02g00810, An03g05790, An03g05990, An07g05520, An09g00220, An11g00280, An12g02810, An14g05840, An15g06970, An16g01250, An16g06360, An16g08530, An18g00550
OG0000004	F9C07_2058678, F9C07_2137651, F9C07_2193953, F9C07_2280446, F9C07_2282495, F9C07_2283794, F9C07_2283882, F9C07_2285637, F9C07_2286086, F9C07_2287642, F9C07_2287736, F9C07_8705	Afu1g10380, Afu4g14440, Afu5g12730, Afu6g12080, Afu8g00170	AN0016, AN10576, AN1242, AN2545, AN3495, AN3496, AN7884, AN8433, AN9243, AN9244	An01g11770, An02g05070, An03g00650, An03g06010, An05g01060, An08g02310, An09g01690, An12g02840, An15g07530, An15g07910, An16g06720
OG0000005		Afu1g01010, Afu2g01290, Afu3g02530, Afu3g14700, Afu5g14460		An01g01130, An01g02030, An01g06930, An01g06950, An01g12030, An01g12040, An02g00450, An02g09430, An03g02220, An03g05140, An03g06380, An04g10030, An07g01030, An09g01290, An09g01930, An09g05340, An11g03920, An11g04280, An11g05570, An11g05940, An11g05960, An12g02670, An12g02730, An12g07070, An13g02430, An14g04850, An15g02130, An15g04140, An15g05090, An15g07920, An16g07170
OG0000006	F9C07_10607, F9C07_13354, F9C07_1799325, F9C07_1807649, F9C07_2057050, F9C07_2057781, F9C07_2062029, F9C07_2071928, F9C07_2104039, F9C07_2104040, F9C07_2130132, F9C07_2155890, F9C07_2166428, F9C07_2197581, F9C07_2200969, F9C07_2203102, F9C07_2205432, F9C07_2225075, F9C07_2229464, F9C07_2229545, F9C07_2237258, F9C07_2237328, F9C07_2256347, F9C07_2260427, F9C07_2281263, F9C07_2281294, F9C07_2284161, F9C07_2286580, F9C07_2287535, F9C07_3387, F9C07_4641, F9C07_7241	Afu1g00850, Afu5g14582		
OG0000007	F9C07_10126, F9C07_10988, F9C07_11486, F9C07_12579, F9C07_1730779, F9C07_2171790, F9C07_2227337, F9C07_2282922, F9C07_8008, F9C07_9309, F9C07_9333	Afu1g01610, Afu1g05950, Afu4g01060, Afu4g02880, Afu6g03180, Afu7g05880	AN0386, AN2570, AN3193, AN4199, AN5371, AN6727, AN8146, AN9343	An01g14710, An01g14870, An04g08650, An07g02000, An13g01640, An14g02620, An18g03630
OG0000008	F9C07_1354273, F9C07_1718744, F9C07_2093327, F9C07_2154542, F9C07_2202418, F9C07_2210056, F9C07_2224717, F9C07_2224936, F9C07_2228902, F9C07_2249463, F9C07_2279947, F9C07_2280760, F9C07_2281403, F9C07_2281441, F9C07_2282863, F9C07_2283932, F9C07_2287146, F9C07_2287356, F9C07_4160, F9C07_4214, F9C07_5389, F9C07_6941, F9C07_7305, F9C07_8787, F9C07_9905	Afu1g12620, Afu1g16910, Afu3g01520, Afu5g01540, Afu6g09710, Afu6g14640		
OG0000009	F9C07_12367, F9C07_2067205, F9C07_2155817, F9C07_2284249, F9C07_5533, F9C07_8275, F9C07_8414	Afu1g14330, Afu1g17440, Afu2g15130, Afu5g00790	AN0771, AN10949, AN1174, AN4749, AN8344, AN8928, AN9344	An01g03900, An01g08720, An01g12380, An05g01660, An06g02550, An07g01250, An08g03300, An08g04500, An09g00850, An12g09770, An13g03570, An15g02930
OG0000010	F9C07_10325, F9C07_1703, F9C07_2054102, F9C07_2069630, F9C07_2197615, F9C07_2282479, F9C07_2287086, F9C07_6721	Afu2g12500, Afu2g16860, Afu4g06050, Afu5g01350, Afu5g01630, Afu5g09780	AN0970, AN11966, AN12129, AN4119, AN4313, AN6451, AN7295, AN7779, AN8083	An01g11540, An05g01840, An08g03750, An09g03320, An15g05530, An16g00800, An18g01150
OG0000011	F9C07_1095, F9C07_11758, F9C07_1837585, F9C07_1845268, F9C07_1870256, F9C07_1908357, F9C07_2076287, F9C07_2142983, F9C07_2148987, F9C07_2158888, F9C07_2206411, F9C07_2224929, F9C07_2279086, F9C07_2284566, F9C07_2284718, F9C07_2286449, F9C07_9117	Afu1g00200, Afu3g03590, Afu8g00990	AN2346, AN3775, AN6663	An01g14490, An03g05600, An03g05700, An08g04780, An10g00890, An11g05980, An15g07250
OG0000012		Afu1g00560		An01g00640, An01g01440, An01g15160, An03g01420, An03g03030, An03g03370, An03g06120, An05g01000, An06g02210, An07g01850, An07g03330, An08g04770, An08g09430, An08g09500, An08g11180, An08g11610, An10g00420, An11g03610, An11g03980, An12g02440, An12g05650, An12g06340, An15g05050, An15g06750, An16g01440, An16g06160, An18g01910, An18g01920, An19g00280
OG0000013		Afu1g00140, Afu1g04650, Afu1g05480, Afu1g06010, Afu1g08780, Afu2g01420, Afu2g03570, Afu2g04990, Afu3g00190, Afu3g01740, Afu3g03090, Afu3g03770, Afu3g05620, Afu3g10430, Afu4g00270, Afu4g14390, Afu5g04110, Afu5g08340, Afu5g13900, Afu6g00100, Afu6g04480, Afu6g09940, Afu6g10110, Afu6g10870, Afu7g01360, Afu7g02580, Afu7g08660		An02g08710
OG0000014	F9C07_1226468, F9C07_12643, F9C07_1797	Afu1g01290, Afu2g18010, Afu6g08140, Afu6g09730, Afu6g13940, Afu6g13945, Afu8g00240	AN8139, AN8141, AN8530, AN9248, AN9251, AN9253	An02g05090, An08g02920, An11g01150, An11g01980, An11g08810, An11g09260, An12g07120, An13g04080, An15g05110, An18g02700
OG0000015	F9C07_13052, F9C07_1480746, F9C07_2073230, F9C07_2160237, F9C07_2203698, F9C07_2215658, F9C07_2228582, F9C07_2262865, F9C07_2276717, F9C07_2280748, F9C07_2286164, F9C07_2286166, F9C07_2287644, F9C07_2287752, F9C07_2731, F9C07_7483, F9C07_8042, F9C07_838		AN5504, AN7834	An01g00430, An02g06470, An07g05100, An12g05450, An12g10530, An15g05260
OG0000016	F9C07_12923, F9C07_1486340, F9C07_2202302, F9C07_2203374, F9C07_2230143, F9C07_2235088, F9C07_2280480, F9C07_2282896, F9C07_2285495, F9C07_379, F9C07_4208		AN2700, AN3353, AN5510	An02g13290, An07g01690, An08g02910, An09g00500, An09g04060, An12g02350, An15g00810, An15g05840, An15g07220, An15g07330, An15g07350, An16g07890
OG0000017	F9C07_1171746, F9C07_2143243, F9C07_2244108, F9C07_2285868, F9C07_3716, F9C07_4242, F9C07_6291, F9C07_8749	Afu1g13160, Afu5g01590, Afu8g02400	AN0654, AN1592, AN2407, AN8143	An03g00860, An03g02060, An04g04640, An04g04650, An06g02090, An06g02620, An08g04660, An08g06160, An08g10830, An15g07020, An15g07030
OG0000018	F9C07_1016987, F9C07_1185864, F9C07_13374, F9C07_1359798, F9C07_1375405, F9C07_1379800, F9C07_1606849, F9C07_2138990, F9C07_2197511, F9C07_2198125, F9C07_2208557, F9C07_2280874, F9C07_2284687, F9C07_2932, F9C07_4498, F9C07_5241	Afu2g12280	AN4116	An03g03310, An06g01420, An08g04760, An09g05610, An11g09180, An15g04830, An15g04930, An16g03310
OG0000019	F9C07_1005, F9C07_1485, F9C07_2232219, F9C07_2278403, F9C07_5387, F9C07_7795	Afu1g11370, Afu2g15020, Afu3g08070	AN10931, AN2704, AN3229, AN3960, AN4006, AN4212, AN6445, AN7056, AN7812, AN7998, AN9348	An02g11560, An05g02380, An15g03100, An15g04820, An18g00530, An18g01120
OG0000020	F9C07_1000086, F9C07_11485, F9C07_12162, F9C07_13399, F9C07_2203652, F9C07_2205252, F9C07_2220607, F9C07_2227128, F9C07_2234861, F9C07_2287414, F9C07_2287566	Afu3g03450, Afu5g07520	AN10259, AN3225, AN5553, AN5665, AN6449, AN7359, AN7772, AN7969	An02g08860, An08g07910, An09g01410, An16g05710
OG0000021	F9C07_11264, F9C07_12476, F9C07_1955646, F9C07_2198821	Afu1g15420, Afu5g01405, Afu5g03980, Afu6g00720, Afu6g09317, Afu6g09790	AN0511, AN0542, AN0543, AN10104, AN3977, AN4703, AN5076, AN6664, AN6965, AN7847, AN8466, AN9389	An09g03010, An11g05970, An12g06280
OG0000022	F9C07_1747030, F9C07_2137538, F9C07_2168907, F9C07_2201953, F9C07_2276759	Afu7g08500	AN12138, AN6385, AN6469, AN8468, AN8505, AN8524	An01g06710, An01g08000, An01g12060, An04g03850, An08g08160, An08g12200, An09g00640, An11g07530, An13g03540, An13g03550, An15g05630, An16g01430, An18g01880
OG0000023			AN0532, AN0669, AN0826, AN0975, AN11044, AN11091, AN2291, AN2381, AN2382, AN2732, AN3047, AN3473, AN3478, AN4391, AN4877, AN5233, AN5334, AN5863, AN6559, AN7516, AN8456, AN8487, AN8788, AN9046, AN9505	
OG0000024	F9C07_10927, F9C07_1125, F9C07_11477, F9C07_12163, F9C07_1357130, F9C07_1639362, F9C07_2075381, F9C07_2101608, F9C07_2106483, F9C07_2227373, F9C07_2236193, F9C07_2265030	Afu2g15440, Afu3g13810, Afu4g03540, Afu5g00890	AN10357, AN11159, AN5664	An01g01220, An02g09500, An08g09640, An11g00080, An18g00430
OG0000025	F9C07_12214, F9C07_12463, F9C07_13248, F9C07_1489306, F9C07_1585775, F9C07_1788, F9C07_2278607, F9C07_4310, F9C07_4620		AN10320, AN2942, AN3242, AN7130, AN7982	An03g02580, An03g05620, An08g09180, An11g00150, An12g07180, An12g07260, An12g09780, An15g07840, An18g00690, An18g00910
OG0000026	F9C07_13131, F9C07_2080670, F9C07_2227260, F9C07_2278404, F9C07_2280625, F9C07_2282852	Afu2g00910, Afu2g17420	AN10398, AN1071, AN12256, AN1580, AN3077, AN3547, AN3557, AN3881, AN5237, AN6955, AN8322, AN8323, AN8457, AN8545, AN9426	An01g11500
OG0000027	F9C07_10356, F9C07_13024, F9C07_1955750, F9C07_2048057, F9C07_2154555, F9C07_2206278, F9C07_2285873, F9C07_2285885	Afu1g02740, Afu1g17740, Afu6g13930, Afu8g00490, Afu8g00540	AN1784, AN6962, AN8412	An02g08290, An04g04340, An08g03790, An08g03800, An11g06460, An11g09720, An13g02960, An14g01910
OG0000028	F9C07_10682, F9C07_2097085, F9C07_2279316, F9C07_2281654, F9C07_2282012, F9C07_2282826, F9C07_2284541, F9C07_4158	Afu2g17600, Afu4g00210, Afu4g14560, Afu7g00160, Afu7g01660	AN0150, AN6000, AN7071, AN7825, AN7909, AN8209	An03g05440, An04g09530, An09g05730, An11g07310
OG0000029	F9C07_1033726, F9C07_10360, F9C07_12242, F9C07_12785, F9C07_1934722, F9C07_2279290, F9C07_2282717, F9C07_2287542	Afu1g01730, Afu3g00340, Afu3g02040, Afu4g02720	AN0383, AN0393, AN3049, AN8421	An01g06500, An02g02660, An06g00360, An11g01240, An12g05930, An14g03520, An16g08090
OG0000030	F9C07_12176, F9C07_12237, F9C07_12558, F9C07_1348058, F9C07_2221325, F9C07_2276757, F9C07_2287815, F9C07_3603	Afu2g00800, Afu5g10170, Afu5g10380, Afu7g05030	AN10147, AN2331, AN2569, AN4882, AN9439	An03g00190, An11g04030, An14g04370, An15g07160, An19g00270
OG0000031	F9C07_12312, F9C07_1380479, F9C07_1832163, F9C07_2198918, F9C07_2204181, F9C07_2251678, F9C07_2277662, F9C07_2282831, F9C07_2284300, F9C07_2634, F9C07_4063, F9C07_7327, F9C07_8035, F9C07_997	Afu1g01930	AN0547, AN2675, AN6477, AN8610	An02g03670, An04g08250, An08g10970
OG0000032	F9C07_10846, F9C07_2057177, F9C07_2225616, F9C07_2276853, F9C07_2278453, F9C07_2280508, F9C07_2286830, F9C07_7861	Afu3g02760, Afu4g14130, Afu4g14760, Afu5g06070, Afu6g03080, Afu6g03470	AN2300, AN2349, AN3608, AN4091, AN6436	An04g08340, An08g05360, An17g01770
OG0000033	F9C07_1386713, F9C07_1734286, F9C07_1952248, F9C07_2225321, F9C07_2229158, F9C07_2281612, F9C07_9722	Afu6g13800	AN9266	An02g00390, An05g02360, An06g01290, An08g04790, An10g00340, An11g07030, An11g08020, An12g02600, An14g03120, An15g04130, An16g01270, An18g01530
OG0000034	F9C07_1719557, F9C07_1816787, F9C07_2062424, F9C07_2204734, F9C07_2239435, F9C07_2283032, F9C07_2284167, F9C07_2287751, F9C07_4018	Afu1g00750, Afu4g00650, Afu5g14880, Afu8g05975	AN11758, AN7282	An12g01680, An12g07340, An14g02500, An15g07310, An16g04070, An17g00380
OG0000035	F9C07_10358, F9C07_1489157, F9C07_1849288, F9C07_2058617, F9C07_2094956, F9C07_2108770, F9C07_2200843, F9C07_2212258, F9C07_2283211, F9C07_2283380, F9C07_2284645, F9C07_7682, F9C07_7796	Afu8g00510	AN1601, AN3394	An01g11880, An11g03430, An15g03990, An18g01200, An18g01450
OG0000036	F9C07_2075464, F9C07_2920, F9C07_36	Afu2g04070, Afu5g09470, Afu6g03720	AN4157, AN8814	An02g00020, An02g00040, An03g00060, An04g02830, An07g03470, An07g08770, An08g01310, An11g08880, An14g03550, An15g01790, An15g04330, An15g04340, An19g00180
OG0000037	F9C07_1695850, F9C07_1724, F9C07_1989	Afu2g00710, Afu2g03230, Afu2g13460, Afu3g00900, Afu4g10130	AN2018, AN3308, AN3388, AN3402, AN4507, AN6324	An04g06930, An05g02100, An09g03100, An11g03340, An12g02460, An12g06930, An15g07800
OG0000038		Afu1g05030, Afu1g13770, Afu1g14760, Afu2g08930, Afu3g06810, Afu3g12540, Afu3g13860, Afu4g00780, Afu4g06450, Afu5g02810, Afu5g02980, Afu5g06180, Afu5g06920, Afu5g09820, Afu6g02880, Afu6g03610, Afu6g03650, Afu6g10920, Afu7g03810	AN8159, AN8840	
OG0000039	F9C07_11933, F9C07_12296, F9C07_1826191, F9C07_2197670, F9C07_2279637, F9C07_2279968, F9C07_361	Afu1g01180, Afu6g03620, Afu6g11630	AN11243, AN2648, AN7081, AN7153, AN7178	An01g00490, An03g06270, An05g02390, An11g03740, An15g01940
OG0000040	F9C07_12433, F9C07_1478840, F9C07_2232257, F9C07_2232305, F9C07_2235037, F9C07_2279287, F9C07_2286415, F9C07_7066	Afu1g13660, Afu2g00140, Afu2g01580, Afu3g02620, Afu6g03490	AN10814, AN3536, AN7418, AN8370, AN8592	An08g06720, An12g10250
OG0000041	F9C07_11957, F9C07_2217720, F9C07_2228290, F9C07_2232336, F9C07_2237665, F9C07_2287547, F9C07_2671	Afu1g13350, Afu3g07950, Afu4g00120	AN2196, AN2959, AN3066, AN4106, AN4107, AN4129	An01g11450, An07g00980, An08g06430, An16g01940
OG0000042	F9C07_13122, F9C07_2191202, F9C07_2281661, F9C07_3928, F9C07_7061, F9C07_7596, F9C07_9057	Afu3g14630, Afu6g03070	AN1301, AN4203, AN5398, AN7161, AN7946, AN9268	An01g10640, An07g00700, An12g05150, An12g07430, An12g10740
OG0000043	F9C07_1599963, F9C07_1832588, F9C07_2095182, F9C07_2231897, F9C07_2232100, F9C07_2256061, F9C07_2276705, F9C07_2280411, F9C07_667	Afu2g00180, Afu2g15470, Afu2g17480, Afu4g01570, Afu8g00720, Afu8g02260, Afu8g05070	AN1505, AN2821, AN3207, AN9033	
OG0000044	F9C07_1734253, F9C07_2225300, F9C07_2227036, F9C07_2235656, F9C07_2253580, F9C07_9799	Afu3g02230, Afu5g13820, Afu5g14200, Afu6g09410, Afu6g13810, Afu7g05110, Afu8g01720	AN0196, AN12395, AN8992	An04g09640, An11g06100, An13g02610, An15g02090
OG0000045	F9C07_1475465, F9C07_2060285, F9C07_2247356, F9C07_2278033, F9C07_2278697	Afu1g03800, Afu6g00220, Afu6g11750, Afu8g07280	AN0853, AN10504, AN10659, AN8355	An01g00260, An02g10050, An10g01020, An12g03100, An12g10620, An16g00750, An18g03930
OG0000046	F9C07_2165043, F9C07_2234925, F9C07_2278982, F9C07_4682	Afu1g00650, Afu1g03352, Afu2g06160, Afu5g03940, Afu7g08350, Afu7g08510, Afu8g06030, Afu8g06360	AN11064, AN1604	An06g00810, An08g07450, An08g09610, An09g06260, An12g01800, An15g04760
OG0000047		Afu3g03540, Afu8g00370	AN1036, AN10430, AN11191, AN12066, AN12188, AN12331, AN2035, AN2547, AN3273, AN3282, AN3612, AN3887, AN5475, AN6431, AN6791, AN7084, AN8910, AN9005	
OG0000048	F9C07_12261, F9C07_12468, F9C07_2276962, F9C07_2284292	Afu3g01390, Afu3g02570, Afu8g02350	AN0523, AN1034, AN12440, AN2032, AN3230, AN3386, AN6448, AN7903, AN8383	An03g01820, An09g01860, An12g02050
OG0000049	F9C07_10168, F9C07_1171257, F9C07_12722, F9C07_143, F9C07_1473181, F9C07_2063894, F9C07_2280990, F9C07_2281411, F9C07_2282812, F9C07_2285650, F9C07_587, F9C07_7801	Afu7g00290	AN10811, AN11013, AN1737, AN3275, AN3281, AN7818	
OG0000050	F9C07_1262776, F9C07_1853888, F9C07_2167265, F9C07_2189806, F9C07_2200579, F9C07_2228274, F9C07_2248621, F9C07_2264509, F9C07_2276922, F9C07_2281370, F9C07_2282491, F9C07_2285119, F9C07_2287368, F9C07_6546, F9C07_7496, F9C07_7818, F9C07_9723	Afu5g14860, Afu5g15050		
OG0000051	F9C07_1139580, F9C07_13213, F9C07_1462536, F9C07_1840, F9C07_2246408, F9C07_2261874, F9C07_2276723, F9C07_2278911, F9C07_6884	Afu1g15966, Afu2g16560, Afu7g06360	AN10483, AN2809	An11g07790, An14g02830, An14g03300, An15g03760, An16g00830
OG0000052	F9C07_11785, F9C07_1360032, F9C07_2278497, F9C07_2282951, F9C07_2620, F9C07_2789, F9C07_5023, F9C07_5259, F9C07_9599	Afu2g17360, Afu3g12900, Afu6g00210	AN3722, AN7021	An04g07510, An07g00780, An08g10620, An09g05580, An16g06770
OG0000053	F9C07_2058570, F9C07_2105467, F9C07_2144256, F9C07_216, F9C07_2198479, F9C07_2201316, F9C07_2201402, F9C07_2202470, F9C07_2224840, F9C07_2282777, F9C07_5376	Afu5g06730		An02g02250, An08g08770, An11g00950, An11g06000, An11g06580, An15g05650, An18g01210
OG0000054	F9C07_2154074, F9C07_2233322, F9C07_3730, F9C07_6931, F9C07_8210, F9C07_9191	Afu3g01070, Afu4g13780	AN0231, AN10821, AN11920, AN1318, AN5311, AN7912, AN9388	An01g09220, An03g00280, An09g02980, An09g05130
OG0000055		Afu2g18080, Afu3g09430, Afu4g00820, Afu4g02640, Afu4g14370, Afu4g14870, Afu5g00270, Afu6g00780, Afu6g00790, Afu6g09470, Afu6g14660, Afu7g00100, Afu7g06930, Afu7g06935, Afu7g08200, Afu7g08210, Afu8g00310, Afu8g01040, Afu8g06290		
OG0000056	F9C07_12182	Afu2g11420, Afu6g03040, Afu7g04900	AN10152, AN11120, AN6942	An02g00280, An02g13050, An05g01500, An07g06450, An11g07300, An11g10350, An12g07400, An13g00720, An16g00090, An16g00770, An18g01010
OG0000057	F9C07_12301, F9C07_2103122, F9C07_2172819, F9C07_7812, F9C07_8602	Afu3g04220	AN3381, AN7814, AN7855, AN7856, AN7873, AN9408	An01g00050, An08g10860, An09g01740, An09g01750, An10g00650, An12g01990
OG0000058	F9C07_13264, F9C07_1511872, F9C07_2064431, F9C07_2203978, F9C07_2236666, F9C07_2282753, F9C07_2287001, F9C07_3743, F9C07_7618	Afu1g13800, Afu2g11580, Afu5g06580	AN0732	An02g03620, An08g06980, An12g09630, An13g03610, An17g01070
OG0000059	F9C07_1069823, F9C07_1608492, F9C07_2063377, F9C07_2135859, F9C07_2227365, F9C07_2231887, F9C07_2263672, F9C07_2281253, F9C07_2284550, F9C07_2285037, F9C07_7740, F9C07_8456, F9C07_86	Afu5g00710, Afu5g14660	AN3345, AN3347	An12g10000
OG0000060	F9C07_13207, F9C07_1832779, F9C07_2126025, F9C07_2280858, F9C07_803	Afu2g10910, Afu7g05190, Afu7g06390, Afu8g01340, Afu8g07240	AN0713, AN3515, AN5917, AN6811, AN6834, AN7119, AN7344	An02g02810
OG0000061	F9C07_13006, F9C07_2067622, F9C07_2251076, F9C07_2286430, F9C07_5867, F9C07_7995, F9C07_857, F9C07_860	Afu2g15490, Afu3g00240, Afu5g00380, Afu5g00410		An02g04400, An03g02690, An03g05780, An09g03050, An11g04110, An12g06200
OG0000062	F9C07_11279, F9C07_2058860, F9C07_2108922, F9C07_2201613, F9C07_2280413, F9C07_2286780, F9C07_2287718, F9C07_3744, F9C07_5447	Afu4g00630, Afu5g00400	AN0744, AN2564, AN4153	An02g04430, An02g11030, An12g06040, An12g10270
OG0000063	F9C07_11905, F9C07_1245391, F9C07_1900, F9C07_2109798, F9C07_2205295, F9C07_2280553, F9C07_2280995, F9C07_2283822, F9C07_2286487, F9C07_2358, F9C07_6473	Afu2g12700		An01g01850, An03g03270, An04g04570, An11g06570, An12g02770, An14g05830
OG0000064	F9C07_1352570, F9C07_2065119, F9C07_2248975, F9C07_2253076, F9C07_2253448	Afu6g09307, Afu6g09780	AN0517, AN0541, AN0549, AN12279, AN8090, AN8481, AN8999, AN9390	An14g07420, An15g00840, An19g00100
OG0000065		Afu5g10140		An01g01280, An01g11290, An01g15000, An02g02780, An04g03770, An06g00770, An07g01220, An08g03640, An09g00870, An11g08620, An12g02860, An12g03110, An12g05380, An12g08620, An16g01590, An17g00120, An18g02650
OG0000066	F9C07_12180, F9C07_2222146, F9C07_2234067, F9C07_2278800	Afu3g00230, Afu5g07190, Afu6g11910, Afu6g12010, Afu6g14490	AN0479, AN0712, AN2227, AN2599, AN3903, AN7865	An03g05330, An17g00520
OG0000067	F9C07_10947, F9C07_172, F9C07_2237514, F9C07_2277624, F9C07_2287005, F9C07_6420	Afu2g00160, Afu2g00967, Afu2g17900, Afu3g02216, Afu7g00610	AN11904, AN7635	An02g00270, An07g01420, An10g00560, An12g10830
OG0000068	F9C07_1489796, F9C07_1924302, F9C07_2280651, F9C07_2281308, F9C07_2287017, F9C07_2304, F9C07_5444, F9C07_7492	Afu3g00630	AN0021	An01g07950, An01g07960, An01g07970, An01g11330, An06g02140, An06g02150, An14g07300
OG0000069	F9C07_1064633, F9C07_10959, F9C07_1526629, F9C07_2233750, F9C07_2287131, F9C07_2287633, F9C07_8846	Afu2g04560, Afu6g02770	AN10514, AN11791, AN2813, AN8603	An12g01730, An12g07780, An15g07860, An17g00810
OG0000070	F9C07_1489248, F9C07_1489887, F9C07_2066442, F9C07_2202819, F9C07_2276873, F9C07_2280557, F9C07_2285528	Afu3g13880	AN1294, AN5016, AN5321, AN7947, AN7948	An02g09690, An09g05120, An12g06560, An15g02210
OG0000071	F9C07_1105, F9C07_2205431, F9C07_2228003, F9C07_2240303, F9C07_2245791, F9C07_2281026, F9C07_2282833	Afu2g17990, Afu2g18040, Afu3g12930, Afu8g00210, Afu8g00250, Afu8g00620	AN10289, AN11080, AN11202	An07g02560
OG0000072	F9C07_2285822, F9C07_3261, F9C07_4931, F9C07_9380	Afu1g12560, Afu3g03870, Afu4g07850	AN1041, AN10419, AN11972, AN3860, AN7891, AN9524	An04g08550, An08g05230, An12g04610, An14g02670
OG0000073	F9C07_10739, F9C07_2228205, F9C07_7121	Afu3g08670, Afu5g11245, Afu6g07820, Afu7g06130, Afu8g01790	AN0178, AN10369, AN11079, AN12202, AN1930, AN3886, AN9387	An01g02360, An09g06200
OG0000074	F9C07_2282490	Afu5g01360	AN0338, AN10573, AN10887, AN1794, AN2040, AN3609, AN5360, AN6407, AN6485, AN6787, AN7932, AN8309, AN8615, AN9225, AN9313	
OG0000075	F9C07_1818, F9C07_2179892	Afu2g17160, Afu3g00580, Afu3g13630, Afu7g00570	AN0480	An01g07840, An04g04820, An05g01470, An09g04210, An09g06230, An11g03130, An13g01730, An13g01740, An15g01210, An18g05280
OG0000076		Afu1g01270, Afu4g09980	AN7522	An01g00680, An03g05460, An06g02670, An07g00080, An08g03780, An08g09230, An08g09940, An09g01950, An09g02590, An11g03540, An12g09560, An17g00440, An18g00260, An18g02680
OG0000077				An02g09120, An03g03110, An04g05900, An04g06790, An05g01980, An06g00090, An07g00900, An08g10220, An09g00770, An09g00980, An10g00740, An11g06380, An11g07250, An11g08670, An13g03740, An13g03760, An18g00790
OG0000078	F9C07_1381, F9C07_2205573, F9C07_2244723, F9C07_2276828, F9C07_2280380, F9C07_3753, F9C07_9389			An03g05750, An08g09320, An11g08320, An11g09130, An12g04520, An12g06050, An16g02610, An18g00480, An18g01720
OG0000079	F9C07_1482337, F9C07_2263458, F9C07_2287009, F9C07_5192, F9C07_8603	Afu3g04210	AN3380, AN7815, AN7880, AN9245, AN9407	An01g00060, An08g10930, An09g02010, An10g00630, An12g01980
OG0000080	F9C07_1273112, F9C07_1802828, F9C07_1919648, F9C07_2200420, F9C07_2202320, F9C07_2218933, F9C07_2221945, F9C07_2259770	Afu7g06240		An01g12000, An01g14430, An09g04960, An11g01940, An11g07070, An11g08130, An16g06380
OG0000081	F9C07_2217203, F9C07_2276930, F9C07_2277043, F9C07_2279183, F9C07_2280356, F9C07_2280375, F9C07_2280427, F9C07_2282686, F9C07_2283804, F9C07_2284296, F9C07_2286442, F9C07_2287141, F9C07_4161, F9C07_4162, F9C07_4282	Afu3g01410		
OG0000082	F9C07_1506211, F9C07_1609339, F9C07_1629417, F9C07_2098592, F9C07_2202166, F9C07_2210011, F9C07_2225083, F9C07_2231903, F9C07_2233783, F9C07_2256609, F9C07_2280667, F9C07_2285904, F9C07_2286085, F9C07_2287252	Afu5g00340		An16g01420
OG0000083	F9C07_10002, F9C07_12709, F9C07_1728270, F9C07_2058132, F9C07_2283880	Afu2g05340, Afu2g12850, Afu6g12410, Afu8g02130	AN11152, AN3730, AN7511	An02g03070, An03g06220, An09g00670, An16g06120
OG0000084	F9C07_1506953, F9C07_2280765, F9C07_2283434	Afu2g15320, Afu3g01940, Afu3g15380, Afu4g11060, Afu5g01520	AN10951, AN2707, AN5628, AN7167, AN7936	An01g14460, An04g09740, An19g00420
OG0000085	F9C07_2199619, F9C07_2235154, F9C07_2262897, F9C07_2278542, F9C07_2284538	Afu1g02350, Afu2g08910, Afu4g13830	AN0332, AN0489, AN6063	An01g05830, An01g07150, An01g08700, An01g14660, An12g04620
OG0000086	F9C07_1014798, F9C07_10217, F9C07_1606039, F9C07_1699, F9C07_1801, F9C07_2286595	Afu4g00370, Afu5g00470, Afu5g01240	AN2829, AN2879	An02g00340, An03g05880, An08g09020, An09g04990, An11g08900
OG0000087	F9C07_7491			An01g06920, An02g10110, An03g03070, An03g04880, An05g01110, An05g01700, An05g02470, An06g01090, An08g04860, An09g00060, An09g01700, An11g07780, An11g07820, An16g06740, An18g01380
OG0000088	F9C07_1914333, F9C07_2236696, F9C07_2286913, F9C07_2287147, F9C07_2287841	Afu3g03490, Afu8g00200	AN1313, AN5415, AN7852	An01g15010, An03g05430, An03g05480, An12g05370, An13g03370
OG0000089	F9C07_13174, F9C07_2282692, F9C07_2284724, F9C07_2285513, F9C07_2287059, F9C07_5492	Afu3g03440, Afu3g03640	AN0374, AN3160, AN6238, AN8365, AN8540	An03g03560, An07g06240
OG0000090	F9C07_12429, F9C07_2283122, F9C07_4542, F9C07_8115, F9C07_9265	Afu1g04350	AN11122, AN1596, AN2374, AN2715	An02g08200, An12g04360, An12g09700, An13g02340, An18g01750
OG0000091	F9C07_2162632, F9C07_2278702, F9C07_2282739, F9C07_2287253, F9C07_5506, F9C07_5854, F9C07_6678	Afu2g09540, Afu4g03800	AN6057, AN6321, AN7131	An13g03000, An14g01110, An16g06420
OG0000092	F9C07_12661, F9C07_2063431, F9C07_2280362	Afu4g14490	AN5397, AN6830, AN9170	An01g00860, An05g02340, An07g05530, An08g08450, An11g03580, An12g05810, An16g02020, An18g02690
OG0000093	F9C07_2098185, F9C07_2263974, F9C07_2276937, F9C07_2278471, F9C07_2286119, F9C07_3304, F9C07_6913, F9C07_9366	Afu1g17410, Afu8g02100	AN5976, AN7396	An11g00200, An14g01770, An15g04800
OG0000094	F9C07_11381, F9C07_12737, F9C07_13179, F9C07_1486279, F9C07_2107361, F9C07_2133501, F9C07_2235119, F9C07_2243643, F9C07_4561		AN0497, AN10720, AN6461, AN7380, AN9456	An01g11600
OG0000095	F9C07_11970, F9C07_12963, F9C07_2054673, F9C07_2098189, F9C07_2276945, F9C07_7788	Afu2g11610, Afu2g11620, Afu3g07380, Afu7g06380, Afu8g07070	AN10420, AN4843	An02g13240, An13g03710
OG0000096	F9C07_1954274, F9C07_2066552, F9C07_4499	Afu4g01440, Afu4g14530, Afu7g05500	AN3255	An02g11830, An06g02010, An07g02310, An08g01120, An08g07620, An08g09150, An16g01680, An18g02720
OG0000097	F9C07_10648, F9C07_2062078, F9C07_2224525, F9C07_2281027, F9C07_2285649, F9C07_5881	Afu2g14440, Afu5g03100	AN10389, AN1598, AN2202, AN3253, AN3256, AN8184, AN8437	
OG0000098	F9C07_2076324, F9C07_2277261, F9C07_2284520	Afu3g14540, Afu5g10270, Afu6g06470	AN10507, AN2530, AN3555, AN5781, AN7892	An09g01670, An15g05410, An18g00600, An18g06650
OG0000099	F9C07_11964, F9C07_1392463, F9C07_1609468, F9C07_1961967, F9C07_2409	Afu3g12190, Afu4g08840, Afu4g14620, Afu5g14650, Afu5g14845	AN1658, AN5051, AN5845	An04g03740, An15g05390
OG0000100	F9C07_1842673, F9C07_2204002, F9C07_2276657, F9C07_2278822, F9C07_579, F9C07_7600	Afu6g03920, Afu8g06450	AN10836, AN11366, AN6756, AN8656	An04g09810, An07g00790, An15g01590
OG0000101	F9C07_2125960, F9C07_2132922, F9C07_2227805, F9C07_5493, F9C07_6526, F9C07_7495	Afu4g06200	AN5260, AN6683, AN8537	An01g11280, An11g06510, An12g04370, An14g01260, An18g01470
OG0000102	F9C07_11110, F9C07_1848939, F9C07_2072388, F9C07_2233396, F9C07_9159	Afu4g00700, Afu4g11710	AN3339, AN7895, AN7914	An09g01880, An12g10890, An12g10910, An16g01630, An17g00640
OG0000103	F9C07_10155, F9C07_1197, F9C07_1876567, F9C07_2158571	Afu1g15670, Afu2g17530, Afu4g14280	AN0878, AN0901, AN6635	An01g13660, An01g14010, An03g03750, An04g10400, An05g02540
OG0000104	F9C07_2248557, F9C07_2282767, F9C07_3709, F9C07_7882	Afu1g13210	AN0660, AN11211, AN3352, AN4152, AN7955, AN8416	An03g05590, An07g00370, An08g06240, An13g03930
OG0000105	F9C07_2058990, F9C07_2276729	Afu1g01770, Afu3g02950	AN2250, AN2393, AN3545, AN8463, AN9347, AN9378	An02g10680, An04g08390, An08g04580, An11g03490, An15g04150
OG0000106	F9C07_1394405, F9C07_4614, F9C07_7097	Afu4g08600, Afu6g11430, Afu7g01000, Afu8g02310	AN0101, AN0554, AN1689, AN4126, AN5435, AN9034	An04g03400, An08g07290
OG0000107	F9C07_1267987, F9C07_8292, F9C07_8636	Afu1g10880, Afu3g10690, Afu7g01030	AN1189, AN2827, AN4920, AN5086, AN5088, AN8399	An02g06350, An08g03090, An19g00350
OG0000108	F9C07_1174434, F9C07_12148, F9C07_12716	Afu7g07000	AN10612, AN12441, AN5380, AN7064, AN9031	An02g12790, An03g00340, An03g06320, An05g02590, An08g09280
OG0000109	F9C07_12243, F9C07_13079, F9C07_1840655, F9C07_2066300, F9C07_2076710, F9C07_2175732, F9C07_2236734, F9C07_2281632, F9C07_505	Afu6g14150	AN5349, AN7923, AN8529	An06g01060
OG0000110	F9C07_12287, F9C07_1346, F9C07_1437, F9C07_2279106, F9C07_2282648, F9C07_2284182	Afu3g08530, Afu5g14490	AN1481, AN2985	An01g01245, An01g01810, An02g12220, An16g08080
OG0000111	F9C07_1015375, F9C07_10519, F9C07_1175182, F9C07_1371535, F9C07_2101231, F9C07_2110389, F9C07_2256681, F9C07_2283426, F9C07_2286992, F9C07_2287096, F9C07_2287097, F9C07_2287102, F9C07_2287116, F9C07_2287655			
OG0000112	F9C07_2173222, F9C07_4221	Afu7g06720		An01g02740, An01g14800, An02g00350, An03g05300, An04g04430, An08g09800, An09g00890, An10g00950, An11g03590, An13g03810, An17g00830
OG0000113	F9C07_11907, F9C07_1468664, F9C07_1678, F9C07_2054134, F9C07_2174302, F9C07_2287213, F9C07_3282, F9C07_8516	Afu8g01640	AN8105	An03g05680, An04g01150, An04g04380, An16g00600
OG0000114	F9C07_12791, F9C07_2250680, F9C07_2285493, F9C07_3534, F9C07_6029, F9C07_6341, F9C07_8748	Afu2g07920, Afu3g03480	AN5837	An02g10840, An04g08410, An05g00500, An16g08060
OG0000115	F9C07_12003, F9C07_2057089, F9C07_2227219, F9C07_2227624, F9C07_2287676, F9C07_4246, F9C07_7789	Afu1g16390, Afu3g00200, Afu3g00220, Afu3g01670, Afu6g14560, Afu8g04480	AN8347	
OG0000116	F9C07_1074, F9C07_12957, F9C07_1490307, F9C07_1719793, F9C07_2148639, F9C07_2221971, F9C07_2223132, F9C07_2228020, F9C07_2282641, F9C07_2283220, F9C07_4711, F9C07_6316		AN7976	An08g07430
OG0000117	F9C07_128, F9C07_1960868, F9C07_2277522, F9C07_2284282	Afu1g13440, Afu3g00680, Afu7g04180	AN1586, AN5690, AN8454	An02g10920, An03g00730, An07g06400, An13g00710
OG0000118	F9C07_2249224, F9C07_2264947, F9C07_2281662, F9C07_2286465, F9C07_9291	Afu8g01180	AN2584	An02g00060, An02g11050, An07g04430, An11g07280, An14g01350, An18g00040, An19g00130
OG0000119	F9C07_1195596, F9C07_1729504, F9C07_2160623, F9C07_2202647, F9C07_2260510, F9C07_2280482, F9C07_2285773	Afu4g01105, Afu6g12020	AN11195, AN8735	An04g06290, An08g09560, An12g05270
OG0000120	F9C07_1647406, F9C07_1776, F9C07_2103223, F9C07_7316, F9C07_7317	Afu8g05850	AN2230, AN2504, AN7917, AN8554	An02g03490, An09g00390, An15g04350, An17g00660
OG0000121	F9C07_1014321, F9C07_1257101, F9C07_2066320, F9C07_2066868, F9C07_2082311, F9C07_2107670, F9C07_2200740, F9C07_9411	Afu4g01510	AN1641	An09g01390, An12g03170, An16g00380, An18g01040
OG0000122	F9C07_1475649, F9C07_1727783, F9C07_2073811, F9C07_5512	Afu4g03750	AN10428, AN10662, AN6778, AN7137, AN9294, AN9336	An01g02140, An14g01160, An16g00720
OG0000123	F9C07_2133688, F9C07_2164288, F9C07_2203831, F9C07_2234443, F9C07_2285584, F9C07_5793	Afu2g14640, Afu7g00810, Afu7g06910	AN3203	An05g01250, An05g01260, An12g07270, An14g02930
OG0000124	F9C07_2125690, F9C07_2148246, F9C07_2199424, F9C07_2206546, F9C07_2231898, F9C07_2251722, F9C07_2252535, F9C07_2729, F9C07_837	Afu6g13380	AN5453	An08g09040, An11g07620, An13g03860
OG0000125	F9C07_2200163, F9C07_2232294, F9C07_6419	Afu3g15220, Afu4g09260, Afu6g11540, Afu7g04765	AN10042	An04g09580, An08g01130, An11g01710, An12g08300, An15g02610, An15g05580
OG0000126	F9C07_10475, F9C07_10550, F9C07_1092, F9C07_2091970, F9C07_2151968, F9C07_2286702, F9C07_7752, F9C07_7942	Afu3g14970, Afu5g11320, Afu8g01090	AN0170	An01g02500, An18g03380
OG0000127	F9C07_10009, F9C07_1001217, F9C07_2217353, F9C07_2277571	Afu1g06810, Afu6g12930	AN3894, AN5300, AN5525, AN7642	An02g11040, An08g10530, An09g03870, An16g05760
OG0000128	F9C07_1001519, F9C07_1032790, F9C07_1758580, F9C07_2154302, F9C07_2199721, F9C07_2233501	Afu5g00700, Afu5g14670	AN3346, AN3348	An12g09990, An16g01170, An16g06080, An18g00980
OG0000129	F9C07_2255725, F9C07_2276961, F9C07_2278698, F9C07_2776, F9C07_9982	Afu1g00990, Afu3g15350, Afu5g01530, Afu7g00840	AN0525, AN2369, AN2469, AN7268, AN7999	
OG0000130	F9C07_2280333	Afu1g00230, Afu6g09390, Afu7g08630	AN11267, AN12063, AN1663, AN7123	An01g08970, An03g00970, An06g00570, An06g00580, An07g02510, An08g12110
OG0000131	F9C07_12181, F9C07_2111143, F9C07_6478	Afu7g00220	AN2614, AN8112, AN8889	An03g05320, An04g02790, An08g09350, An13g03250, An14g01600, An16g06220
OG0000132	F9C07_2177004, F9C07_2236451, F9C07_2246, F9C07_2276808, F9C07_5016, F9C07_7814	Afu5g14120	AN7821, AN8155	An02g01090, An11g02460, An12g03210, An12g06400
OG0000133	F9C07_2263418, F9C07_2285054	Afu1g01690, Afu6g03090, Afu7g01160	AN9384	An01g00510, An02g10700, An03g00180, An03g02570, An09g01270, An11g04220, An11g07010
OG0000134	F9C07_2152754, F9C07_2278460, F9C07_2286961	Afu1g15440, Afu2g11270, Afu3g00910	AN3307, AN5885	An02g03260, An04g09890, An09g03070, An12g02450, An15g07810
OG0000135	F9C07_2054314, F9C07_2287016	Afu3g14730, Afu5g00110, Afu7g00200, Afu7g00260, Afu7g00300	AN9189, AN9305	An01g01290, An08g05340, An08g05350, An18g00300
OG0000136	F9C07_12995, F9C07_2229056, F9C07_2247681, F9C07_2276726, F9C07_4556, F9C07_9290		AN10036	An02g01100, An08g08560, An09g05070, An11g09140, An12g02800, An15g04580
OG0000137	F9C07_2062244, F9C07_2199660, F9C07_2283253, F9C07_2287098, F9C07_2287156	Afu3g02670	AN2064, AN2924	An11g03670, An11g04250, An12g10090, An12g10860, An13g02460
OG0000138	F9C07_1479911, F9C07_1526396, F9C07_1925775, F9C07_2110133, F9C07_2283708, F9C07_2284221, F9C07_2287693, F9C07_969	Afu3g14160	AN1323, AN3529, AN7778	An11g03070
OG0000139	F9C07_1183598, F9C07_2107605, F9C07_2233664, F9C07_2260563, F9C07_2263858, F9C07_2276967, F9C07_540	Afu8g01380	AN0616	An02g07330, An12g06460, An16g04060, An18g00750
OG0000140	F9C07_1934615, F9C07_2232143, F9C07_2232530, F9C07_6492, F9C07_8665	Afu3g15000	AN10332, AN2562, AN2699, AN2783, AN6949	An09g01110, An09g02880
OG0000141	F9C07_10205, F9C07_12720, F9C07_9439	Afu2g17950	AN11097, AN4607, AN5023, AN8106	An02g00230, An04g06010, An06g02640, An07g01730, An13g02050
OG0000142	F9C07_10189, F9C07_2258758, F9C07_2285576, F9C07_2287425, F9C07_8142	Afu8g02520	AN11149, AN7634, AN8341	An03g06540, An08g09550, An15g05130, An15g07570
OG0000143	F9C07_1813063, F9C07_1954184, F9C07_2156698, F9C07_2161819	Afu1g12940, Afu5g09100	AN1017, AN4668, AN5511	An07g03980, An08g05850, An12g05120, An18g05270
OG0000144	F9C07_2248249, F9C07_2280409, F9C07_2282886	Afu5g03960, Afu5g06840, Afu6g13720	AN0509, AN10502, AN10838, AN5038, AN7613	An11g05860, An12g05330
OG0000145	F9C07_13098, F9C07_1808031, F9C07_2225359, F9C07_2282832, F9C07_2283842, F9C07_8696, F9C07_9771	Afu3g02600, Afu5g01210	AN7214	An01g00600, An12g07220, An16g00660
OG0000146	F9C07_2157020, F9C07_2224625, F9C07_7868	Afu3g14720	AN12217	An02g08330, An02g12930, An03g01790, An07g00060, An09g00550, An11g05550, An11g06420, An16g00050
OG0000147	F9C07_191, F9C07_1959235, F9C07_2164504, F9C07_8307	Afu1g10790, Afu6g13760, Afu7g04720	AN10672, AN1197, AN3764	An08g03060, An08g08370, An13g01260
OG0000148	F9C07_2153365, F9C07_2278348, F9C07_5158	Afu2g12550, Afu6g13780	AN6277, AN7390, AN8077	An02g01480, An07g01090, An11g08990, An16g01040, An16g01660
OG0000149	F9C07_2065740, F9C07_2280481, F9C07_2281034, F9C07_9392		AN10908, AN6771	An03g01700, An03g06630, An04g09710, An06g00350, An06g00460, An07g04470, An16g08070
OG0000150	F9C07_2061931, F9C07_2063262, F9C07_2278914, F9C07_2283191, F9C07_2285715	Afu7g04880, Afu8g06750	AN0487, AN1607	An04g10340, An08g09120, An11g00680, An15g04860
OG0000151	F9C07_2061017, F9C07_2143575, F9C07_2276959	Afu3g03240, Afu6g09880	AN0528, AN3997, AN6429, AN7898, AN8366, AN8413, AN8507, AN8995	
OG0000152	F9C07_2137450, F9C07_2225105, F9C07_2282195, F9C07_2282737, F9C07_2282738, F9C07_3326, F9C07_7069	Afu6g11850, Afu8g00120	AN3539, AN3540	An13g03440, An14g03230
OG0000153	F9C07_2164201, F9C07_2278374, F9C07_2280371, F9C07_2286194, F9C07_3564	Afu3g01400, Afu4g01050	AN3247, AN3329, AN8489	An13g03060, An14g02610, An14g03570
OG0000154	F9C07_3816, F9C07_4830, F9C07_6550	Afu3g14680, Afu4g08720, Afu5g01340	AN1675, AN7792	An02g13220, An04g03590, An05g01010, An09g01240, An18g01090
OG0000155	F9C07_1585570, F9C07_2074714, F9C07_2281328, F9C07_2281329, F9C07_2284255, F9C07_302, F9C07_6938	Afu4g13970, Afu6g00680	AN8625	An06g00940, An11g07050, An11g07180
OG0000156	F9C07_11945, F9C07_1839, F9C07_2284117, F9C07_2285900, F9C07_367	Afu3g00170, Afu3g07220, Afu6g00520	AN11144, AN4824, AN8627	An02g13520, An12g10160
OG0000157	F9C07_1602977, F9C07_2198012, F9C07_2199787, F9C07_2227853, F9C07_2278574, F9C07_2281458, F9C07_2282610	Afu2g05840, Afu4g00470, Afu4g00480	AN7466	An02g14470, An18g00700
OG0000158	F9C07_2101178, F9C07_222, F9C07_2277506, F9C07_4545, F9C07_8481, F9C07_8482	Afu1g02450, Afu1g14895, Afu2g17815, Afu4g04140	AN11036, AN2362	An03g00240
OG0000159	F9C07_2976, F9C07_4589, F9C07_509	Afu2g04320, Afu7g06420	AN1882, AN6753, AN9044	An01g11390, An02g01330, An02g10930, An03g00910, An07g00820
OG0000160	F9C07_1095383, F9C07_1116, F9C07_1191900, F9C07_594	Afu1g16190, Afu6g03230, Afu6g08510	AN0933, AN11979, AN3914	An01g11010, An11g01540, An13g02510
OG0000161	F9C07_1360555, F9C07_2130318, F9C07_2277616	Afu3g11280, Afu7g08490, Afu8g01410	AN4871, AN5454, AN7886	An02g07020, An04g04670, An08g09030, An11g01160
OG0000162	F9C07_4328, F9C07_4552	Afu1g17220, Afu4g13920, Afu8g01970	AN4372, AN8327	An01g11520, An01g14670, An02g04900, An05g02440, An15g05370, An16g06990
OG0000163	F9C07_11520, F9C07_2074927, F9C07_2205087, F9C07_2284650	Afu7g02550	AN11941, AN3700, AN9064	An05g02260, An08g09380, An12g00030, An15g04610, An16g01700
OG0000164		Afu1g02750, Afu8g01430		An02g08310, An03g04870, An04g04480, An08g03740, An08g03820, An11g04270, An11g06440, An12g02500, An12g06300, An13g02940, An14g01940
OG0000165		Afu8g00560, Afu8g00760	AN10613, AN10776, AN11192, AN2727, AN7399, AN8358	An03g00580, An06g02660, An06g02700, An10g00110, An18g01480
OG0000166			AN0368, AN0621, AN2661, AN2711, AN2796, AN2950, AN3980, AN7094, AN7756, AN7833, AN7977, AN8207, AN8648	
OG0000167				An02g00700, An02g06510, An03g05710, An05g01900, An05g01910, An06g01430, An08g02020, An08g02050, An09g02660, An12g09710, An14g06130, An14g07080, An14g07100
OG0000168	F9C07_12271, F9C07_2223747, F9C07_7320	Afu2g11520, Afu5g01160, Afu7g00950	AN3357, AN4277, AN5860	An02g03540, An03g02190, An05g01290
OG0000169	F9C07_11528, F9C07_2077122, F9C07_2249315, F9C07_2287011	Afu1g11050, Afu3g01230	AN1889, AN4337, AN6958, AN8467	An05g02010, An18g00440
OG0000170	F9C07_1139980, F9C07_2287088	Afu5g09740, Afu6g01840	AN2375, AN6062, AN8535, AN8636	An03g02000, An12g07190, An12g09580, An13g02400
OG0000171	F9C07_1586756, F9C07_2287188	Afu4g03110, Afu5g00280, Afu5g01080, Afu5g10690	AN2475	An07g01260, An09g02930, An10g01030, An14g02740, An14g03990
OG0000172	F9C07_1932034, F9C07_2125738, F9C07_2287337, F9C07_4198	Afu3g03315, Afu6g14580	AN2695	An01g00690, An02g07950, An02g08190, An03g06080, An08g11000
OG0000173	F9C07_1344081, F9C07_1830540, F9C07_2200113, F9C07_2287320	Afu5g08150, Afu5g10510	AN6779, AN8957	An12g04190, An13g02330, An14g03290, An15g05290
OG0000174	F9C07_2236951, F9C07_2279085, F9C07_2279768	Afu2g04060, Afu2g17960	AN12101, AN5228, AN9345	An05g02240, An07g08760, An08g09330, An11g08510
OG0000175	F9C07_1374, F9C07_1937417, F9C07_2261073, F9C07_4606	Afu7g01980, Afu8g02430	AN11177, AN3030, AN5355	An03g06430, An12g00670, An16g02510
OG0000176	F9C07_11879, F9C07_1602624, F9C07_2206167, F9C07_2234532, F9C07_2260218, F9C07_2277523, F9C07_2283316	Afu3g00690	AN3290	An03g00750, An04g06000, An12g05220
OG0000177	F9C07_10157, F9C07_1389856, F9C07_2287654, F9C07_7429	Afu5g00960	AN4040, AN7213, AN7394	An01g11560, An10g00910, An11g01220, An18g01180
OG0000178	F9C07_12910, F9C07_2281607, F9C07_605, F9C07_6695	Afu8g05690	AN7171, AN7374	An03g00200, An03g01940, An04g09830, An08g08870, An15g04640
OG0000179	F9C07_2199352, F9C07_2256059, F9C07_2287828	Afu4g01560, Afu7g05830, Afu8g06870	AN10845, AN3210, AN5323	An06g00260, An07g02060, An14g02700
OG0000180	F9C07_2200421, F9C07_2287833, F9C07_4270, F9C07_5320, F9C07_8657	Afu2g14340	AN10301, AN11825	An02g00910, An08g01260, An11g03990, An18g02800
OG0000181	F9C07_11888, F9C07_2281459, F9C07_5191		AN7881	An04g08510, An05g01120, An09g02000, An10g00660, An11g03940, An12g04250, An14g03870, An14g07320
OG0000182	F9C07_1832572, F9C07_2162060, F9C07_2202260, F9C07_2232108, F9C07_2257225		AN6322	An05g01040, An08g01460, An11g04710, An11g09210, An12g02620, An19g00050
OG0000183	F9C07_2200569			An01g05900, An02g09420, An02g13980, An10g00150, An12g01150, An12g03530, An13g02060, An14g03110, An14g03850, An15g07900, An16g06370
OG0000184	F9C07_1359662, F9C07_2059841, F9C07_2200574, F9C07_9617	Afu5g14620	AN2644, AN6667, AN8161, AN8460	An01g12120, An11g05470, An15g04790
OG0000185	F9C07_1000767, F9C07_1715, F9C07_2280507, F9C07_5814	Afu2g09380, Afu4g03210, Afu4g14120	AN5309, AN7180, AN7541	An11g00110, An14g02170
OG0000186	F9C07_1003, F9C07_11123, F9C07_2278386, F9C07_4377, F9C07_5294, F9C07_726, F9C07_987	Afu4g00920	AN11798, AN2663, AN3232, AN3311	
OG0000187	F9C07_1680469, F9C07_1843868	Afu3g01190, Afu3g03740, Afu5g05750, Afu6g02242	AN10082	An01g11200, An04g08230, An06g01160, An15g00860, An15g04450
OG0000188	F9C07_10109, F9C07_10476, F9C07_2199269, F9C07_2224867, F9C07_5712, F9C07_6953	Afu1g16890, Afu5g00920	AN6582, AN9049	An05g01650, An12g06440
OG0000189	F9C07_2103759	Afu1g16030, Afu5g06880, Afu5g14930, Afu7g08590	AN9197	An01g11430, An07g06380, An08g01820, An08g11450, An12g03140, An18g02780
OG0000190	F9C07_1195676, F9C07_1893998, F9C07_2197607, F9C07_2279674, F9C07_9111	Afu1g00150, Afu1g06120, Afu4g04415, Afu6g09370		An08g11650, An11g05120, An14g00420
OG0000191	F9C07_1380542, F9C07_2212290, F9C07_2260437, F9C07_3251, F9C07_332	Afu6g11660	AN6462	An01g11610, An08g07280, An10g00040, An11g08890, An12g02360
OG0000192	F9C07_2281440, F9C07_3205	Afu8g00950	AN3533, AN6759, AN9293	An02g05160, An02g10690, An02g10990, An11g09150, An17g00650, An17g00800
OG0000193	F9C07_10194, F9C07_11014, F9C07_2282727, F9C07_3252	Afu1g12440, Afu1g12460	AN8970, AN9181	An01g11070, An11g04060, An12g03270, An16g00990
OG0000194	F9C07_2158957, F9C07_2285221, F9C07_763	Afu3g12370, Afu5g08560	AN10305, AN3088, AN4718, AN6127	An02g08020, An07g05080, An10g00680
OG0000195	F9C07_2227307, F9C07_2283888	Afu4g09470, Afu8g00190	AN0606, AN7066	An04g02950, An04g08440, An06g00760, An07g02570, An11g02510, An11g03470
OG0000196	F9C07_2284078, F9C07_6951	Afu2g18020, Afu6g09620, Afu6g13990	AN10813, AN2548, AN9250	An07g09770, An09g02790, An12g05630, An16g08610
OG0000197	F9C07_10185, F9C07_11043, F9C07_2276714, F9C07_6360	Afu4g12260, Afu8g06610	AN3658	An01g07530, An01g11760, An08g09570, An14g01540, An18g04620
OG0000198	F9C07_11298, F9C07_2279748, F9C07_8692	Afu2g03830, Afu3g00710, Afu3g02940	AN3804, AN8461, AN9377	An01g00550, An03g00770, An07g08400
OG0000199	F9C07_1118168, F9C07_1183043, F9C07_1816988, F9C07_2162123, F9C07_2254463, F9C07_2285485	Afu5g12740, Afu8g02460	AN11031	An08g00810, An15g07600, An16g00780
OG0000200	F9C07_10861	Afu5g06240, Afu7g01010	AN0100, AN10667, AN2286, AN6813, AN8979	An01g01590, An03g01355, An13g03330, An17g01530
OG0000201	F9C07_2058888, F9C07_2153173, F9C07_9994	Afu5g10070	AN10471, AN8921	An01g09740, An04g02170, An08g09450, An11g08060, An11g08440, An19g00170
OG0000202	F9C07_11509, F9C07_2065790, F9C07_2835	Afu7g00710	AN11823, AN2840	An01g01600, An01g12190, An02g10170, An03g00170, An11g00260, An16g01690
OG0000203	F9C07_1239454, F9C07_1473050, F9C07_2201513, F9C07_2201867	Afu5g02270, Afu6g10010	AN10961, AN11073, AN2122	An03g01200, An07g06360, An11g05310
OG0000204	F9C07_2281754	Afu3g09230	AN7521	An02g13340, An06g00340, An08g08030, An10g00780, An12g02340, An12g05590, An13g02160, An13g03800, An16g00030
OG0000205	F9C07_2204759, F9C07_2282817, F9C07_7819, F9C07_9045		AN10860, AN1616, AN4831, AN7805	An02g13490, An07g04560, An08g09700, An15g04940
OG0000206	F9C07_2277572, F9C07_2284542	Afu4g00220, Afu4g14570, Afu6g12940, Afu7g00120	AN0149, AN5524, AN6001, AN7070	An08g10520, An11g07320
OG0000207	F9C07_9529	Afu1g00570, Afu1g00940, Afu7g07110, Afu7g08410	AN12313	An03g03040, An03g03280, An04g07595, An08g11620, An12g07000, An13g03530
OG0000208		Afu3g13560		An05g01890, An07g00270, An07g00280, An07g00590, An07g00600, An07g01660, An07g01670, An11g03950, An11g08050, An14g07310, An18g00280
OG0000209			AN0793, AN10180, AN11621, AN12258, AN3283, AN3340, AN6384, AN7363, AN8115, AN8364, AN8533, AN8611	
OG0000210	F9C07_2110222, F9C07_7654	Afu3g15150, Afu3g15280, Afu6g03300		An01g08730, An04g06270, An06g00230, An07g00190, An08g06890, An18g02750
OG0000211	F9C07_12155, F9C07_1498596, F9C07_2199683, F9C07_2218527, F9C07_9660	Afu6g03310	AN8384, AN9292	An09g02330, An12g02830, An12g05660
OG0000212	F9C07_2236505	Afu3g03550	AN1029, AN2036, AN3385, AN6788, AN7896	An09g01870, An12g02040, An12g02210, An14g01670
OG0000213	F9C07_12267, F9C07_8411	Afu7g01070, Afu8g07030	AN2709, AN3297, AN3358, AN6427, AN7639, AN9276	An05g01320
OG0000214	F9C07_1181682, F9C07_1919633, F9C07_1923, F9C07_3589	Afu3g02920, Afu4g14680, Afu5g01100	AN1829, AN2957	An02g11270, An04g08040
OG0000215	F9C07_12337, F9C07_1280, F9C07_13081, F9C07_2106208, F9C07_2203699	Afu4g07950, Afu6g00560	AN4144, AN8311	An02g07910, An11g07840
OG0000216	F9C07_12379, F9C07_12434, F9C07_2237739	Afu1g01630, Afu8g07330	AN2037, AN8060, AN8619	An09g05140, An12g07130, An12g10640
OG0000217	F9C07_11293, F9C07_1540, F9C07_1642390, F9C07_2216262	Afu7g06920	AN1600, AN4608	An03g05420, An11g01340, An12g02630, An16g00740
OG0000218	F9C07_12469, F9C07_1723652, F9C07_2232387, F9C07_2278798	Afu6g12060	AN0147, AN2642, AN8199	An02g05080, An02g05170, An09g01440
OG0000219	F9C07_2226421, F9C07_2285581, F9C07_2286860, F9C07_2287259, F9C07_2287795	Afu6g12030, Afu6g14610	AN11954, AN12368, AN7151	An04g09070
OG0000220	F9C07_1507229, F9C07_2110664, F9C07_2225577, F9C07_2284459	Afu2g00110, Afu6g08340	AN10487, AN6883	An02g14720, An11g01720, An12g05190
OG0000221	F9C07_2054, F9C07_2277868, F9C07_2287289	Afu3g12120, Afu4g00180, Afu4g10770	AN1967, AN5028, AN6320	An02g07930, An04g05880
OG0000222	F9C07_1145461, F9C07_1724532, F9C07_2174067, F9C07_7852, F9C07_8095		AN2390, AN3672, AN7953, AN9350	An01g07760, An01g15100
OG0000223	F9C07_1936368, F9C07_2261993	Afu6g14670, Afu6g14690, Afu6g14720	AN11577, AN5092, AN5248, AN6971, AN9507	An04g06360
OG0000224	F9C07_12890, F9C07_2174197	Afu1g11350, Afu3g03500, Afu4g01360, Afu5g09940	AN2625, AN9370	An08g08220, An08g08710, An10g00700
OG0000225	F9C07_1866164, F9C07_2287346, F9C07_4926	Afu2g09850, Afu4g07940	AN0102, AN3855, AN5854, AN6031	An04g02300, An16g05340
OG0000226	F9C07_12735, F9C07_2281933	Afu1g01330, Afu2g17870, Afu3g00150	AN10469, AN11096	An11g04290, An13g02310, An16g06470, An18g00010
OG0000227	F9C07_1473740, F9C07_1940397, F9C07_2200924	Afu3g13650, Afu8g05805	AN0852, AN10820, AN8890	An02g06090, An11g04100, An14g02900
OG0000228	F9C07_13173, F9C07_2282848, F9C07_2284725, F9C07_3859	Afu1g12690, Afu3g03430, Afu3g03670	AN0404, AN6237	An03g03620, An08g05450
OG0000229	F9C07_1954908, F9C07_2284904, F9C07_2606	Afu3g03390, Afu3g10390, Afu7g00330	AN4948, AN6239, AN6793	An03g03530, An16g04320
OG0000230	F9C07_1956142, F9C07_2070656, F9C07_2286036, F9C07_4741, F9C07_581, F9C07_6882, F9C07_8116	Afu1g17730, Afu6g10120	AN11094, AN8409	
OG0000231	F9C07_2224608, F9C07_2283881, F9C07_4280, F9C07_470, F9C07_7041	Afu7g05350, Afu7g05920	AN4135, AN6731	An07g01960, An12g09940
OG0000232	F9C07_1481371, F9C07_1794, F9C07_2287697, F9C07_3399, F9C07_5406	Afu4g00340, Afu5g10670	AN0949, AN2830	An01g10800, An18g01130
OG0000233	F9C07_2175941, F9C07_2286658, F9C07_7442	Afu4g03290, Afu4g13520, Afu8g00280, Afu8g04680	AN12306	An12g10060, An13g01690, An14g07010
OG0000234	F9C07_12897, F9C07_1724531, F9C07_2075219, F9C07_2154854, F9C07_2201210, F9C07_2236210, F9C07_2257787, F9C07_2285067, F9C07_2285833, F9C07_5233	Afu1g01480		
OG0000235	F9C07_2062943, F9C07_2227798	Afu1g01680	AN0385, AN7876, AN8511	An01g06530, An05g01100, An09g01990, An10g00620, An12g02890
OG0000236	F9C07_2234413, F9C07_2262290, F9C07_6614	Afu7g00440, Afu8g01450, Afu8g06090, Afu8g06580	AN7958, AN8726	An02g09540, An03g00430
OG0000237	F9C07_2159003, F9C07_2229282	Afu1g00350, Afu1g16040, Afu5g00260, Afu5g14940, Afu7g07120, Afu8g06210	AN7981, AN9023	An08g12090
OG0000238	F9C07_2257242, F9C07_5386	Afu1g00790, Afu1g16070, Afu5g14980	AN11586, AN9021	An03g01400, An04g07620, An08g12070, An12g06880
OG0000239	F9C07_1812879, F9C07_2202507, F9C07_5458	Afu5g09150, Afu5g14340	AN12100, AN8561	An01g14000, An07g03950, An14g05760, An18g01460
OG0000240	F9C07_1202954, F9C07_2232074, F9C07_2279341, F9C07_2280759, F9C07_2281730, F9C07_2286173	Afu1g17190	AN0609, AN5272	An06g01320, An12g02750
OG0000241	F9C07_2280930, F9C07_8699, F9C07_9989	Afu2g10240, Afu6g09900	AN2378, AN5984	An04g09480, An09g01970, An11g07950, An16g04750
OG0000242	F9C07_1565, F9C07_5856	Afu2g09520, Afu6g07480, Afu6g11600, Afu8g01950	AN1285, AN5214	An01g11670, An07g08950, An16g06800
OG0000243	F9C07_10908, F9C07_2068415, F9C07_2282881, F9C07_3331	Afu5g07490	AN12088, AN3488, AN4151, AN5421	An11g00210, An14g01660
OG0000244	F9C07_2233731, F9C07_2240449, F9C07_2282637, F9C07_3254	Afu3g14420, Afu5g00760	AN2523, AN4367	An03g06360, An09g04010, An12g10380
OG0000245	F9C07_10222, F9C07_1606356, F9C07_2283105, F9C07_2284505, F9C07_3278, F9C07_6606	Afu4g00940	AN10565, AN7074	An03g02550, An14g01280
OG0000246	F9C07_3415, F9C07_5026	Afu4g07020	AN2590, AN4424, AN7984	An04g02840, An04g08560, An07g01860, An11g03500, An12g06530
OG0000247	F9C07_2108526, F9C07_2153911, F9C07_3647	Afu1g13780, Afu2g13860	AN0734, AN12228, AN2426	An02g05240, An08g06940, An18g02910
OG0000248	F9C07_11012, F9C07_1824883, F9C07_2283363	Afu3g14210, Afu4g12510, Afu6g00620	AN3215, AN8609	An01g07990, An09g04200, An12g01650
OG0000249	F9C07_1239333, F9C07_2157031, F9C07_9085	Afu2g04550, Afu5g12950	AN1865, AN6848, AN8084	An01g00820, An11g03700, An14g06260
OG0000250	F9C07_10749, F9C07_2284168, F9C07_2286450	Afu4g12040, Afu4g14770, Afu5g04080	AN11065, AN8249	An07g06150, An09g01330, An09g06490
OG0000251	F9C07_10378, F9C07_10649, F9C07_1628021, F9C07_2126631, F9C07_2284603	Afu5g03110	AN11053	An01g14890, An09g05280, An13g03300, An19g00200
OG0000252	F9C07_2199184, F9C07_2204561, F9C07_2217297, F9C07_2221926, F9C07_2276856, F9C07_2281907	Afu4g08240	AN3873, AN6439, AN9366	An04g02690
OG0000253	F9C07_2074042, F9C07_2159751, F9C07_250, F9C07_4268	Afu2g14350, Afu3g03230	AN10295, AN7219	An01g00940, An02g00870, An08g03810
OG0000254	F9C07_2068167, F9C07_2197654, F9C07_9306	Afu2g14320, Afu3g13130, Afu4g00730, Afu8g01530	AN5325, AN8638	An01g01230, An12g10710
OG0000255	F9C07_236, F9C07_2488, F9C07_6162, F9C07_9102	Afu5g13090, Afu6g04450	AN6571, AN6857	An04g06730, An14g06060, An15g00920
OG0000256	F9C07_1803, F9C07_4477, F9C07_565, F9C07_6592	Afu4g00610	AN8329, AN9011	An02g00400, An08g08250, An12g04530, An12g10020
OG0000257	F9C07_11308, F9C07_12107, F9C07_2236292, F9C07_2281442	Afu3g05660	AN10410, AN8934	An04g08320, An11g10970, An12g01250, An12g02370
OG0000258	F9C07_11416, F9C07_1473703, F9C07_1774, F9C07_8508	Afu5g14500, Afu6g00130	AN0614, AN1681, AN2729	An11g03900, An13g03310
OG0000259	F9C07_11419, F9C07_1397175	Afu3g09190, Afu4g08230	AN1679, AN4829	An01g14370, An01g14880, An04g02670, An05g02070, An16g01720
OG0000260	F9C07_1366278, F9C07_2281462, F9C07_2977, F9C07_9719	Afu1g17725, Afu2g04290, Afu3g14760	AN1884	An01g06910, An11g02990, An15g05070
OG0000261	F9C07_1373286, F9C07_2230354, F9C07_2285517	Afu3g12200, Afu5g13850, Afu6g10050, Afu6g10220	AN7188	An11g01040, An11g05350, An14g05290
OG0000262	F9C07_11707, F9C07_2201555, F9C07_2282612	Afu2g13630	AN4156, AN5041, AN6338, AN8516	An02g00030, An02g05540, An15g02460
OG0000263	F9C07_5043, F9C07_9763	Afu4g06860	AN0527, AN11584, AN12330, AN4396, AN7883, AN7894	An04g01270, An11g03830
OG0000264	F9C07_2099045, F9C07_2125830, F9C07_7253, F9C07_9269		AN2041	An03g01890, An07g04410, An11g04970, An11g06520, An16g01460, An16g06600
OG0000265	F9C07_2285024, F9C07_7400, F9C07_9996	Afu3g03980, Afu5g10050	AN10479, AN8919, AN9218	An01g00240, An01g09760, An08g09470
OG0000266	F9C07_1895, F9C07_2074187, F9C07_2276933, F9C07_2286431, F9C07_6720	Afu5g02040, Afu7g04950	AN10605, AN8046	An09g02180, An16g01880
OG0000267	F9C07_1677825	Afu4g01230	AN12342, AN3304	An02g08340, An03g00230, An05g01440, An13g01860, An16g01200, An16g06090, An18g00960
OG0000268	F9C07_1723127	Afu6g13970, Afu7g00270, Afu8g02380	AN11206, AN1786, AN6018, AN8140, AN8378, AN9230	An11g02480
OG0000269		Afu1g00960, Afu1g01030, Afu6g09380, Afu7g07070, Afu7g07080		An03g03060, An08g11260, An08g11510, An08g11520, An08g12210, An12g06430
OG0000270		Afu1g10390, Afu3g01720, Afu5g12720	AN0015, AN11934, AN3472, AN7272, AN7839, AN7879, AN8150	An08g02330
OG0000271		Afu2g13920	AN10066, AN10127, AN10329, AN2865, AN4079, AN4291, AN5956, AN8557, AN9416	An01g10550
OG0000272	F9C07_12929, F9C07_2224030, F9C07_2420	Afu3g12100, Afu5g14780, Afu6g03420	AN10506, AN5021	An02g07770, An18g01640
OG0000273	F9C07_12173, F9C07_2068823, F9C07_2199242, F9C07_2259280, F9C07_2278809, F9C07_2281346		AN2575	An01g11220, An07g02370, An15g07470
OG0000274	F9C07_1430, F9C07_2223394, F9C07_2286904	Afu7g04680	AN3949, AN7915, AN9329	An07g07630, An07g09760, An08g08240
OG0000275	F9C07_2135790, F9C07_2230171, F9C07_2286934	Afu2g17850, Afu3g14770		An01g06880, An04g06350, An08g03830, An11g08530, An12g01380
OG0000276	F9C07_11294, F9C07_12238, F9C07_1591341, F9C07_2230705, F9C07_2237644, F9C07_2287266, F9C07_2287591, F9C07_9595			An06g00740, An11g09420
OG0000277	F9C07_12256, F9C07_2078686, F9C07_6892		AN0530, AN1033, AN2033, AN3227, AN3382, AN7902	An09g01840
OG0000278	F9C07_1831685, F9C07_1917429, F9C07_2231124, F9C07_2280660, F9C07_2282222	Afu7g01090	AN1581, AN3359	An12g03460, An12g10130
OG0000279	F9C07_12311, F9C07_2232525, F9C07_2281748, F9C07_2287545		AN2198, AN3570, AN6484	An07g00630, An07g05690, An13g02600
OG0000280	F9C07_12321, F9C07_12816, F9C07_2204576	Afu2g08050, Afu8g02600	AN3249, AN5850, AN8896	An03g06710, An18g00290
OG0000281	F9C07_12382, F9C07_2280620, F9C07_7755		AN2578, AN6457, AN7823, AN7924, AN8395	An06g00720, An10g01000
OG0000282	F9C07_10943, F9C07_12406, F9C07_498	Afu5g09720, Afu6g03510	AN6658	An08g01910, An09g02560, An12g06090, An13g02480
OG0000283	F9C07_1737534, F9C07_2058245, F9C07_2075748, F9C07_8153	Afu6g00530	AN10300, AN8938	An05g02020, An07g00840, An09g01200
OG0000284	F9C07_2202719, F9C07_2236682, F9C07_2264089	Afu1g13270, Afu2g04300, Afu8g01280, Afu8g02590	AN0666, AN8897	An08g06340
OG0000285	F9C07_2110507, F9C07_2281168, F9C07_2285519	Afu2g07550, Afu4g14740	AN5815	An05g00100, An07g04870, An11g05010, An11g05110
OG0000286	F9C07_2208759, F9C07_2287142, F9C07_6893		AN0529, AN1032, AN2031, AN6789, AN7899	An03g01810, An09g01790
OG0000287	F9C07_1930349, F9C07_2278583, F9C07_8518, F9C07_8679	Afu5g10530	AN9134	An11g06320, An11g08700, An12g00950, An14g04200
OG0000288	F9C07_1034, F9C07_2075543, F9C07_2278511, F9C07_2287227, F9C07_9403	Afu1g16810, Afu7g06840	AN0991, AN6930	An01g10100
OG0000289	F9C07_12616, F9C07_12680, F9C07_1436748, F9C07_2276663, F9C07_2281740	Afu8g02300	AN8493, AN9014	An01g14530, An12g10140
OG0000290	F9C07_1065404, F9C07_1934425, F9C07_9619	Afu5g10150	AN2652	An01g14400, An08g09620, An08g10210, An17g00130, An19g00240
OG0000291	F9C07_1172162, F9C07_12706, F9C07_2220394, F9C07_2286178, F9C07_2952	Afu2g04510, Afu8g01940	AN1869, AN4181, AN6154	
OG0000292	F9C07_12707, F9C07_2133660, F9C07_2221440, F9C07_2280601, F9C07_2282741	Afu4g03590, Afu7g06830	AN7147	An07g03260, An13g03890
OG0000293	F9C07_12795, F9C07_8358	Afu1g10370	AN1243, AN5329	An01g00270, An08g02290, An09g03810, An12g02820, An13g02150
OG0000294	F9C07_2206056, F9C07_2227585, F9C07_2286200, F9C07_2286511, F9C07_2287620, F9C07_9338	Afu4g07467	AN3284	An04g01840, An12g05240
OG0000295	F9C07_1129, F9C07_13199, F9C07_2284976	Afu2g00320, Afu6g05140, Afu8g01070	AN3638, AN6506	An15g00150, An16g02930
OG0000296	F9C07_13171, F9C07_555, F9C07_5724	Afu2g10650, Afu3g03410	AN10764, AN5852, AN6235	An02g05840, An03g03550
OG0000297	F9C07_2059793, F9C07_2154568, F9C07_2244930, F9C07_2287615, F9C07_3799	Afu3g14180	AN1576, AN2679, AN3898	An09g04380
OG0000298	F9C07_1181128, F9C07_5214	Afu5g00100, Afu7g06523	AN9205, AN9209	An04g04070, An05g01030, An11g09200, An16g01380
OG0000299	F9C07_11053, F9C07_2280509, F9C07_2280664	Afu1g03570, Afu4g03660	AN4055, AN7142	An08g09850, An14g01550, An18g04140
OG0000300	F9C07_10184, F9C07_11402, F9C07_5308	Afu3g01440, Afu4g03340, Afu5g07620	AN3479, AN8495	An09g01120, An13g02880
OG0000301	F9C07_1181288, F9C07_1836, F9C07_2280576	Afu4g00910	AN10464, AN2039, AN3234	An07g00420, An11g05840, An17g00930
OG0000302	F9C07_2232399, F9C07_5355, F9C07_9456	Afu4g03420	AN4125, AN7059, AN9123, AN9338	An09g02230, An12g02100
OG0000303	F9C07_2063612, F9C07_2281412, F9C07_7597, F9C07_7671	Afu4g03595	AN11171, AN7148	An02g01320, An03g06340, An14g01685
OG0000304	F9C07_4460, F9C07_5629	Afu2g02030, Afu6g10040	AN3870, AN8982	An02g08980, An07g05900, An08g01300, An11g05340
OG0000305	F9C07_10918, F9C07_1508100, F9C07_2086801, F9C07_2177, F9C07_2427, F9C07_5763	Afu3g12010	AN8464	An02g07850, An07g00230
OG0000306	F9C07_10375, F9C07_11418, F9C07_5853		AN7329	An01g10900, An03g06640, An08g11130, An10g00920, An12g10350, An15g07090
OG0000307	F9C07_1383478, F9C07_2146490, F9C07_2204534, F9C07_3236, F9C07_8702	Afu2g07910	AN2465, AN8912	An05g00490, An12g09370
OG0000308	F9C07_13372, F9C07_7059	Afu6g03020	AN7063, AN8757, AN9282	An03g06480, An08g09190, An12g07380, An13g01810
OG0000309	F9C07_1352663, F9C07_1487311, F9C07_2054345, F9C07_2279205	Afu2g17430, Afu7g03850	AN4120, AN4268	An05g01450, An05g01810
OG0000310	F9C07_2227572, F9C07_2279237, F9C07_3295, F9C07_6324, F9C07_7634, F9C07_7763	Afu1g02290, Afu2g01405	AN3481	An01g05960
OG0000311	F9C07_1508741, F9C07_2279219	Afu1g02550, Afu2g14990	AN0316, AN10627, AN5082, AN7570	An01g05650, An15g03190
OG0000312	F9C07_1133494, F9C07_2258603, F9C07_2284173, F9C07_300, F9C07_3827	Afu5g06290	AN2282, AN8623	An12g10190, An17g01450
OG0000313	F9C07_10605, F9C07_2233295, F9C07_2249240	Afu1g00300, Afu8g01000		An01g08660, An04g03000, An04g06760, An13g03790, An18g00760
OG0000314	F9C07_1581024, F9C07_2251702, F9C07_9863	Afu2g01300		An02g00440, An03g05130, An04g10020, An11g03930, An14g03760, An15g02140
OG0000315	F9C07_2158967, F9C07_2283813	Afu1g00680, Afu8g06310	AN3318, AN9024, AN9241	An08g12250, An12g06690, An12g06720
OG0000316	F9C07_2159797, F9C07_9481	Afu2g17890, Afu5g01230	AN11208, AN2651, AN2669	An05g01070, An08g10260, An09g01680
OG0000317	F9C07_190, F9C07_2282850, F9C07_2286183, F9C07_4222	Afu3g13670, Afu7g04730	AN3763	An03g01240, An12g05510, An13g01250
OG0000318	F9C07_1067681, F9C07_2134869, F9C07_2284717, F9C07_2284750	Afu2g00780, Afu3g15300, Afu8g00140	AN11037, AN6412	An07g01940
OG0000319	F9C07_2279932, F9C07_397	Afu2g17800, Afu5g14720, Afu7g06590	AN3420, AN7872, AN9050	An09g04980, An12g02390
OG0000320	F9C07_2227380, F9C07_2278372	Afu2g05170	AN12486, AN1463, AN1579, AN5505, AN5538, AN8428, AN8429	
OG0000321	F9C07_2239946, F9C07_2277553	Afu4g01130, Afu6g12740	AN3712	An02g04580, An08g10740, An08g10990, An16g00320, An18g00470
OG0000322	F9C07_2227626	Afu1g03520, Afu6g09500	AN0251	An01g04620, An05g02130, An08g11540, An09g05210, An12g06650, An12g06970
OG0000323	F9C07_10935, F9C07_928	Afu1g01980, Afu5g02820, Afu6g00430, Afu6g03560	AN0362	An01g06280, An10g01040, An15g01880
OG0000324	F9C07_2140035, F9C07_8838, F9C07_9206	Afu6g07330, Afu8g00460	AN5055, AN5199, AN6641	An01g11340, An07g09120
OG0000325	F9C07_1159589, F9C07_1780, F9C07_2197912	Afu6g08790, Afu8g05840	AN1729, AN7919	An09g00430, An11g06180, An13g03870
OG0000326	F9C07_11242, F9C07_11864, F9C07_7505	Afu3g07050, Afu4g13670	AN5660, AN6927	An01g09460, An02g13710, An03g00250
OG0000327	F9C07_2230463, F9C07_2234994	Afu2g00900, Afu6g11560	AN0500, AN1557, AN8943	An01g11690, An03g01300, An05g02420
OG0000328	F9C07_2204630, F9C07_2216999, F9C07_2222385, F9C07_7560	Afu7g00600	AN11903	An02g01000, An04g00980, An07g01430, An16g06560
OG0000329	F9C07_2217114, F9C07_7663	Afu8g01960	AN2660, AN6764	An01g01120, An01g01140, An01g12050, An11g03480, An15g04120
OG0000330	F9C07_1678546, F9C07_2278406, F9C07_2284635, F9C07_9664	Afu1g17580, Afu3g15040	AN2576, AN9004	An09g01070, An18g01350
OG0000331	F9C07_7943, F9C07_8709	Afu3g00320, Afu3g00470, Afu6g12210	AN3613, AN9365	An01g00780, An01g14600, An14g07390
OG0000332	F9C07_2285187, F9C07_2285858, F9C07_3133	Afu1g16700, Afu6g06660	AN0194, AN0980	An01g10350, An06g00290, An07g04420
OG0000333	F9C07_9213			An01g15080, An07g09460, An08g11210, An09g02080, An09g04940, An11g05300, An16g07560, An17g00100, An18g00210
OG0000334	F9C07_9620	Afu3g02420, Afu3g06720, Afu4g01400, Afu5g14240	AN6760, AN8527	An07g09050, An08g09630, An09g01450
OG0000335	F9C07_2277199	Afu2g05700, Afu2g05710, Afu8g02050	AN11749, AN4092, AN7483	An02g13450, An02g14160, An05g02330
OG0000336	F9C07_2130793	Afu1g00100, Afu1g05170, Afu3g03320, Afu5g14630	AN2746	An01g00380, An01g04400, An11g07630, An11g08190
OG0000337	F9C07_2218225, F9C07_2285736, F9C07_7860	Afu1g16690, Afu3g14670	AN9000	An01g10360, An03g05950, An11g03530, An16g00130
OG0000338	F9C07_2285768	Afu4g02830, Afu8g02160	AN0740, AN3205, AN3573, AN9198	An01g00620, An14g02870, An17g00970
OG0000339			AN0520, AN10392, AN10402, AN11981, AN1329, AN1787, AN2574, AN3351, AN8964	An07g02360
OG0000340	F9C07_1580830, F9C07_1724528, F9C07_2286874, F9C07_8063	Afu2g18060, Afu6g03450	AN10974, AN11095	An03g02610
OG0000341	F9C07_10917, F9C07_12158, F9C07_2198376, F9C07_8727	Afu1g11010, Afu7g04980		An06g01980, An07g01830, An16g01650
OG0000342	F9C07_2286927, F9C07_2287719, F9C07_7155	Afu5g00370, Afu8g00800	AN2074, AN9174	An02g04440, An03g01590
OG0000343	F9C07_2075578, F9C07_2145670, F9C07_2233642, F9C07_2236464, F9C07_2285492, F9C07_2287381, F9C07_5225, F9C07_8698			An05g01610
OG0000344	F9C07_1067482, F9C07_2286996, F9C07_3226, F9C07_8377	Afu1g16760, Afu3g00765, Afu7g00380	AN0987	An07g00130
OG0000345	F9C07_12307, F9C07_1639, F9C07_1918367, F9C07_2282707, F9C07_74	Afu1g08990, Afu1g11330	AN4004	An08g00490
OG0000346	F9C07_12341, F9C07_8238	Afu1g11580	AN1138, AN5551, AN6454, AN6805	An02g07880, An08g03850
OG0000347	F9C07_11460, F9C07_12383, F9C07_2064139, F9C07_3438	Afu2g15480, Afu4g00690	AN7607	An12g07620, An15g05550
OG0000348	F9C07_1357060, F9C07_1923112, F9C07_2203457, F9C07_2280468, F9C07_2281326	Afu5g00430	AN6417	An03g05830, An07g05840
OG0000349	F9C07_1923444, F9C07_2149449, F9C07_2203790		AN4343	An01g07140, An01g11260, An03g01760, An08g07930, An14g01255
OG0000350	F9C07_12451, F9C07_2280418, F9C07_2281726, F9C07_2285029	Afu3g03950, Afu6g10930	AN0602	An08g11590, An15g02350
OG0000351	F9C07_10127, F9C07_11880, F9C07_2280345, F9C07_2287148, F9C07_2287234, F9C07_56	Afu3g00120	AN8026	An12g05610
OG0000352	F9C07_1171083, F9C07_2236720, F9C07_2286471	Afu3g07150	AN10011, AN1585, AN4820, AN7315	An13g01930
OG0000353	F9C07_12573, F9C07_2074262, F9C07_2278568, F9C07_2284358	Afu8g07200	AN11921	An09g03660, An15g07550, An16g05880
OG0000354	F9C07_11178, F9C07_2205826, F9C07_3420, F9C07_5468	Afu2g15660, Afu4g03690	AN7141	An14g01440, An15g05890
OG0000355	F9C07_12589, F9C07_2089300, F9C07_2247357	Afu5g10160, Afu6g11740	AN10204	An12g10580, An14g04530, An14g06920
OG0000356	F9C07_1933091, F9C07_2231688	Afu3g03570, Afu5g09970	AN10287, AN3782, AN9297	An14g05890, An18g01620
OG0000357	F9C07_12592, F9C07_2168412, F9C07_2276969	Afu1g10900, Afu5g09950	AN10293, AN1187	An08g03170, An14g05880
OG0000358	F9C07_1841, F9C07_2287248, F9C07_5067	Afu6g11650, Afu6g13210		An01g00960, An03g02180, An07g00400, An08g07630
OG0000359	F9C07_12598, F9C07_12704, F9C07_9429	Afu4g09920, Afu5g09910	AN1853, AN2343	An04g07120, An14g07060
OG0000360	F9C07_12618, F9C07_3475, F9C07_8693	Afu2g00120	AN12396, AN6882, AN9369	An12g05180, An15g02980
OG0000361	F9C07_1933987, F9C07_2106077, F9C07_2277407	Afu2g00100, Afu2g04262	AN1893, AN6884	An11g02150, An12g05200
OG0000362	F9C07_1485722, F9C07_2205416, F9C07_2247924, F9C07_2277872, F9C07_2278817	Afu1g11360	AN8583	An12g10610, An14g06930
OG0000363	F9C07_2287271		AN8114	An01g15200, An04g02780, An08g08140, An09g05350, An12g04630, An15g02110, An15g05280
OG0000364	F9C07_1175248, F9C07_2236864, F9C07_2282987	Afu3g00500, Afu4g03010, Afu8g01690	AN2488	An02g00510, An14g03080
OG0000365	F9C07_12673, F9C07_1489892, F9C07_2283504	Afu3g12700, Afu8g00670	AN3113	An02g08670, An03g02850, An06g00300
OG0000366	F9C07_2230753, F9C07_2276738, F9C07_2286727, F9C07_2287331, F9C07_9288	Afu7g06810	AN1808, AN2350	An08g10800
OG0000367	F9C07_12812, F9C07_9086	Afu1g17360, Afu5g12960, Afu6g12150	AN6849, AN8643	An12g10230, An14g06250
OG0000368	F9C07_2205980, F9C07_2284077, F9C07_2284785, F9C07_2286162, F9C07_9259	Afu8g02570	AN3248, AN8898	An03g06700
OG0000369	F9C07_2237094, F9C07_2282835, F9C07_2284552	Afu1g00410, Afu3g02000, Afu8g04130	AN1425	An16g01400, An16g08980
OG0000370	F9C07_1449975, F9C07_1951625, F9C07_8675	Afu3g01540, Afu4g14260, Afu6g10100	AN2591	An02g03190, An02g04590
OG0000371	F9C07_2105688, F9C07_2213892, F9C07_2279087, F9C07_2287562, F9C07_4991, F9C07_705			An04g02980, An12g07280, An13g01960
OG0000372	F9C07_1679118, F9C07_1781, F9C07_2217107, F9C07_2282935, F9C07_2287600	Afu7g00110	AN1799, AN6773	An07g00440
OG0000373	F9C07_13147, F9C07_1704, F9C07_2073309, F9C07_6043	Afu2g07720, Afu5g14260	AN5828, AN8420	An05g00300
OG0000374	F9C07_13113, F9C07_1638577, F9C07_2284228, F9C07_2284280, F9C07_5443	Afu4g00230, Afu5g01000	AN11188	An03g01460
OG0000375	F9C07_1183159, F9C07_13067, F9C07_1508021	Afu6g00190	AN1550, AN3244, AN5689, AN7077	An18g00740
OG0000376	F9C07_2203375, F9C07_2206264, F9C07_3721	Afu1g13110	AN0649, AN8944	An04g09730, An08g06100, An12g02430
OG0000377	F9C07_12934, F9C07_13034	Afu3g02460, Afu7g00740	AN10325, AN10937	An07g04020, An07g06500, An08g01350
OG0000378	F9C07_13027, F9C07_8886	Afu1g11230, Afu2g03700	AN1593, AN3817	An04g00610, An04g00620, An07g08280
OG0000379	F9C07_12901, F9C07_12926, F9C07_2279311, F9C07_39	Afu6g14330	AN3972, AN5652, AN8779	An06g00660
OG0000380	F9C07_1806, F9C07_2262196, F9C07_2280675, F9C07_6712	Afu2g00410, Afu7g06800, Afu8g01360	AN8653	An05g01860
OG0000381	F9C07_2062822, F9C07_2285082, F9C07_6613	Afu7g00420, Afu8g06100, Afu8g06590	AN8727	An02g09530, An03g00420
OG0000382	F9C07_2073110, F9C07_2201684, F9C07_3334, F9C07_5457, F9C07_7099	Afu8g02280	AN6129, AN9013	An12g10110
OG0000383	F9C07_10460, F9C07_2090070, F9C07_2172420, F9C07_5475, F9C07_8059	Afu8g00380	AN3611, AN7083	An14g01310
OG0000384	F9C07_1067655, F9C07_2087219, F9C07_2197619, F9C07_2281460, F9C07_5559	Afu1g16710	AN0981	An01g10340, An01g13910
OG0000385	F9C07_1599860, F9C07_2106935, F9C07_2280757	Afu3g10850, Afu5g00580, Afu5g02600	AN8003	An02g10100, An16g00500
OG0000386	F9C07_4401, F9C07_5599, F9C07_8333	Afu1g10590, Afu2g01840	AN1218, AN4653	An07g05280, An08g02590
OG0000387	F9C07_1855746, F9C07_2075595, F9C07_2277540	Afu2g18030	AN5918	An02g02750, An03g05660, An08g08920, An14g07200
OG0000388	F9C07_5878, F9C07_8211	Afu5g14600, Afu6g13950, Afu8g02390	AN8144, AN9257	An01g07680, An11g02490
OG0000389	F9C07_2229846, F9C07_2241870, F9C07_2280018	Afu1g17210	AN0553, AN4176	An12g05110, An15g01870, An19g00110
OG0000390	F9C07_13383, F9C07_1717278, F9C07_2230762, F9C07_2277364, F9C07_2283210, F9C07_2285459	Afu1g14460	AN0718	An14g06110
OG0000391	F9C07_2071965, F9C07_2281261, F9C07_2283427, F9C07_3595	Afu1g14170, Afu3g00380	AN0756	An01g12150, An14g05820
OG0000392	F9C07_10219, F9C07_1077, F9C07_2202461, F9C07_7078	Afu4g02750, Afu7g00780	AN11092	An10g00880, An11g08280
OG0000393	F9C07_2282944, F9C07_2284923	Afu6g04570, Afu8g00580	AN10038, AN1595, AN6563, AN7807	An15g00750
OG0000394	F9C07_2282967, F9C07_2286761	Afu1g17250, Afu5g09580, Afu8g07060	AN1837, AN8803	An04g08500, An07g03340
OG0000395	F9C07_2233479, F9C07_3312	Afu1g17240	AN6396	An02g12830, An11g00370, An11g08470, An16g06640, An19g00160
OG0000396	F9C07_3359, F9C07_7406	Afu2g12510, Afu2g16060	AN2145, AN6281	An02g04730, An13g01980, An15g06410
OG0000397	F9C07_1495961, F9C07_2067012	Afu2g15930, Afu6g10960	AN0599, AN2158, AN9288	An08g07960, An15g06250
OG0000398	F9C07_1210363, F9C07_2202582, F9C07_6507	Afu2g06170, Afu2g15370	AN7437, AN7591	An02g14810, An09g03630
OG0000399	F9C07_2135800, F9C07_3554, F9C07_471, F9C07_7653	Afu7g05930		An07g00470, An07g01970, An07g03400, An15g02290
OG0000400	F9C07_1514944, F9C07_2257897, F9C07_2286195, F9C07_2286319	Afu3g00210, Afu3g05760	AN3433	An05g02620, An11g10870
OG0000401	F9C07_2284266, F9C07_35, F9C07_3695	Afu1g13320	AN0672, AN6028	An03g00030, An08g06390, An12g05870
OG0000402	F9C07_2278554, F9C07_2283315, F9C07_9911	Afu6g08750	AN1733, AN6022	An02g02290, An07g05000, An11g06140
OG0000403	F9C07_2201393, F9C07_2283532	Afu3g01170, Afu5g13810, Afu7g01590	AN0681, AN11168	An04g04720, An12g01110
OG0000404	F9C07_4097, F9C07_593, F9C07_7683	Afu1g07140, Afu5g14350	AN10648, AN2684	An07g09690, An14g05780
OG0000405	F9C07_10701, F9C07_2171288	Afu3g07640, Afu5g03550	AN4859, AN8219	An02g12510, An09g05950, An16g05840
OG0000406	F9C07_1007324, F9C07_1580993, F9C07_6676	Afu1g10140	AN12276, AN12418	An08g04830, An11g03960, An16g08520
OG0000407	F9C07_1473, F9C07_2133875, F9C07_2283868	Afu3g08160, Afu5g02410	AN2932, AN8016	An02g10390, An02g11680
OG0000408	F9C07_2068533, F9C07_2201667, F9C07_2284543, F9C07_7863		AN10884, AN1623, AN1926	An05g02450, An15g07880
OG0000409	F9C07_1600520, F9C07_2279321, F9C07_2286181	Afu7g06680	AN8153	An11g03860, An11g03970, An11g07150, An14g01870
OG0000410	F9C07_10237, F9C07_1745991	Afu5g14730, Afu7g00700	AN10217, AN8733, AN9051	An12g02640, An15g04780
OG0000411	F9C07_1283313, F9C07_2160694	Afu2g10830, Afu3g01040, Afu8g05750	AN7376, AN8103	An02g02320, An02g07550
OG0000412	F9C07_1605136, F9C07_2278088	Afu4g00570, Afu4g11780	AN10062, AN5559	An09g03790, An13g03640, An16g00940
OG0000413	F9C07_10142, F9C07_10906, F9C07_11882, F9C07_1670, F9C07_2276624	Afu3g09170	AN2831, AN4826, AN5032	
OG0000414	F9C07_2218358, F9C07_2277218	Afu2g00450, Afu2g05910, Afu6g03980	AN2638, AN7459	An02g14380, An06g00380
OG0000415	F9C07_2151012, F9C07_48	Afu3g01600, Afu8g07020	AN10948, AN2593, AN8349	An09g04390, An16g08140
OG0000416	F9C07_1200148, F9C07_2261920, F9C07_2278560		AN10658, AN10669, AN8448	An12g01560, An14g06890, An16g05750
OG0000417	F9C07_112, F9C07_917	Afu1g02110, Afu4g01450, Afu7g04070	AN0354, AN5701	An01g06150, An13g00550
OG0000418	F9C07_2057644, F9C07_2278786, F9C07_6985	Afu6g06970, Afu7g05085	AN3992, AN5733, AN7089, AN8424	
OG0000419	F9C07_1015534, F9C07_1047584, F9C07_1379324, F9C07_2171613, F9C07_2284500	Afu5g09170		An01g14770, An07g03940, An08g09310
OG0000420	F9C07_1029349, F9C07_1328, F9C07_2286592, F9C07_9808	Afu3g09220	AN6835	An01g06820, An06g02530, An16g02820
OG0000421	F9C07_2258921, F9C07_2278957	Afu3g15250, Afu5g10340	AN11821, AN9219	An04g06250, An15g02190, An15g05060
OG0000422	F9C07_2466, F9C07_619	Afu8g05590, Afu8g06840	AN1548	An07g05440, An12g10900, An15g05250, An16g07090
OG0000423	F9C07_1048175, F9C07_11523, F9C07_1679764, F9C07_2281354, F9C07_7741	Afu2g14510	AN2391	An02g00660, An07g03040
OG0000424	F9C07_1053456, F9C07_4163	Afu1g02880	AN0272, AN3575, AN5288	An01g05030, An07g00260, An11g07000
OG0000425	F9C07_11906, F9C07_2279463, F9C07_6736	Afu1g15610	AN0895	An09g00080, An12g04390, An14g02890, An18g03210
OG0000426	F9C07_1235, F9C07_1460, F9C07_2286097	Afu1g10270	AN9179	An04g03570, An08g02180, An11g04700, An16g02360
OG0000427	F9C07_11297, F9C07_1268, F9C07_2281521, F9C07_6075	Afu6g05350	AN1573, AN6487	An13g02130, An18g01320
OG0000428	F9C07_1095009, F9C07_2282575, F9C07_5015	Afu2g13250	AN6231	An02g02170, An12g03230, An16g02500, An18g04630
OG0000429	F9C07_1369507, F9C07_2138971	Afu1g17320, Afu2g14150, Afu3g09140	AN3044, AN6352	An02g01400, An16g02730
OG0000430	F9C07_1506	Afu3g07960, Afu8g02210	AN2200, AN2960, AN4108, AN8579	An03g00660, An16g01950
OG0000431	F9C07_1520, F9C07_2284736	Afu2g00540, Afu2g03820, Afu4g02820	AN3805	An07g08390, An10g00820, An15g07720
OG0000432	F9C07_2140879, F9C07_4739	Afu4g02660, Afu4g09440, Afu6g03690	AN1628, AN6642	An09g00690, An15g01830
OG0000433	F9C07_2141354, F9C07_8202	Afu1g11890, Afu6g00300	AN10529, AN1102	An01g06870, An08g04100, An18g03820
OG0000434	F9C07_2102959	Afu1g00920, Afu3g06425	AN4657, AN7889	An01g11840, An05g02120, An07g04250, An12g06960
OG0000435	F9C07_11318, F9C07_11319		AN2194	An02g02850, An14g01380, An14g01530, An18g02620, An18g02630, An18g04970
OG0000436	F9C07_2280390, F9C07_9875	Afu6g08560	AN10486, AN1680, AN4827, AN6444	An01g14860, An11g05500
OG0000437	F9C07_2204698, F9C07_2276769, F9C07_4421, F9C07_7875, F9C07_7876	Afu6g09740	AN3963	An10g00070, An12g02850
OG0000438	F9C07_2064728, F9C07_2285760, F9C07_4452	Afu4g13850	AN4198, AN6453	An12g09440, An16g01980, An18g00100
OG0000439	F9C07_11948, F9C07_4628	Afu3g03600, Afu3g07260	AN0563, AN1320, AN4833	An02g13440, An08g07390
OG0000440	F9C07_1358552, F9C07_2284638, F9C07_4692, F9C07_7874, F9C07_8082	Afu3g15010	AN1597, AN2561	An09g01100
OG0000441	F9C07_11532, F9C07_4844	Afu4g08580, Afu5g15070, Afu8g07130	AN10223, AN3973	An04g03360, An11g07650
OG0000442	F9C07_2125917, F9C07_2282736, F9C07_4914, F9C07_7425	Afu4g08010, Afu7g08450, Afu8g06540	AN3846	An04g02420
OG0000443	F9C07_2282027, F9C07_8911	Afu2g01750, Afu4g06930, Afu8g00410	AN0369, AN4404	An01g11360, An04g01330
OG0000444	F9C07_11796, F9C07_1428495, F9C07_2988	Afu4g06890, Afu7g03740	AN1901, AN8283	An11g02230, An13g00090
OG0000445	F9C07_11542, F9C07_2070817, F9C07_2231208	Afu2g02950, Afu3g14270	AN2515, AN2801	An07g07300, An09g04070
OG0000446	F9C07_1473852, F9C07_2054448, F9C07_2197480	Afu4g09860	AN12132, AN2422, AN2785, AN5274	An04g07190
OG0000447	F9C07_2213877	Afu7g00550, Afu7g07100	AN10391, AN10397, AN2021, AN6803, AN6960	An11g03460
OG0000448	F9C07_6559, F9C07_9427	Afu3g14620, Afu6g00770	AN12309, AN2534, AN8007	An02g10550, An09g01190
OG0000449	F9C07_2223160, F9C07_2276773, F9C07_2286581, F9C07_9546	Afu1g12600	AN1046	An08g05290, An08g08430, An11g02440
OG0000450	F9C07_1229229, F9C07_2054151	Afu6g07880	AN10288, AN11808, AN4168	An11g02770, An11g03390, An16g00760
OG0000451	F9C07_2133457, F9C07_3031	Afu3g00880, Afu6g07855	AN1941, AN3310	An09g03120, An11g02730, An15g07790
OG0000452	F9C07_2938	Afu2g04540, Afu5g00490	AN10898, AN1866, AN7868	An04g07700, An04g07800, An08g11810
OG0000453	F9C07_1263534	Afu1g03195, Afu1g17710, Afu3g10550, Afu3g10560, Afu3g12890, Afu6g09630	AN4933	An16g04530
OG0000454	F9C07_2198901, F9C07_2286052	Afu1g10700, Afu2g17750	AN0214, AN1209	An01g01040, An08g02790, An18g04960
OG0000455	F9C07_11602, F9C07_1737099	Afu5g09450	AN8815, AN8893	An02g11140, An07g03520, An12g02420, An12g02790
OG0000456	F9C07_11817	Afu3g06620, Afu5g00200	AN3494, AN4776	An04g08490, An11g09680, An15g05220, An18g00880
OG0000457		Afu2g07930	AN0263, AN0683, AN2628, AN3048, AN4335, AN7968, AN8186, AN9381	
OG0000458			AN0522, AN1130, AN12284, AN3267, AN3543, AN3892, AN8300, AN8452, AN9003	
OG0000459			AN11217, AN12333, AN3254, AN3491, AN7200, AN7585, AN8095, AN8459, AN9382	
OG0000460			AN11623, AN11670, AN2630, AN5264, AN6691, AN7078, AN8573, AN8574, AN8575	
OG0000461				An03g05360, An04g09420, An07g04980, An08g00220, An14g02720, An14g07130, An15g05540, An16g00350, An16g07680
OG0000462	F9C07_12717, F9C07_1910880, F9C07_2285844	Afu7g06950, Afu8g02470		An03g00350, An03g06330, An05g02580
OG0000463	F9C07_10366, F9C07_12157, F9C07_2108219, F9C07_2199650, F9C07_2199713, F9C07_2287656		AN10386, AN3323	
OG0000464	F9C07_2068, F9C07_2283158, F9C07_2286918	Afu4g10930	AN10723	An04g05740, An12g03240, An16g01190
OG0000465	F9C07_12259, F9C07_2287226		AN3384	An01g12130, An09g01800, An12g00930, An12g02020, An16g02350
OG0000466	F9C07_1003558, F9C07_1917389, F9C07_9039	Afu5g12480	AN0052, AN11207	An12g07490, An14g06740
OG0000467	F9C07_2278097, F9C07_2287023, F9C07_7804		AN10704, AN7808, AN9210	An02g10940, An12g02080
OG0000468	F9C07_2228281, F9C07_2287032	Afu3g07860, Afu4g14070	AN2955, AN8369	An02g11400, An12g10440
OG0000469	F9C07_1588, F9C07_2287093, F9C07_2287239, F9C07_8291	Afu1g10890, Afu6g07260	AN1186	An08g03150
OG0000470	F9C07_12435, F9C07_2286548	Afu1g17520, Afu3g06820	AN4792, AN8317	An11g09520, An12g06290
OG0000471	F9C07_2227121, F9C07_2263730			An04g02740, An11g02060, An11g07140, An11g08650, An12g01420, An12g03730
OG0000472	F9C07_2110520, F9C07_2280575	Afu1g01500, Afu2g00460, Afu3g02580	AN5653	An03g02480, An03g06260
OG0000473	F9C07_2068368, F9C07_2279519, F9C07_2282316, F9C07_2287154	Afu2g02690, Afu3g02160	AN4558	An07g07050
OG0000474	F9C07_2125320, F9C07_2259076, F9C07_2263829	Afu2g00550, Afu7g08575	AN0587	An11g08220, An16g05270
OG0000475	F9C07_12594, F9C07_2104861, F9C07_2285741, F9C07_4169	Afu5g02320, Afu5g09930	AN1849	An12g10080
OG0000476	F9C07_12604	Afu7g05120		An01g07700, An04g02930, An08g09720, An11g00060, An16g05920, An17g00590
OG0000477	F9C07_10769, F9C07_12615, F9C07_2287518	Afu3g01560, Afu5g04260	AN8279	An09g06730, An13g03650
OG0000478	F9C07_2205858, F9C07_2280332, F9C07_5196, F9C07_7572	Afu1g01940	AN8644	An04g08240, An08g09950
OG0000479	F9C07_11059, F9C07_12645	Afu1g05360	AN3895, AN6798	An02g10150, An05g02530, An18g04200
OG0000480	F9C07_1580780, F9C07_1640367, F9C07_1647195, F9C07_1934447, F9C07_2203849, F9C07_2234042, F9C07_3529, F9C07_8061			
OG0000481	F9C07_2054772, F9C07_2216492, F9C07_8977	Afu2g09370, Afu5g00630	AN7832	An12g10770, An16g05660
OG0000482	F9C07_1937495, F9C07_2283900	Afu7g00450, Afu8g04860	AN1490, AN6471, AN6754	An02g00120
OG0000483	F9C07_2287375		AN2396, AN8988	An01g03940, An01g12110, An06g00840, An12g06590, An15g04620
OG0000484	F9C07_1000757, F9C07_12889, F9C07_2100705, F9C07_2174423, F9C07_6770	Afu6g14300	AN8967	An08g08070
OG0000485	F9C07_1938016, F9C07_1981, F9C07_6697	Afu4g10090, Afu6g00412	AN2043	An04g06970, An16g01920
OG0000486	F9C07_12769, F9C07_486	Afu7g06400, Afu8g05910	AN2542, AN3337, AN6748, AN8453	
OG0000487	F9C07_1938213, F9C07_2235246, F9C07_2285684	Afu3g00800	AN2655, AN6935, AN9499	An12g09480
OG0000488	F9C07_2282180, F9C07_2286520, F9C07_2287421, F9C07_2287550	Afu6g00630	AN11153	An03g02120, An18g01220
OG0000489	F9C07_12808, F9C07_8135	Afu1g12240, Afu8g02550	AN1073, AN8903	An03g06660, An08g04600
OG0000490	F9C07_12811, F9C07_2870	Afu2g00690, Afu3g00610, Afu4g10140	AN11143, AN7402	An03g06550
OG0000491	F9C07_13301, F9C07_2284530	Afu1g01310, Afu8g04210	AN1433	An08g11860, An13g01880, An16g08870
OG0000492	F9C07_2110960, F9C07_7207	Afu2g02810, Afu3g01950	AN4540, AN8406	An07g07160, An13g03970
OG0000493	F9C07_1723561, F9C07_2287553	Afu3g00100	AN2566, AN3291	An12g05210, An12g10150, An13g03560
OG0000494	F9C07_2200606, F9C07_2206103, F9C07_2279334	Afu1g16920, Afu3g02090	AN2359, AN8401	An01g09960
OG0000495	F9C07_2100, F9C07_2285068, F9C07_2287560	Afu4g11260	AN9474	An04g05380, An07g00030, An15g04210
OG0000496	F9C07_2206117, F9C07_5640, F9C07_6894	Afu2g02130, Afu8g00590	AN4592	An07g06770, An16g06350
OG0000497	F9C07_1954468, F9C07_2278199			An01g00310, An02g10090, An08g08360, An08g08380, An11g00960, An12g00970
OG0000498	F9C07_2065606, F9C07_2237211, F9C07_6290	Afu5g07330	AN2237	An03g05200, An06g00310, An17g00760
OG0000499	F9C07_2175396	Afu3g02180, Afu3g03420, Afu3g13730, Afu6g09610, Afu6g12050	AN6236	An03g03520
OG0000500	F9C07_1801915, F9C07_2278533, F9C07_2287614, F9C07_28	Afu2g00250	AN2678, AN3292, AN8419	
OG0000501	F9C07_1955230, F9C07_2063930, F9C07_2282123	Afu4g05860	AN11251, AN4297	An04g00060, An11g08840
OG0000502	F9C07_2287635, F9C07_464	Afu2g01770, Afu2g14840	AN2175, AN7408	An07g00450, An11g05580
OG0000503	F9C07_1171758, F9C07_13114, F9C07_2066352, F9C07_2102852, F9C07_2129053, F9C07_2167354, F9C07_2206388, F9C07_9569			
OG0000504	F9C07_13017, F9C07_1464	Afu3g08250, Afu6g13630	AN2941, AN5437	An02g11860, An08g08620
OG0000505	F9C07_2135932, F9C07_2287724	Afu6g13490, Afu8g06020	AN5447, AN7278	An08g08840, An15g04770
OG0000506	F9C07_12984, F9C07_1638291	Afu6g13830	AN3312, AN8110	An08g08480, An08g09360, An16g06270
OG0000507	F9C07_2077039, F9C07_8240	Afu1g11560, Afu3g03510, Afu3g14820	AN1140	An04g08090, An08g03840
OG0000508	F9C07_12898, F9C07_2218940, F9C07_2284318, F9C07_6864, F9C07_8509	Afu7g01730	AN11161	An12g00910
OG0000509	F9C07_1801375, F9C07_2076771, F9C07_2226781, F9C07_2279286			An01g01420, An02g10960, An07g02390, An12g05390
OG0000510	F9C07_1357121, F9C07_1379729, F9C07_5199	Afu3g07625	AN11765	An02g12900, An04g10150, An12g02680
OG0000511	F9C07_2234026, F9C07_2280535			An01g06790, An04g00900, An06g00010, An07g01930, An07g04960, An12g06770
OG0000512	F9C07_2283988, F9C07_5313	Afu3g02175	AN7973	An01g01470, An03g06600, An08g09780, An08g11970
OG0000513	F9C07_2200075, F9C07_2280571	Afu4g03370, Afu5g06230	AN10905, AN2287	An14g01850, An17g01540
OG0000514	F9C07_1096662, F9C07_2280597	Afu3g08930, Afu4g03490	AN11698, AN7159	An14g02470, An16g02250
OG0000515	F9C07_2279594, F9C07_2280662, F9C07_2286779, F9C07_8088	Afu2g18000, Afu3g09150, Afu8g01550	AN1822	
OG0000516	F9C07_1138010, F9C07_2065359, F9C07_5470	Afu4g03710, Afu6g03530	AN6654	An14g01460, An15g01850
OG0000517	F9C07_2226062, F9C07_2280756, F9C07_8010	Afu3g10770, Afu5g05640	AN4912	An02g06440, An18g02000
OG0000518	F9C07_1162586, F9C07_1734300, F9C07_1848969, F9C07_2161170	Afu6g00200	AN7332, AN8508	An14g04000
OG0000519	F9C07_1711298, F9C07_2200857, F9C07_2285042	Afu2g01940	AN4574	An01g12270, An07g05670, An16g01120
OG0000520	F9C07_5748	Afu5g00150	AN3396, AN8513	An01g11790, An02g10140, An09g02310, An09g05110
OG0000521	F9C07_1960, F9C07_5753	Afu2g10360, Afu4g09840	AN1857, AN5952	An04g07200, An16g04630
OG0000522	F9C07_1801505, F9C07_2029943, F9C07_2235359, F9C07_4131	Afu1g07520	AN5123	An07g10090, An16g00200
OG0000523	F9C07_1033264, F9C07_5917	Afu2g09110	AN3897, AN6075	An04g04370, An08g07740, An13g02640
OG0000524	F9C07_1063411, F9C07_2229854	Afu1g02150, Afu2g08250	AN0351, AN6792	An01g06110, An15g07390
OG0000525	F9C07_1885513	Afu2g08040, Afu7g08250	AN5849	An05g00605, An06g02450, An07g07640, An08g11770
OG0000526	F9C07_1321, F9C07_2281148	Afu2g07810, Afu3g09320	AN10745, AN3058	An05g00410, An16g02970
OG0000527	F9C07_1510105, F9C07_3192	Afu3g12720, Afu5g06720	AN2958, AN3115	An02g08690, An02g11260
OG0000528	F9C07_1508127, F9C07_2127657, F9C07_3198, F9C07_4558	Afu6g03700	AN10083	An01g11620, An15g01810
OG0000529	F9C07_1065528, F9C07_3587	Afu1g14190, Afu5g00975	AN0759, AN10907	An01g12200, An15g04960
OG0000530	F9C07_2277015, F9C07_2283359	Afu1g06700, Afu3g14140	AN2503, AN5712	An09g04470, An18g05760
OG0000531	F9C07_1526744, F9C07_2285150	Afu5g01440, Afu6g02280	AN8080, AN8692	An12g08570, An16g00920
OG0000532	F9C07_1581517, F9C07_2281594, F9C07_2283377, F9C07_2286584		AN7789, AN8476	An04g03100, An13g02260
OG0000533	F9C07_3854, F9C07_7297	Afu1g12650, Afu2g11350	AN1050, AN5878	An02g03320, An08g05400
OG0000534	F9C07_1534873, F9C07_2284596	Afu3g00480, Afu3g12830	AN3125, AN7377, AN7775	An02g08845
OG0000535	F9C07_1537339, F9C07_1585098	Afu5g13790, Afu7g06280	AN3300, AN5412	An04g04690, An13g01580
OG0000536	F9C07_10494, F9C07_1547559, F9C07_2135900	Afu6g07130, Afu7g00770	AN2782, AN5182	An07g09400
OG0000537	F9C07_2235346, F9C07_4072	Afu6g07070, Afu6g11610	AN0494, AN5176	An01g11660, An07g09330
OG0000538	F9C07_2278266, F9C07_4078	Afu4g09710, Afu6g07010	AN1848, AN5170	An04g07400, An07g09410
OG0000539	F9C07_10753, F9C07_1237970	Afu5g04130	AN1867, AN8261	An01g05450, An09g06530, An11g03100
OG0000540	F9C07_10699, F9C07_11917	Afu3g07110, Afu5g03530, Afu7g05140, Afu8g00700	AN11059	An09g05920
OG0000541	F9C07_10688, F9C07_6425	Afu2g01030, Afu5g03420	AN12404, AN8899	An09g05780, An10g00520
OG0000542	F9C07_1579924, F9C07_8158	Afu1g12190, Afu5g02850	AN10146, AN5068	An08g04540, An09g04820
OG0000543	F9C07_2056277, F9C07_2069994, F9C07_2281495, F9C07_7757	Afu2g05360	AN10957, AN9043	An11g00810
OG0000544	F9C07_2069108	Afu3g01780	AN10671, AN5434, AN6808, AN8356	An01g00630, An02g12820
OG0000545	F9C07_2283892, F9C07_6677	Afu7g00170	AN11194, AN12402, AN6784, AN8514	An13g01840
OG0000546	F9C07_10218, F9C07_2231714, F9C07_2233211	Afu3g01200, Afu3g15100		An07g00220, An09g00440, An11g03090
OG0000547	F9C07_10355, F9C07_1703367	Afu5g12510, Afu6g13920	AN0054	An04g04330, An11g09710, An14g06700
OG0000548	F9C07_2068445	Afu2g16650, Afu8g04870	AN10927, AN3524, AN8642	An04g08670, An12g07740
OG0000549	F9C07_10268, F9C07_1106538, F9C07_2285428	Afu3g07900, Afu8g00900	AN2952	An02g11330, An03g05560
OG0000550	F9C07_2107254, F9C07_2975	Afu2g04330	AN1881	An03g00530, An03g06690, An11g03150, An16g00390
OG0000551	F9C07_10166, F9C07_2227283, F9C07_2278848	Afu1g13760, Afu4g00490, Afu4g14350	AN2658	An09g01580
OG0000552	F9C07_2277705, F9C07_2284175, F9C07_2284707	Afu3g10310	AN4956	An01g09250, An03g00480, An16g04170
OG0000553	F9C07_2278295, F9C07_4686, F9C07_50	Afu1g01550	AN8337	An01g01620, An12g10320, An15g07190
OG0000554	F9C07_2278551, F9C07_8730	Afu3g02300	AN11221, AN6026, AN9277	An01g01530, An07g05040
OG0000555	F9C07_2235753, F9C07_4600, F9C07_72	Afu3g05420	AN3461, AN5298	An11g11230, An18g00070
OG0000556	F9C07_1947, F9C07_2204731, F9C07_2251465, F9C07_243	Afu8g06760	AN10862	An01g06940, An01g08550
OG0000557	F9C07_2093803, F9C07_2278709	Afu4g00530	AN7637, AN9200	An08g08230, An08g11390, An08g12160
OG0000558	F9C07_2059621, F9C07_2142247, F9C07_2168784	Afu2g17650, Afu4g13340	AN1950	An01g06610, An01g09050
OG0000559	F9C07_2082398	Afu6g12090, Afu8g01020		An01g02130, An02g12950, An11g08370, An11g08520, An12g05600
OG0000560	F9C07_2251537, F9C07_2278912, F9C07_2282381, F9C07_9346	Afu2g00480, Afu2g11250	AN11205, AN5887	
OG0000561	F9C07_2102336, F9C07_2199375, F9C07_2279990	Afu3g07990, Afu8g02180	AN2962	An09g02550, An16g02000
OG0000562	F9C07_5065, F9C07_541, F9C07_9341	Afu6g02580	AN11075, AN3528, AN7574	An04g09610
OG0000563	F9C07_2181699, F9C07_6516	Afu8g04920	AN11170, AN2618, AN5488	An12g10470, An18g01890
OG0000564	F9C07_2221201, F9C07_2227950	Afu2g00340, Afu2g00350	AN10333, AN1583	An02g12680, An12g10510
OG0000565	F9C07_1153, F9C07_1400	Afu3g08960, Afu4g03260, Afu4g03270	AN3017	An12g08930, An16g02170
OG0000566	F9C07_1327, F9C07_2231742	Afu3g09250	AN3053, AN6948	An12g09850, An15g05350, An16g02850
OG0000567	F9C07_1445, F9C07_2282446	Afu2g12080, Afu3g08430	AN10782, AN2977	An02g04160, An02g12070
OG0000568	F9C07_2277322, F9C07_2279779	Afu6g07520, Afu6g08320	AN3931, AN5217	An07g08890, An11g01750
OG0000569	F9C07_1448350, F9C07_1448417, F9C07_1586, F9C07_2284423	Afu6g00290, Afu6g00390	AN5193	An07g09180
OG0000570	F9C07_2279996, F9C07_4442	Afu1g06550, Afu4g00550	AN3503, AN7157	An03g05250, An18g05610
OG0000571	F9C07_2102639, F9C07_3110, F9C07_4218	Afu4g00485, Afu5g00900, Afu6g06860	AN5755	An18g06110
OG0000572	F9C07_10965, F9C07_2252	Afu1g04100, Afu6g01850	AN8567, AN8649	An01g02930, An12g09280
OG0000573	F9C07_10967, F9C07_2276799, F9C07_7918	Afu6g01900	AN2629, AN8660	An01g13740, An12g06490
OG0000574	F9C07_11074, F9C07_2285856, F9C07_2919	Afu1g05520	AN0613, AN10599	An04g02760, An18g04330
OG0000575	F9C07_11099, F9C07_4869	Afu1g03150, Afu1g05720, Afu5g10350	AN4094	An01g07000, An18g03480
OG0000576	F9C07_11138, F9C07_2108270, F9C07_8152		AN1885, AN2402, AN8937	An05g02060, An09g01210
OG0000577	F9C07_11143	Afu4g12880	AN0612, AN3590, AN5424, AN7906	An01g08440, An13g02980
OG0000578	F9C07_11175, F9C07_2197568, F9C07_8286	Afu1g10910, Afu7g00250	AN1182, AN6838	An08g03190
OG0000579	F9C07_2249, F9C07_2280254	Afu1g04120, Afu6g12250	AN10495, AN5669	An01g03000, An06g01370
OG0000580	F9C07_1178995, F9C07_1289606, F9C07_4186	Afu3g12130, Afu4g00190	AN5027	An02g07940, An11g08400
OG0000581	F9C07_1757025, F9C07_4210, F9C07_7017	Afu1g13000, Afu7g03950	AN10534, AN7218	An13g00410
OG0000582	F9C07_2370, F9C07_4257	Afu1g05290, Afu2g14360	AN0245, AN2385	An01g04560, An02g00850
OG0000583	F9C07_4279, F9C07_9731	Afu3g02540, Afu5g00145, Afu6g11710, Afu7g08440	AN9006	An09g05330
OG0000584	F9C07_2230610, F9C07_2284783, F9C07_7102	Afu5g07170, Afu8g02290	AN2225, AN2506	An17g00550
OG0000585	F9C07_1393570	Afu3g01310		An02g01060, An02g01130, An11g09410, An13g03430, An15g02550, An15g04190
OG0000586	F9C07_1395185, F9C07_1761657	Afu3g14690		An04g01140, An06g02230, An11g05560, An12g00920, An18g02320
OG0000587	F9C07_2065079	Afu4g05970, Afu6g07240	AN12152, AN3228, AN9259	An01g00870, An04g00170
OG0000588	F9C07_7139, F9C07_9976	Afu1g11250, Afu6g09600	AN11679, AN7529	An02g00990, An11g07760
OG0000589	F9C07_1474933, F9C07_1667711	Afu6g04800	AN6548, AN7925	An08g01020, An15g00500, An16g02880
OG0000590	F9C07_2221183, F9C07_2276617	Afu5g01248	AN3243, AN8549	An01g00610, An11g08150, An11g08790
OG0000591	F9C07_2282838, F9C07_6522		AN3601	An01g11270, An08g09710, An10g00120, An12g10050, An14g01235
OG0000592	F9C07_1634772	Afu6g00330	AN1590, AN3614, AN7092	An01g02260, An02g04790, An07g04490
OG0000593	F9C07_2278373, F9C07_2284554	Afu4g01020	AN2363, AN3214, AN9048	An12g10550, An18g01860
OG0000594	F9C07_2203772, F9C07_2224872, F9C07_8519	Afu1g13360, Afu3g14640, Afu7g01790	AN9133	An12g00870
OG0000595	F9C07_1641622, F9C07_1760061, F9C07_2277435	Afu7g01680	AN7203	An06g00830, An09g01620, An12g01030
OG0000596	F9C07_2192572	Afu1g03370, Afu4g01590, Afu4g01600		An06g00780, An07g01270, An08g07440, An12g01770
OG0000597	F9C07_2146, F9C07_2285225, F9C07_9141	Afu2g03720, Afu3g07430	AN3814, AN8605	An07g08300
OG0000598	F9C07_2071850, F9C07_2099635	Afu2g03290, Afu6g06750	AN4501, AN5744	An07g07760, An18g06270
OG0000599	F9C07_1283180, F9C07_9469	Afu3g03700, Afu3g11790	AN2869	An02g07610, An07g04860, An11g05070
OG0000600	F9C07_2089, F9C07_2276722	Afu4g11150, Afu6g14420	AN2810, AN5619	An04g05530, An15g03750
OG0000601	F9C07_2225091	Afu6g08000	AN3957, AN4195, AN8303, AN8777	An09g01020, An11g02980
OG0000602	F9C07_2253617, F9C07_2277040	Afu3g02520	AN3884	An02g00420, An03g05120, An04g10000, An07g00150
OG0000603	F9C07_2225425, F9C07_9873	Afu2g05640, Afu6g08540	AN3911, AN7478	An02g14070, An11g01490
OG0000604	F9C07_2127097	Afu1g16160, Afu2g05380, Afu6g09350, Afu6g12160, Afu8g06930	AN7507, AN8590	
OG0000605	F9C07_2206, F9C07_3020	Afu1g03610	AN4051	An01g14640, An09g00320, An13g03950, An18g04090
OG0000606	F9C07_1889, F9C07_2949	Afu2g04533, Afu5g01990	AN1863, AN8043	An11g03770, An16g01850
OG0000607	F9C07_1702, F9C07_8522	Afu5g01662, Afu7g01820	AN10906, AN11169	An04g09760, An12g00830
OG0000608	F9C07_11593, F9C07_11766	Afu2g17500, Afu8g01780	AN11114	An01g14550, An16g00550, An18g01740
OG0000609			AN2587, AN3395, AN4213, AN5639, AN6415, AN7400, AN9036, AN9444	
OG0000610			AN0481, AN0539, AN3325, AN3525, AN7129, AN7397	An11g05420, An11g07810
OG0000611	F9C07_12161, F9C07_2064526, F9C07_507	Afu7g06090, Afu7g06100	AN6752, AN6765	
OG0000612	F9C07_1178338, F9C07_12169			An01g09070, An01g10470, An07g06910, An09g04030, An15g05830
OG0000613	F9C07_12183, F9C07_1734191, F9C07_2203987, F9C07_2235862, F9C07_3373	Afu7g04890		An13g00730
OG0000614	F9C07_12213, F9C07_2228668, F9C07_2231270	Afu4g12320	AN3661, AN8025	An01g07625
OG0000615	F9C07_1047616, F9C07_1510834, F9C07_2205612, F9C07_2247592, F9C07_5305	Afu2g12820		An06g00970
OG0000616	F9C07_12262, F9C07_12269, F9C07_2276846, F9C07_2430, F9C07_618, F9C07_7887		AN9052	
OG0000617	F9C07_12270, F9C07_2233371	Afu2g00940	AN2115, AN7385	An04g10280, An14g01880
OG0000618	F9C07_2056361, F9C07_2073879, F9C07_2172991	Afu5g00830, Afu6g03380		An06g00150, An11g04090
OG0000619	F9C07_12336, F9C07_2167734, F9C07_2286783, F9C07_5825, F9C07_9285		AN7937	An09g00630
OG0000620	F9C07_2110400	Afu4g14080, Afu4g14085	AN8367, AN8368	An12g10420, An12g10430
OG0000621	F9C07_12348, F9C07_2230483, F9C07_8626	Afu3g00310, Afu7g01240	AN8363	An12g01910
OG0000622	F9C07_12874, F9C07_2287061	Afu5g01170, Afu7g01470	AN3412	An09g02510, An12g01340
OG0000623	F9C07_10799, F9C07_12376	Afu5g05560, Afu8g00595	AN3964, AN8861	An17g02287
OG0000624	F9C07_12394, F9C07_1583223, F9C07_7082	Afu4g02790, Afu5g02350	AN8024	An02g10460
OG0000625	F9C07_2205736, F9C07_2287764	Afu6g14120	AN10664	An01g01370, An06g01030, An12g10340
OG0000626	F9C07_11501, F9C07_1480307, F9C07_1826748, F9C07_1923942, F9C07_2259388, F9C07_4817	Afu4g08850		
OG0000627	F9C07_2287104, F9C07_2287240, F9C07_2287256		AN2186	An05g02480, An12g09760, An12g10180
OG0000628	F9C07_1603245, F9C07_1634165, F9C07_2110490	Afu6g11870	AN11794	An01g06760, An11g01420
OG0000629	F9C07_1925653, F9C07_1925659, F9C07_2203460	Afu5g01040	AN6450	An16g06440, An16g06450
OG0000630	F9C07_12475, F9C07_1360142	Afu4g00200	AN2029, AN2837, AN5263, AN5509	
OG0000631	F9C07_2287160, F9C07_5529	Afu1g14380	AN10122, AN10690	An03g02840, An12g05100
OG0000632	F9C07_2287176, F9C07_6387	Afu1g02970, Afu2g00770, Afu6g14510	AN10988	An14g03640
OG0000633	F9C07_12541, F9C07_2101502, F9C07_2280799		AN2319, AN4575	An07g05660, An14g04210
OG0000634	F9C07_1927746, F9C07_2578	Afu3g10660, Afu8g07210	AN4923	An02g06320, An07g04260
OG0000635	F9C07_12567, F9C07_2280155	Afu5g10290	AN1888, AN2334	An05g02040, An14g04410
OG0000636	F9C07_2070390, F9C07_2236829, F9C07_2282197	Afu7g00930		An02g00470, An06g02290, An14g05870
OG0000637	F9C07_1642487, F9C07_2287284, F9C07_4823	Afu3g00840	AN10930, AN4363	An03g00460
OG0000638	F9C07_1474347, F9C07_1935192	Afu8g02040	AN1620, AN2626	An03g01090, An05g02320
OG0000639	F9C07_12683, F9C07_145, F9C07_1536836, F9C07_2078159, F9C07_2281774, F9C07_2284527	Afu7g04920		
OG0000640	F9C07_1730715, F9C07_2154212, F9C07_2264035		AN11223	An06g02570, An09g00800, An13g03590
OG0000641	F9C07_12821, F9C07_2200413, F9C07_2237236	Afu8g02640	AN8894	An03g06230, An03g06760
OG0000642	F9C07_2226817, F9C07_2227460, F9C07_2264217	Afu8g05760	AN1563	An15g04440, An15g04660
OG0000643	F9C07_13048, F9C07_1953223, F9C07_2197643, F9C07_2284567		AN7316, AN9027	An02g01110
OG0000644	F9C07_129, F9C07_13221	Afu7g04190	AN5688, AN7375	An02g04530, An13g00740
OG0000645	F9C07_1953562, F9C07_5279, F9C07_7614	Afu8g01810	AN6621, AN7403	An05g02280
OG0000646	F9C07_2237186, F9C07_2283389	Afu3g08490, Afu5g01430	AN6796	An14g02840, An16g00930
OG0000647	F9C07_13168, F9C07_1807954, F9C07_2286603		AN9226	An11g00050, An12g07230, An13g03040
OG0000648	F9C07_2200595, F9C07_2287616, F9C07_7262	Afu2g10960	AN5913	An02g02870, An14g02160
OG0000649	F9C07_2232558, F9C07_2287634	Afu7g06320	AN10517, AN9516	An08g01920, An12g10750
OG0000650	F9C07_1015060, F9C07_2062115, F9C07_2287650	Afu1g03260, Afu4g04250	AN7027	An14g00590
OG0000651	F9C07_1382388, F9C07_2072709, F9C07_2237645, F9C07_2287664			An14g01200, An16g01070, An18g00060
OG0000652	F9C07_2074208, F9C07_2162202, F9C07_2237337	Afu5g09600	AN4811, AN8801	An07g03290
OG0000653	F9C07_12982, F9C07_2239639, F9C07_2283076	Afu6g13820	AN5402	An07g06720, An08g08490
OG0000654	F9C07_2264809, F9C07_2276798, F9C07_2276824	Afu6g13900	AN5376	An08g08300, An11g08330
OG0000655	F9C07_12872, F9C07_2107649		AN2818	An04g09960, An07g00580, An12g03370, An18g00460
OG0000656	F9C07_2060008, F9C07_2280442, F9C07_6631		AN11840, AN7874	An09g01760, An16g02300
OG0000657	F9C07_2282097, F9C07_5187	Afu4g06170	AN4324	An04g00480, An05g01080, An12g06630
OG0000658	F9C07_1832455, F9C07_2281241, F9C07_6948	Afu4g04210	AN7035	An14g00620, An17g00390
OG0000659	F9C07_2280458, F9C07_9928		AN8646	An01g14780, An14g07180, An16g06240, An18g01100
OG0000660	F9C07_2749, F9C07_5207	Afu3g15090, Afu6g13180	AN2494, AN5492	An08g10280
OG0000661	F9C07_2062318, F9C07_7511	Afu2g13300, Afu5g01480	AN10795, AN6721	An16g00890
OG0000662	F9C07_1287952, F9C07_2062254, F9C07_2087557, F9C07_2226695, F9C07_2276890, F9C07_2285757			An16g02230
OG0000663	F9C07_2280513	Afu2g05150, Afu4g03240	AN10311, AN10326, AN8484	An14g02100
OG0000664	F9C07_1759801, F9C07_2071321, F9C07_2280412, F9C07_5272			An06g00710, An16g02560, An16g06750
OG0000665	F9C07_1836359	Afu4g03321, Afu7g06080	AN7175	An09g00160, An12g02650, An14g01980
OG0000666	F9C07_1836412, F9C07_2074150	Afu4g03310	AN4485	An12g02990, An12g06070, An14g01970
OG0000667	F9C07_1299813, F9C07_5292	Afu1g04540	AN0432, AN6386	An01g03570, An15g06810
OG0000668	F9C07_2059578, F9C07_2233509, F9C07_2278454, F9C07_5298	Afu8g01420	AN5354	An11g05910
OG0000669	F9C07_10250, F9C07_1795, F9C07_2200636, F9C07_5300, F9C07_9424			An09g02370, An13g02620
OG0000670	F9C07_1419970, F9C07_5311	Afu3g01280	AN7404	An02g12500, An09g03800, An16g05960
OG0000671	F9C07_2280560	Afu5g14710	AN10914, AN12327, AN3561, AN5394, AN9309	
OG0000672	F9C07_1839838, F9C07_5384	Afu1g16050, Afu5g14950		An04g07900, An08g12080, An11g06400
OG0000673	F9C07_1014898, F9C07_1842770, F9C07_2073715, F9C07_2286478, F9C07_2286661, F9C07_343, F9C07_3478			
OG0000674	F9C07_2072768, F9C07_2260236, F9C07_5404	Afu5g07530, Afu8g00750	AN5431, AN8357	
OG0000675	F9C07_2228573, F9C07_5461	Afu4g03680, Afu6g03520	AN6655	An14g01480, An15g01840
OG0000676	F9C07_5469	Afu4g03700, Afu5g11090	AN0200, AN8975	An01g02170, An14g01450
OG0000677	F9C07_1847730, F9C07_2918	Afu1g14350	AN3889	An01g12400, An04g02770, An12g02700
OG0000678	F9C07_2280752, F9C07_2283398	Afu4g00520	AN10650, AN11203	An12g05740, An15g02240
OG0000679	F9C07_1001891, F9C07_1849091	Afu1g07240	AN11391, AN2486, AN3007	An02g05770
OG0000680	F9C07_2280881, F9C07_2283533	Afu5g13800	AN10108	An04g04710, An18g00850, An18g01300
OG0000681	F9C07_10259, F9C07_2235251, F9C07_2280937	Afu2g10160	AN0398, AN5990	An16g04830
OG0000682	F9C07_1091, F9C07_5806	Afu5g03830, Afu6g03210	AN5015	An01g10790, An12g10240
OG0000683	F9C07_1459, F9C07_1508275, F9C07_2229743, F9C07_2943	Afu2g14860	AN12033	An01g14420
OG0000684	F9C07_11601, F9C07_2229796	Afu2g08800, Afu5g09440	AN6118, AN8816	An12g04180
OG0000685	F9C07_1917, F9C07_2229802, F9C07_2280370	Afu1g01560	AN8501	An04g08620, An13g03130
OG0000686	F9C07_2201054	Afu2g08500, Afu2g08510	AN6147, AN6148	An12g03860, An12g03880
OG0000687	F9C07_1884458, F9C07_2202623	Afu2g08260	AN6167	An05g00950, An12g04330, An15g04420
OG0000688	F9C07_2105781, F9C07_2281190	Afu4g04740	AN2874, AN6978	An02g07480, An14g00080
OG0000689	F9C07_2201146	Afu4g04700, Afu4g04710	AN6982, AN6983	An14g00130, An14g00140
OG0000690	F9C07_1258809, F9C07_2231874	Afu3g10160	AN0742, AN4972, AN8930	An16g04000
OG0000691	F9C07_2282894, F9C07_7601, F9C07_8908	Afu2g03500	AN4482	An07g07980, An08g04670
OG0000692	F9C07_2226308, F9C07_2284142, F9C07_3233	Afu8g01830	AN7076	An01g03400, An12g05490
OG0000693	F9C07_1385466, F9C07_2218352, F9C07_2282962, F9C07_6246	Afu3g00430		An04g10090, An12g05820
OG0000694	F9C07_1493796, F9C07_2149359, F9C07_2220, F9C07_2278572	Afu1g03740	AN4018	An18g03980
OG0000695	F9C07_2102690, F9C07_2197502, F9C07_2212413, F9C07_9353	Afu1g06140	AN11626	An18g04810
OG0000696	F9C07_2232036, F9C07_2278281, F9C07_2285066, F9C07_8065	Afu5g00330, Afu6g03460		An07g04950
OG0000697	F9C07_11427, F9C07_3411	Afu2g15740	AN2177, AN5017	An06g00750, An15g05990
OG0000698	F9C07_1714, F9C07_3416	Afu2g08110, Afu2g15700	AN2180	An15g05940, An16g01620
OG0000699	F9C07_2285047, F9C07_2286861, F9C07_3452	Afu2g15160	AN2541	An01g00330, An09g00880
OG0000700	F9C07_2278050, F9C07_2278937, F9C07_2284794, F9C07_3563	Afu4g12180	AN3650	An01g07447
OG0000701	F9C07_2276630, F9C07_3621	Afu1g13990	AN0723, AN9208	An08g07150, An14g04750
OG0000702	F9C07_1473279, F9C07_1679864, F9C07_2276847, F9C07_2283314, F9C07_6342			An04g08420, An14g07190
OG0000703	F9C07_1145249, F9C07_3809, F9C07_6562	Afu1g17280		An04g08290, An09g01490, An09g04690
OG0000704	F9C07_1527109, F9C07_2223803, F9C07_4514		AN7790, AN8474	An04g03080, An13g02240
OG0000705	F9C07_2246455, F9C07_2283388, F9C07_7420	Afu4g02840	AN1841	An12g05260, An15g05470
OG0000706	F9C07_3837, F9C07_6293	Afu3g00720, Afu5g07310	AN2236	An03g01160, An17g00750
OG0000707	F9C07_1299808, F9C07_2283483	Afu1g04510, Afu3g13080	AN0435, AN10356	An01g03600
OG0000708	F9C07_2232611, F9C07_4791	Afu3g01080, Afu3g12760	AN1625, AN8147	An02g08740
OG0000709	F9C07_2256829, F9C07_2281409	Afu2g14210	AN6346	An03g04520, An14g03280, An18g02550
OG0000710	F9C07_2054903, F9C07_2283588	Afu1g06960, Afu2g04870	AN5162	An07g09530, An11g04550
OG0000711	F9C07_1324389, F9C07_1543181	Afu1g07030, Afu4g11770	AN10695	An01g07100, An07g09590
OG0000712	F9C07_2937, F9C07_4123	Afu1g07440, Afu2g04620	AN2062, AN5129	An11g04180
OG0000713	F9C07_10007, F9C07_10764, F9C07_1721569	Afu5g04220	AN8274	An02g11090, An09g06670
OG0000714	F9C07_10725, F9C07_2259344	Afu2g17540, Afu5g03790		An01g08960, An14g05370, An15g05520
OG0000715	F9C07_10622	Afu3g09510, Afu5g02870	AN8163	An08g08400, An08g09650, An09g04850
OG0000716	F9C07_2106860	Afu5g02840	AN12250, AN2544, AN5067	An09g04810, An16g06610
OG0000717	F9C07_1475991, F9C07_1580899	Afu2g13985	AN2377, AN6373, AN8304	An12g08700
OG0000718	F9C07_10546, F9C07_9084	Afu3g02290, Afu5g12940	AN6847	An01g06640, An08g08530
OG0000719	F9C07_10527	Afu5g02420, Afu5g02430	AN8014, AN8015	An02g10370, An02g10380
OG0000720	F9C07_2091363, F9C07_2278731	Afu7g04840, Afu8g07270	AN2805, AN3009	An02g10340
OG0000721	F9C07_2075433, F9C07_2244636, F9C07_2284211			An01g01380, An01g13700, An07g05970, An11g06060
OG0000722	F9C07_2133281, F9C07_2159521, F9C07_2276858, F9C07_2276859	Afu6g03120		An12g03380, An12g03400
OG0000723	F9C07_1356806, F9C07_2283936	Afu1g01520	AN2710, AN6833, AN6951, AN7638	
OG0000724	F9C07_10440, F9C07_1877, F9C07_4451, F9C07_84	Afu4g03090	AN2473	An14g02280
OG0000725	F9C07_10408, F9C07_2286378	Afu3g06400	AN10583, AN7340	An11g09940, An15g06840
OG0000726	F9C07_2056200, F9C07_2283994, F9C07_2285774	Afu1g06440, Afu4g01080	AN4241	An18g05450
OG0000727	F9C07_10269, F9C07_2070186	Afu2g12790	AN2358, AN4098	An07g05750, An18g04910
OG0000728	F9C07_10240, F9C07_1354702	Afu4g00240, Afu5g00930, Afu8g05860		An05g01740, An09g00400
OG0000729	F9C07_2166952, F9C07_2190440, F9C07_9945	Afu6g00450, Afu6g09040	AN1772	An12g10390
OG0000730	F9C07_10207, F9C07_1357224, F9C07_9199	Afu8g01520, Afu8g06880	AN3390	An04g09690
OG0000731	F9C07_10186, F9C07_2285775, F9C07_7993	Afu1g01460, Afu4g01090, Afu8g06620		An08g01280
OG0000732	F9C07_2059323, F9C07_7767		AN0028, AN2639	An03g06470, An12g02330, An15g07830
OG0000733	F9C07_2226913, F9C07_2235280, F9C07_2251625	Afu3g02210, Afu3g02213		An01g02050, An15g06980
OG0000734	F9C07_2278653, F9C07_9313	Afu1g17670, Afu7g00590	AN3392, AN6742	An07g01440
OG0000735	F9C07_11984, F9C07_2058890, F9C07_2278781	Afu3g07410	AN6459, AN8152	An09g01320
OG0000736	F9C07_1379818, F9C07_2278726		AN11215, AN2371, AN6468, AN6769	An11g01260
OG0000737	F9C07_2201976, F9C07_2278729	Afu5g11110, Afu7g06170	AN0193, AN7239	An01g02190
OG0000738	F9C07_2057969, F9C07_2281358	Afu4g01480	AN3041, AN8911	An02g00760, An18g01070
OG0000739	F9C07_1014277	Afu4g01500	AN1643, AN7062	An09g01370, An11g00180, An18g01050
OG0000740	F9C07_1182, F9C07_2082249	Afu1g15550	AN0885, AN9328	An01g13790, An18g01390
OG0000741	F9C07_331	Afu8g06340	AN12312, AN9501	An04g10230, An08g08410, An16g02390
OG0000742	F9C07_2071493, F9C07_2251435, F9C07_2278787	Afu1g01240, Afu7g05080	AN8426	An01g01330
OG0000743	F9C07_11021, F9C07_347, F9C07_9507	Afu3g02790, Afu4g00460	AN8593	An11g01410
OG0000744	F9C07_2282187, F9C07_362	Afu6g03030	AN8756	An03g02320, An12g07390, An15g07050
OG0000745	F9C07_2278840, F9C07_4361	Afu3g03460, Afu6g10760	AN9497	An11g00640, An11g10250
OG0000746	F9C07_1018541, F9C07_2096538	Afu4g13570	AN6094	An01g00930, An01g09330, An03g01710
OG0000747	F9C07_12004, F9C07_1822, F9C07_2101438, F9C07_2284786, F9C07_2286593, F9C07_2286602, F9C07_501			
OG0000748	F9C07_2227423, F9C07_2235612, F9C07_617	Afu3g02785	AN6056	An08g09080, An15g04110
OG0000749	F9C07_1607423, F9C07_2135969, F9C07_2225376, F9C07_2231488, F9C07_2234865, F9C07_2285477		AN12400	
OG0000750	F9C07_2059595, F9C07_2108716, F9C07_2282605	Afu1g01020, Afu8g06400	AN8019	An18g00540
OG0000751	F9C07_2228369, F9C07_6675, F9C07_719, F9C07_9068	Afu1g01430, Afu3g13700		An06g01170
OG0000752	F9C07_1058271, F9C07_4292	Afu1g02390, Afu8g07300	AN0325	An01g05800, An07g05740
OG0000753	F9C07_1061164	Afu1g01960, Afu8g00980	AN0364, AN2597	An01g06330, An13g04070
OG0000754	F9C07_2235345, F9C07_974	Afu1g12050, Afu4g09540	AN10238, AN11841	An08g04310
OG0000755	F9C07_2279326	Afu1g17010, Afu2g17300, Afu8g02500	AN0629	An01g09830, An13g02540
OG0000756	F9C07_1110, F9C07_8441	Afu1g16250	AN0941, AN7345, AN8953	An01g10930
OG0000757	F9C07_1077781	Afu1g01340, Afu1g15680, Afu3g01640	AN0902	An01g14020, An04g04080
OG0000758	F9C07_1190, F9C07_2238976, F9C07_2250030	Afu4g11650	AN5571	An04g04750, An06g00390
OG0000759	F9C07_10920, F9C07_1293, F9C07_8650, F9C07_9400	Afu3g09690	AN3079	An16g03330
OG0000760	F9C07_2279600	Afu1g16120, Afu5g15030, Afu8g07150	AN10571	An04g07690, An05g01170
OG0000761	F9C07_11692, F9C07_1393, F9C07_2276929, F9C07_2276942, F9C07_2285679, F9C07_7243	Afu2g00400		
OG0000762	F9C07_1537, F9C07_2125189, F9C07_2867	Afu2g03980	AN3790, AN9042	An07g08640
OG0000763	F9C07_1541, F9C07_2277573	Afu2g04010, Afu6g12950	AN5523	An07g08710, An08g10510
OG0000764	F9C07_1566, F9C07_2282498	Afu6g07470	AN5213	An07g08960, An08g11960, An15g04950
OG0000765	F9C07_10887, F9C07_2284	Afu1g04390	AN0459	An01g03250, An01g15110, An07g06480
OG0000766	F9C07_2102588, F9C07_2213909, F9C07_2284512	Afu6g03680	AN6404	An14g04510, An15g01970
OG0000767	F9C07_2219293, F9C07_9027			An01g08630, An01g11180, An08g06180, An10g00190, An11g00350
OG0000768	F9C07_1140230, F9C07_9171	Afu6g01870	AN4642, AN8661	An03g01430, An12g09260
OG0000769	F9C07_11507, F9C07_2059903	Afu1g05570, Afu5g14410	AN4081	An04g07230, An18g04410
OG0000770	F9C07_2280147, F9C07_4935	Afu1g06150, Afu4g07810	AN3866, AN4217	An04g02220
OG0000771	F9C07_11180, F9C07_7897	Afu4g13080	AN4148, AN5029, AN8972	An01g08780
OG0000772	F9C07_2057570, F9C07_2228971	Afu6g11640, Afu8g01140	AN8298, AN9047	An13g02140
OG0000773	F9C07_1728700, F9C07_2235937, F9C07_2276638, F9C07_4194		AN12369	An02g13630, An06g02160
OG0000774	F9C07_2070558, F9C07_4215	Afu1g12450, Afu2g00880	AN1736, AN8973	An12g05830
OG0000775	F9C07_4227, F9C07_4411		AN2466, AN2974, AN9184	An02g00590, An11g01100
OG0000776	F9C07_4243, F9C07_7717	Afu5g14850	AN9311	An03g01320, An12g05170, An12g07240
OG0000777	F9C07_2230153	Afu5g15060	AN1594, AN3252, AN9314	An11g06270, An18g02710
OG0000778	F9C07_4327	Afu2g14540	AN11473, AN3046, AN6428	An12g02540, An15g04570
OG0000779	F9C07_2276629, F9C07_4414	Afu4g13930, Afu7g06760	AN0485, AN6785	An01g14510
OG0000780	F9C07_2281519, F9C07_7733	Afu6g10250	AN7201	An01g01750, An03g01010, An11g01110
OG0000781	F9C07_2066237	Afu6g10290, Afu6g10310	AN7190, AN7191	An11g01190, An11g01200
OG0000782	F9C07_2057525, F9C07_2230417, F9C07_2230842, F9C07_2276870	Afu4g07410	AN5262	An16g01090
OG0000783	F9C07_2230497	Afu1g12220, Afu1g12230	AN8085	An08g04620, An10g00960, An11g01930
OG0000784	F9C07_4696, F9C07_4777	Afu4g09140, Afu8g02150	AN1810	An04g04130, An11g08870
OG0000785	F9C07_2278371, F9C07_2281777	Afu4g13820	AN2368, AN3301	An01g15130, An02g10830
OG0000786	F9C07_1394591, F9C07_2285759	Afu3g02060	AN0498, AN1691, AN5369	An01g14690
OG0000787	F9C07_5069	Afu3g07740, Afu4g06610	AN2913, AN4375	An02g12850, An04g00930
OG0000788	F9C07_2230978	Afu4g06140, Afu5g06940	AN10540, AN6661	An01g02980, An04g00410
OG0000789	F9C07_2066794, F9C07_6997	Afu7g03770	AN4276, AN4289, AN8572	An13g00130
OG0000790	F9C07_2065817, F9C07_2285218	Afu6g12230, Afu7g04010	AN4257	An02g13770, An13g00460
OG0000791	F9C07_7056	Afu6g02980, Afu8g07265	AN8761, AN9045	An11g04040, An12g07500
OG0000792	F9C07_2278505, F9C07_7062, F9C07_8090	Afu6g03060	AN6669, AN8737	An12g07450
OG0000793	F9C07_1436975	Afu1g01000, Afu3g13720, Afu5g11160, Afu8g00110	AN10026	An01g02240
OG0000794	F9C07_1437048, F9C07_2234366	Afu5g11240	AN0179, AN0618, AN8398	An01g02340
OG0000795	F9C07_7152	Afu5g11500, Afu5g11510	AN10039, AN9540	An18g03270, An18g04460
OG0000796	F9C07_2245974, F9C07_7237	Afu2g02530, Afu8g06280	AN4563	An07g06080, An11g01350
OG0000797	F9C07_2221015, F9C07_2285025	Afu3g03970, Afu5g10060	AN3862	An01g00250, An08g09460
OG0000798	F9C07_7545	Afu2g18050, Afu4g00430, Afu7g06580	AN5417, AN9231	An14g02950
OG0000799	F9C07_2243339, F9C07_2481	Afu3g11560	AN2890, AN3885	An02g00100, An02g07360
OG0000800	F9C07_2105759, F9C07_2278087	Afu4g11800, Afu7g04930, Afu7g08340	AN5558	An09g03780
OG0000801	F9C07_6723		AN10028	An02g13270, An04g06860, An09g01340, An09g01850, An14g03610
OG0000802	F9C07_1635571, F9C07_2233702, F9C07_8685		AN8977	An05g02030, An10g00900, An16g06620
OG0000803	F9C07_2258553	Afu3g03780, Afu7g05050, Afu7g06710		An04g09900, An07g06270, An15g02050
OG0000804	F9C07_1638698	Afu2g01240, Afu5g00480, Afu5g00530	AN11778	An11g03200, An12g08280
OG0000805	F9C07_2222514, F9C07_9704	Afu5g14315	AN6802	An01g13720, An12g06470, An13g04030
OG0000806	F9C07_2130885, F9C07_6418	Afu1g04950	AN0410	An01g04050, An01g04120, An12g02980
OG0000807	F9C07_2091, F9C07_2284720	Afu4g11180	AN5617	An01g00970, An04g05500, An11g04000
OG0000808	F9C07_1643199, F9C07_9095	Afu2g00530, Afu5g13060	AN6861	An07g06330, An10g00830
OG0000809	F9C07_6287	Afu5g06800, Afu8g01240	AN2241, AN4118	An05g01830, An17g00790
OG0000810	F9C07_1653519, F9C07_6269	Afu5g06630, Afu5g06640	AN2254, AN9535	An17g01040
OG0000811	F9C07_2070054, F9C07_2164184, F9C07_2285515	Afu3g14980	AN11051, AN4686	An03g05260
OG0000812	F9C07_12125, F9C07_2108393, F9C07_2278149	Afu3g05480	AN3456	An01g10010, An11g11160
OG0000813	F9C07_8842	Afu6g02730	AN11116, AN2656, AN5650, AN8955	An12g08320
OG0000814	F9C07_2234544	Afu3g13680, Afu6g02790	AN5946, AN8749	An09g02530, An14g01950
OG0000815	F9C07_11505, F9C07_2070441	Afu5g12490, Afu5g13780	AN5292, AN7640	An14g06730
OG0000816	F9C07_2285541	Afu1g13822, Afu2g13175, Afu8g06070	AN0005, AN0006	An03g02250
OG0000817	F9C07_1720266, F9C07_1827	Afu4g00990	AN3220	An07g06300, An16g06580, An18g01700
OG0000818	F9C07_2285578, F9C07_2285683	Afu2g14630	AN10505, AN7828, AN9383	An14g05340
OG0000819	F9C07_2224863, F9C07_8005	Afu1g01260, Afu4g02870	AN3195	An01g01350, An14g02910
OG0000820	F9C07_2225033	Afu4g14060, Afu4g14290, Afu7g08650	AN7280	An08g12170, An18g02760
OG0000821	F9C07_2053677, F9C07_9659	Afu6g07950	AN2324, AN4175	An11g02870, An12g10660
OG0000822	F9C07_2128, F9C07_2277047	Afu4g11540, Afu6g08470	AN3916, AN5589	An04g04890
OG0000823	F9C07_2204783, F9C07_9935	Afu3g02050	AN1754, AN8607	An11g06690, An18g01930
OG0000824	F9C07_9983		AN3531, AN7267	An03g00130, An04g08890, An11g05600, An18g00940
OG0000825	F9C07_10005, F9C07_2278381	Afu6g00360	AN5387	An02g11060, An12g05470, An13g01480
OG0000826	F9C07_2056299, F9C07_2285871	Afu1g02090	AN7194	An02g14970, An11g08950, An16g00410
OG0000827	F9C07_3136	Afu6g06620, Afu6g06630	AN10705, AN10724	An18g06430, An18g06440
OG0000828	F9C07_2986	Afu2g04200, Afu4g10620	AN1899	An04g01280, An07g01900, An11g02200
OG0000829	F9C07_2970	Afu2g04380	AN2891, AN8492, AN9193	An11g07060, An15g04920
OG0000830	F9C07_2277657	Afu3g09930, Afu3g09935	AN4994, AN4995	An16g03610, An16g03620
OG0000831	F9C07_2080583	Afu1g04760, Afu1g04770	AN0427, AN10089	An01g03660, An01g03670
OG0000832	F9C07_11935, F9C07_2264	Afu1g04150, Afu8g01160	AN4003, AN4822	An01g03030
OG0000833	F9C07_2173, F9C07_8313	Afu5g13840	AN1202	An08g02850, An11g05440, An12g09910
OG0000834	F9C07_1327968	Afu4g11190, Afu7g00690	AN5616	An02g10160, An04g05490, An09g00070
OG0000835	F9C07_1799, F9C07_1800	Afu8g05770	AN4848, AN5423	An04g07960, An18g00170
OG0000836	F9C07_1779	Afu8g05870	AN7918, AN8555	An09g00420, An15g04360, An16g04220
OG0000837	F9C07_2278429		AN3477, AN5289	An08g09860, An09g01430, An09g03200, An17g00580
OG0000838	F9C07_2278499, F9C07_2285877, F9C07_7879	Afu3g12960, Afu6g09670	AN8408	An09g00560
OG0000839	F9C07_1729830, F9C07_2166915	Afu2g14460		An05g01210, An08g05320, An09g00620, An15g04280
OG0000840	F9C07_1733996	Afu2g14470, Afu2g14480	AN6876	An04g04440, An11g07510, An15g04290
OG0000841	F9C07_8231	Afu1g11650	AN11089, AN1129	An06g02600, An08g03900, An15g05670
OG0000842	F9C07_11644, F9C07_2286189		AN7944, AN7957, AN8373, AN9493	An03g06420
OG0000843	F9C07_11995		AN10268, AN5074	An07g00880, An11g06030, An14g07240, An19g00080
OG0000844	F9C07_11992	Afu3g13690, Afu4g01370, Afu4g01420, Afu5g02660	AN2606	An01g02330
OG0000845	F9C07_11963	Afu4g14630	AN5846	An03g01030, An03g06000, An18g00510, An18g01630
OG0000846	F9C07_11628	Afu5g09290	AN10335	An06g02360, An07g00730, An07g03720, An19g00290
OG0000847	F9C07_2286756	Afu5g09560, Afu8g00260	AN8805	An06g02110, An07g03370, An07g09200
OG0000848	F9C07_2074138	Afu7g00210	AN0035, AN13001, AN1569, AN2615	An16g06200
OG0000849		Afu1g00550, Afu1g00910	AN7975	An02g03060, An05g02110, An12g06940, An13g03520
OG0000850		Afu1g17550, Afu3g01872	AN11824, AN1626, AN1640, AN2408, AN8923	
OG0000851		Afu3g14710, Afu8g00230	AN12002, AN9227, AN9246, AN9254	An01g06860
OG0000852			AN4644	An01g02730, An01g14560, An03g02630, An04g09940, An07g01060, An11g03600
OG0000853			AN12325, AN20054, AN2617	An12g02170, An12g02180, An12g09970, An12g09980
OG0000854				An02g00710, An02g06500, An09g02650, An12g09720, An14g06140, An14g07070, An14g07090
OG0000855	F9C07_1355316, F9C07_2076020, F9C07_6575			An03g05770, An13g03480, An18g00620
OG0000856	F9C07_2110266, F9C07_2278936, F9C07_2285735	Afu5g14760	AN10997	An05g01370
OG0000857	F9C07_2286921, F9C07_354, F9C07_47, F9C07_6536		AN12340	An05g01380
OG0000858	F9C07_12215, F9C07_2225313	Afu8g00920	AN9172	An03g03480, An08g09980
OG0000859	F9C07_12218, F9C07_2076946	Afu1g17720, Afu8g00910	AN9159	An03g01180
OG0000860	F9C07_12219, F9C07_2278287, F9C07_4267		AN11550	An03g03420, An13g02270
OG0000861	F9C07_12230, F9C07_2199345, F9C07_2285123, F9C07_9564			An08g10170, An14g04760
OG0000862	F9C07_12239, F9C07_2076829	Afu1g11530	AN3701, AN9425	An03g02490
OG0000863	F9C07_12246, F9C07_1379838	Afu7g01200	AN3377	An07g00320, An14g03250
OG0000864	F9C07_12251	Afu7g01170	AN3379	An01g00420, An01g01580, An12g01970
OG0000865	F9C07_12952, F9C07_2236497, F9C07_2283072	Afu3g02780	AN8621	An15g05460
OG0000866	F9C07_2077362, F9C07_2236502, F9C07_2278857	Afu6g00580		An02g10560, An07g02780
OG0000867	F9C07_12272, F9C07_5813	Afu7g00870	AN4357	An05g01270, An11g03420
OG0000868	F9C07_12273, F9C07_12790, F9C07_2204518, F9C07_2281648, F9C07_2284497	Afu1g17400		
OG0000869	F9C07_11972, F9C07_1918080	Afu2g17770, Afu8g00650	AN10601	An03g02880
OG0000870	F9C07_2195757	Afu3g14750, Afu5g14290		An01g15150, An08g10880, An09g06210
OG0000871	F9C07_2077446, F9C07_3466	Afu2g15312	AN10973	An01g09940, An08g10920
OG0000872	F9C07_2265013, F9C07_2285673, F9C07_2286411, F9C07_2287027	Afu7g08605		An09g03750
OG0000873	F9C07_12354	Afu6g12130, Afu7g01310	AN3369, AN6832	An12g01870
OG0000874	F9C07_12377	Afu3g00540, Afu6g14520, Afu7g01490	AN3408	An12g01210
OG0000875	F9C07_12378, F9C07_12803, F9C07_12909, F9C07_2287155, F9C07_4321			An03g02110
OG0000876	F9C07_10507, F9C07_12899, F9C07_2278447, F9C07_2287074	Afu3g03040		An14g02980
OG0000877	F9C07_1642605, F9C07_2287101	Afu3g01270	AN2333	An01g06800, An15g05120
OG0000878	F9C07_2108937, F9C07_2109804, F9C07_2109805, F9C07_2195930, F9C07_7891		AN12032	
OG0000879	F9C07_12658, F9C07_2173607, F9C07_63, F9C07_7934, F9C07_8721			An12g07150
OG0000880	F9C07_2282880, F9C07_2287158	Afu5g07500	AN5422	An06g02280, An08g09770
OG0000881	F9C07_12506, F9C07_2280581	Afu1g17060, Afu4g03460	AN7170	An14g02540
OG0000882	F9C07_2173772, F9C07_8676	Afu5g10570	AN2317	An12g09470, An14g04160
OG0000883	F9C07_2236789, F9C07_2285744	Afu4g02700, Afu4g13750	AN3393, AN7962	
OG0000884	F9C07_11325, F9C07_1931608, F9C07_2284069, F9C07_3880, F9C07_8007	Afu8g01660		
OG0000885	F9C07_2236793, F9C07_2258970, F9C07_2285239	Afu2g03560	AN4479	An07g08100
OG0000886	F9C07_1933092, F9C07_8906	Afu2g03510	AN2555	An05g02170, An07g08030
OG0000887	F9C07_2219729, F9C07_2263888, F9C07_2287329	Afu8g00470	AN3295	An08g10950
OG0000888	F9C07_12650, F9C07_7787	Afu1g17150	AN7346, AN8596	An01g09580
OG0000889	F9C07_11663, F9C07_1934393	Afu5g08910	AN10656, AN4690	An07g04300
OG0000890	F9C07_11535, F9C07_2110689, F9C07_2249073, F9C07_2280479	Afu8g01270	AN9318	
OG0000891	F9C07_12655, F9C07_1732850, F9C07_2232950, F9C07_2234066, F9C07_2283136, F9C07_2283138			
OG0000892	F9C07_12668, F9C07_2239210, F9C07_2279599	Afu8g01600	AN2808	An18g01420
OG0000893	F9C07_12671, F9C07_6654	Afu6g01830	AN3236	An15g05200, An18g00820
OG0000894	F9C07_1937364	Afu7g06960	AN10888, AN3633	An03g06390, An05g02570
OG0000895	F9C07_1185498, F9C07_12734	Afu3g00140	AN8652, AN9352	An13g02300
OG0000896	F9C07_12736, F9C07_2276640	Afu4g13765		An02g13280, An09g02990, An12g06060
OG0000897	F9C07_2144229, F9C07_2283322, F9C07_2287377	Afu7g00470	AN3969	An12g03160
OG0000898	F9C07_2264556, F9C07_2287382		AN11905, AN11906	An03g00900, An09g00610
OG0000899	F9C07_2174436, F9C07_2198717	Afu4g10080	AN2044	An04g06980, An16g01900
OG0000900	F9C07_1938099	Afu4g13910, Afu5g12760	AN8093, AN8633	An07g03110
OG0000901	F9C07_2237001, F9C07_2284572	Afu3g00180	AN1650, AN6659	An01g09540
OG0000902	F9C07_2287457	Afu8g03930	AN12473	An07g09990, An12g06890, An16g09260
OG0000903	F9C07_2287468	Afu1g00440, Afu8g04110, Afu8g06560	AN1427	An16g09020
OG0000904	F9C07_2174833, F9C07_2282265	Afu1g00420, Afu8g04120	AN1426	An16g09010
OG0000905	F9C07_13247, F9C07_2851	Afu4g14205	AN7378	An11g03450, An15g07560
OG0000906	F9C07_2248996, F9C07_2287552	Afu4g14050, Afu5g06905, Afu8g06260	AN2647	
OG0000907	F9C07_13201, F9C07_9746	Afu4g04020, Afu6g12170	AN3598	An14g00850
OG0000908	F9C07_2206176, F9C07_2224516	Afu8g05980		An09g04230, An11g07640, An18g01600
OG0000909	F9C07_1000428, F9C07_2278529, F9C07_2278535, F9C07_2287613		AN10789, AN2677	
OG0000910	F9C07_1389116, F9C07_2237264	Afu3g13620	AN8614	An11g03810, An14g07370
OG0000911	F9C07_1263532, F9C07_2206197	Afu3g10570	AN10630, AN4932	An16g04540
OG0000912	F9C07_2237284, F9C07_2283120		AN10121, AN7362	An06g00700, An14g01510
OG0000913	F9C07_2175553, F9C07_2284133, F9C07_6409	Afu5g00840	AN7395	An03g01000
OG0000914	F9C07_1537556, F9C07_2264537	Afu1g09730	AN1292	An02g01180, An08g01510
OG0000915	F9C07_1380, F9C07_2287647	Afu3g09060	AN3036, AN7093	An16g02595
OG0000916	F9C07_2287673	Afu4g01300, Afu4g14600, Afu5g01090	AN3499	An05g02500
OG0000917	F9C07_13058, F9C07_76	Afu8g07040	AN1821	An03g01390, An15g02070
OG0000918	F9C07_2203472, F9C07_2287694, F9C07_3216, F9C07_5476			An02g11890, An14g01330
OG0000919	F9C07_2077489, F9C07_2095383, F9C07_6681		AN5550	An01g14760, An11g09080
OG0000920	F9C07_1956837		AN2923	An01g01000, An07g01740, An11g02090, An12g09860
OG0000921	F9C07_1680610, F9C07_2068408, F9C07_2107484, F9C07_2197175	Afu4g13872, Afu7g00530		
OG0000922	F9C07_12924, F9C07_6412	Afu2g00840, Afu4g13900	AN7648	An10g00690
OG0000923	F9C07_1961368, F9C07_2107378, F9C07_2285808	Afu4g09480	AN1818	An03g00940
OG0000924	F9C07_1784, F9C07_2237518	Afu2g14430	AN3349, AN8438	An11g08290
OG0000925	F9C07_1783, F9C07_2276684, F9C07_2287840			An11g05680, An12g05360, An18g02740
OG0000926	F9C07_2281596, F9C07_2287845		AN7227, AN7787, AN8471	An11g03790
OG0000927	F9C07_2200498	Afu3g02700	AN0680, AN1028, AN6790	An14g03440
OG0000928	F9C07_2106044, F9C07_5155	Afu2g15420, Afu6g11720	AN7598	An08g04630
OG0000929	F9C07_1622823, F9C07_5164	Afu1g17050	AN9317	An03g01670, An10g00970
OG0000930	F9C07_2277486, F9C07_5165	Afu2g05060	AN2099	An11g04810, An11g08460
OG0000931	F9C07_2286847, F9C07_5170	Afu4g01290, Afu6g00500, Afu8g00930		An04g04530
OG0000932	F9C07_2183782, F9C07_2278506	Afu2g00420, Afu2g17810	AN7877	An02g00530
OG0000933	F9C07_2280452, F9C07_9820	Afu1g06590, Afu7g06750	AN11348	An15g07520
OG0000934	F9C07_2200555, F9C07_2276655	Afu8g00680	AN8444	An02g05730, An03g05740
OG0000935	F9C07_3810, F9C07_5226	Afu2g00230	AN0394, AN8525	An15g07360
OG0000936	F9C07_2291, F9C07_5243	Afu1g04730	AN0452	An01g03340, An03g05530
OG0000937	F9C07_1485064, F9C07_2280568	Afu4g03410	AN7169	An14g02460, An18g01780
OG0000938	F9C07_2053982, F9C07_2063018, F9C07_2070048		AN10432	An11g05820, An12g03280
OG0000939	F9C07_2280600	Afu3g11490	AN8198	An01g03200, An02g00240, An15g03860
OG0000940	F9C07_2063902	Afu1g16060, Afu5g14960, Afu5g14970	AN7980, AN9022	
OG0000941	F9C07_11969, F9C07_2278704, F9C07_2284079, F9C07_5390	Afu3g02120		An02g10970
OG0000942	F9C07_1842512	Afu4g14400, Afu6g09300, Afu7g08270	AN3546	An08g11160
OG0000943	F9C07_2217863, F9C07_2280616	Afu3g10790	AN10866, AN4910	An02g06460
OG0000944	F9C07_2241402, F9C07_2281602, F9C07_6714	Afu2g00500, Afu6g09865	AN8602	
OG0000945	F9C07_2063796, F9C07_2200731, F9C07_2280740, F9C07_2280741, F9C07_5412			An11g07550
OG0000946	F9C07_2148, F9C07_2279979, F9C07_2280638	Afu4g11730	AN5563	An01g06970
OG0000947	F9C07_2280642, F9C07_2285030, F9C07_3889	Afu6g00750	AN8396	An09g01030
OG0000948	F9C07_2231266, F9C07_5521	Afu1g14490, Afu6g00370	AN0780	An01g12460
OG0000949	F9C07_5542	Afu1g14270	AN0764, AN9363	An01g12310, An02g11530
OG0000950	F9C07_2214086, F9C07_2280753, F9C07_8505	Afu7g01710	AN9130	An12g01000
OG0000951	F9C07_2278321, F9C07_2280758	Afu5g01030, Afu5g01970	AN8041	An16g01830
OG0000952	F9C07_5568, F9C07_596	Afu3g01260, Afu8g01250	AN11810	An01g06750
OG0000953	F9C07_2280768, F9C07_2285069	Afu8g06770	AN12193, AN7943	An07g05430
OG0000954	F9C07_2220242, F9C07_2280775			An04g09990, An07g06650, An07g06820, An08g11680
OG0000955	F9C07_2056296, F9C07_2229494		AN2839, AN7921, AN7951	An03g00160
OG0000956	F9C07_2279948, F9C07_5630	Afu2g02040	AN8983	An02g08970, An07g05880
OG0000957	F9C07_11511, F9C07_5636	Afu2g02110, Afu4g01340	AN4590	An07g06880
OG0000958	F9C07_1856964, F9C07_2229698	Afu2g10530, Afu8g06530	AN12490	An02g06020
OG0000959	F9C07_2280925	Afu2g10280	AN5977	An01g01640, An09g01810, An16g04710
OG0000960	F9C07_2225575, F9C07_2283107, F9C07_5875			An04g04580, An08g09930, An11g05870
OG0000961	F9C07_2281031	Afu2g09440, Afu8g06570	AN6093, AN8320	An12g05010
OG0000962	F9C07_2098895, F9C07_5911	Afu2g09150	AN11710, AN6078	An12g04800
OG0000963	F9C07_11235, F9C07_2103785	Afu2g09140	AN11154	An05g01490, An12g04790
OG0000964	F9C07_1880650, F9C07_3317	Afu2g08430	AN6393	An02g07160, An12g03670
OG0000965	F9C07_1184201, F9C07_2281110	Afu7g06200	AN8434	An01g00660, An15g04840
OG0000966	F9C07_1756523, F9C07_2229842	Afu1g09980, Afu8g01400	AN1269	An08g01800
OG0000967	F9C07_2285814, F9C07_5994	Afu2g08350, Afu3g02080, Afu3g15390		An12g03550
OG0000968	F9C07_2086503	Afu2g08060	AN12480	An05g00628, An06g00690, An12g09550
OG0000969	F9C07_11521, F9C07_2281196	Afu4g04680	AN1568, AN6985	An14g00160
OG0000970	F9C07_2147258, F9C07_2283918	Afu4g04150, Afu7g06570	AN10876	An14g00680
OG0000971	F9C07_2068117, F9C07_3186	Afu2g16890	AN7293	An01g10290, An04g08990
OG0000972	F9C07_1210276, F9C07_1485916, F9C07_2239839	Afu2g06130	AN7434	An02g14770
OG0000973	F9C07_1489967	Afu1g17590, Afu7g04910	AN2336, AN7691	An01g14940
OG0000974	F9C07_11422, F9C07_2285604, F9C07_3260	Afu5g00600	AN3211	An14g02660
OG0000975	F9C07_2136012, F9C07_2155147	Afu1g12500, Afu8g05630	AN1555	An09g02290
OG0000976	F9C07_2214, F9C07_3272	Afu1g03690, Afu6g11590	AN4023, AN5232	
OG0000977	F9C07_1491403, F9C07_1591963	Afu1g01650	AN3994	An15g02620, An16g00040
OG0000978	F9C07_3321	Afu6g10830	AN0103, AN6391	An11g00420, An12g02970
OG0000979	F9C07_1194, F9C07_12136, F9C07_2155525	Afu3g05370	AN3466	An11g11280
OG0000980	F9C07_1496557	Afu3g00740	AN10126, AN8494	An06g02350, An12g10100
OG0000981	F9C07_2286596, F9C07_3424	Afu2g15620	AN7610	An11g00140, An15g05810
OG0000982	F9C07_1507340, F9C07_1921	Afu3g02900	AN1831	An04g04170, An04g08020
OG0000983	F9C07_2286681, F9C07_3487, F9C07_7527	Afu4g03520	AN9531	An01g06780
OG0000984	F9C07_1508583	Afu2g14930	AN5426, AN7564	An02g13090, An15g03260
OG0000985	F9C07_1435568, F9C07_2283181, F9C07_2284281	Afu2g14850	AN6767	An15g03390
OG0000986	F9C07_1510756, F9C07_3909	Afu1g14100	AN0716	An01g11920, An13g03260
OG0000987	F9C07_2156183, F9C07_808	Afu1g02850, Afu6g14530	AN0275	An01g04970
OG0000988	F9C07_2156336	Afu1g13740	AN0708, AN6403	An08g06800, An08g06810
OG0000989	F9C07_2058502, F9C07_2232589, F9C07_3678		AN10366	An01g11830, An16g02860
OG0000990	F9C07_3690	Afu1g13370	AN0377, AN0675	An06g00480, An08g06440
OG0000991	F9C07_2202755, F9C07_2234185	Afu6g04290	AN6589	An04g05100, An09g02800
OG0000992	F9C07_3764	Afu1g12850, Afu1g17470	AN0399, AN1008	An08g05670
OG0000993	F9C07_2285429, F9C07_3804	Afu5g13300	AN6686, AN6888	An14g04710
OG0000994	F9C07_1611659, F9C07_2230887, F9C07_3828	Afu2g01680	AN7684	An03g04750
OG0000995	F9C07_1527970, F9C07_1628520	Afu5g01140, Afu7g00990	AN8390, AN8981	
OG0000996	F9C07_1761920, F9C07_2232507, F9C07_2286496	Afu8g07380	AN9122	An12g00700
OG0000997	F9C07_2068459		AN10463, AN8447	An05g01360, An07g00620, An14g02780
OG0000998	F9C07_2284091, F9C07_3900	Afu3g13900	AN3150	An02g09720, An08g01270
OG0000999	F9C07_2072634, F9C07_2285404, F9C07_3927			An01g10910, An02g08560, An09g05150
OG0001000	F9C07_2200221, F9C07_3976	Afu3g12780	AN3120	An02g08760, An11g03510
OG0001001	F9C07_3985, F9C07_4615	Afu3g12690	AN3112	An02g08660, An16g02380
OG0001002	F9C07_2279043, F9C07_2283528	Afu8g05280	AN1519	An03g02380, An16g07450
OG0001003	F9C07_2256833, F9C07_8814	Afu1g04160, Afu6g02490	AN8709	An12g07870
OG0001004	F9C07_2230400, F9C07_4050	Afu3g01480	AN8558	An08g01070, An13g03160
OG0001005	F9C07_1549314, F9C07_2286706	Afu1g07195	AN0337, AN5190	An07g09780
OG0001006	F9C07_1564002	Afu5g04290	AN8281	An04g06750, An09g06760, An18g00370
OG0001007	F9C07_2158398	Afu1g01670, Afu2g00170, Afu5g03930	AN2470	An09g06270
OG0001008	F9C07_2283693, F9C07_2285038	Afu5g03800		An01g08950, An15g05510, An16g01130
OG0001009	F9C07_2069646, F9C07_7021	Afu5g03650, Afu7g03990	AN4258	An13g00440
OG0001010	F9C07_10700, F9C07_11892	Afu5g03540	AN6963, AN8218	An09g05940
OG0001011	F9C07_2068463	Afu4g14500, Afu5g03330	AN10023, AN7517	An09g05650
OG0001012	F9C07_10652, F9C07_1733054	Afu3g13710, Afu5g03140	AN8188	An09g05310
OG0001013	F9C07_10625	Afu5g02900	AN12171, AN8166	An09g04880, An09g04890
OG0001014	F9C07_2232940, F9C07_2278917	Afu5g02880	AN0197, AN8164	An09g04860
OG0001015	F9C07_1579910, F9C07_2213870, F9C07_2285498	Afu5g02860	AN5069	An09g04830
OG0001016	F9C07_1581005, F9C07_2225123	Afu1g10150		An12g03500, An12g09820, An13g03360
OG0001017	F9C07_2106888, F9C07_4213	Afu2g03960, Afu7g00800	AN2360	An12g10630
OG0001018	F9C07_2283833, F9C07_2624	Afu5g02760	AN6435, AN8117	An02g09910
OG0001019	F9C07_10562, F9C07_12018, F9C07_8172	Afu1g12025	AN1067	An01g15120
OG0001020	F9C07_1582417, F9C07_506, F9C07_973	Afu4g09550	AN10234	An04g04470
OG0001021	F9C07_1583075, F9C07_7903	Afu5g02380	AN0195, AN8020	An02g10420
OG0001022	F9C07_2283879	Afu4g13360, Afu5g02280	AN3883	An01g11970, An02g10490
OG0001023	F9C07_2283898, F9C07_9413	Afu8g06440	AN8657	An04g09820, An12g05570
OG0001024	F9C07_10348	Afu2g03890, Afu4g00720, Afu5g13740	AN2472	An03g02600
OG0001025	F9C07_10292, F9C07_2282794, F9C07_4173		AN7246	An07g05490, An08g09530
OG0001026	F9C07_10288	Afu8g02200	AN2201, AN4649, AN7242	An04g09380
OG0001027	F9C07_2284082, F9C07_8030	Afu5g14270	AN2674	An09g01820, An14g05630
OG0001028	F9C07_1600424	Afu5g13725	AN12273, AN2726, AN6419, AN8971	
OG0001029	F9C07_2104794, F9C07_2233314, F9C07_7656	Afu2g17630		An04g09560, An09g00840
OG0001030	F9C07_1602957, F9C07_2152924	Afu2g11730	AN4196, AN6192	An02g03740
OG0001031	F9C07_1603363, F9C07_2166842, F9C07_7173	Afu2g03090	AN4517	An07g07500
OG0001032	F9C07_2067979, F9C07_2284602, F9C07_2285855		AN0619, AN10600	An03g05980
OG0001033	F9C07_10112, F9C07_2254235	Afu6g11770	AN3993	An12g10570, An12g10930
OG0001034	F9C07_2066786, F9C07_2160892, F9C07_882	Afu1g02440	AN0323	An01g05750
OG0001035	F9C07_11156, F9C07_2278512	Afu4g12730, Afu7g06850	AN10429	An01g08220
OG0001036	F9C07_2203751, F9C07_2278521, F9C07_2284683	Afu2g01040	AN7632	An10g00510
OG0001037	F9C07_21	Afu4g00740, Afu6g09960	AN3324, AN3334, AN9194	
OG0001038	F9C07_2061697, F9C07_2224789, F9C07_2237775, F9C07_2282783, F9C07_9926		AN0025	
OG0001039	F9C07_1001423, F9C07_7036	Afu2g14750, Afu5g08590		An07g04930, An15g03550
OG0001040	F9C07_101	Afu2g14590, Afu4g00800	AN10891, AN1797	An15g03940
OG0001041	F9C07_124	Afu7g04140	AN7621, AN9457	An11g06280, An13g00660
OG0001042	F9C07_2278631	Afu7g04360	AN1886, AN4186	An05g02050, An13g00930
OG0001043	F9C07_2227056	Afu1g17380, Afu6g10820, Afu7g04540	AN6274	An13g01130
OG0001044	F9C07_2199141, F9C07_2281737, F9C07_9188	Afu7g04760	AN10444	An13g01300
OG0001045	F9C07_2199206, F9C07_7494	Afu2g13360	AN10794	An02g02210, An03g06240
OG0001046	F9C07_1433, F9C07_2227172, F9C07_2281601	Afu3g08580	AN2989	An02g12270
OG0001047	F9C07_2197775, F9C07_2278760, F9C07_2284671	Afu2g01160	AN2573, AN9275	
OG0001048	F9C07_2101279, F9C07_2134918, F9C07_2203775	Afu3g01810	AN7086	An08g01450
OG0001049	F9C07_1741, F9C07_359	Afu1g01900	AN6776	An02g00300, An16g06490
OG0001050	F9C07_1032188, F9C07_2224811, F9C07_2278843	Afu7g06550	AN2650	An07g00670
OG0001051	F9C07_2058339	Afu4g14712, Afu5g01550	AN11098	An07g01680, An09g00860
OG0001052	F9C07_2135311	Afu7g05550, Afu8g00770	AN6703	An07g02540, An16g00460
OG0001053	F9C07_11881, F9C07_442	Afu7g03660, Afu7g05660	AN6700	An07g02650
OG0001054	F9C07_2135387	Afu7g05810	AN10848, AN5268, AN7935	An07g02090
OG0001055	F9C07_2278893	Afu7g05840	AN6723	An02g05560, An07g02050, An18g00870
OG0001056	F9C07_1017610	Afu7g05910	AN6730, AN6932	An02g00560, An07g01950
OG0001057	F9C07_2239936, F9C07_522, F9C07_6910, F9C07_8903	Afu2g03520	AN4481	
OG0001058	F9C07_2055621, F9C07_545	Afu6g06730	AN5742	An12g05710, An18g06310
OG0001059	F9C07_2280344, F9C07_546, F9C07_547	Afu5g01190	AN6673	An16g00540
OG0001060	F9C07_1609989, F9C07_2199415, F9C07_2199773	Afu1g00220	AN8925	An08g08350
OG0001061	F9C07_626	Afu8g05510	AN1540	An04g02990, An09g03930, An16g07200
OG0001062	F9C07_2279044	Afu2g17860, Afu6g09870, Afu8g05270	AN1518	An16g07460
OG0001063	F9C07_671	Afu2g14560, Afu4g08690, Afu8g05040	AN1503	An16g07700
OG0001064	F9C07_1439075, F9C07_1733575, F9C07_2279091	Afu5g11430	AN0158	An18g04540
OG0001065	F9C07_2249687	Afu1g02650, Afu1g02660	AN0307, AN10065	An01g05530
OG0001066	F9C07_2129032, F9C07_2249729	Afu1g02360	AN0333, AN11212	An03g04730
OG0001067	F9C07_2279268, F9C07_4258, F9C07_6630	Afu1g01890	AN0370	An01g06360
OG0001068	F9C07_937		AN0801, AN10074, AN10657, AN9081, AN9216	
OG0001069	F9C07_2103073, F9C07_2227808			An03g00610, An06g00610, An11g04120, An18g02590
OG0001070	F9C07_2057956, F9C07_4450, F9C07_7426	Afu6g10080	AN7208	An11g01400
OG0001071	F9C07_2227850	Afu1g16870, Afu4g00450	AN0638, AN6319	An01g13500
OG0001072	F9C07_1113, F9C07_1644029	Afu1g16220	AN0937, AN7379	An01g10980
OG0001073	F9C07_1126	Afu1g15910	AN0928	An01g14350, An01g14360, An15g04400
OG0001074	F9C07_1141	Afu4g14380, Afu7g05560, Afu7g05570	AN0815	An06g00370
OG0001075	F9C07_11506, F9C07_2249970, F9C07_2282768	Afu5g14390	AN1824	An04g07240
OG0001076	F9C07_1160, F9C07_1734307, F9C07_2282614	Afu2g13650	AN2637	An01g13470
OG0001077	F9C07_1212, F9C07_8735	Afu1g02730, Afu1g15140	AN0870	An01g13600
OG0001078	F9C07_1082790, F9C07_2278458	Afu1g15150	AN3309	An01g13610, An09g03110
OG0001079	F9C07_2138965, F9C07_2282818		AN5565, AN7816	An08g08390, An11g08610
OG0001080	F9C07_1350	Afu1g05760, Afu1g16100, Afu5g15010	AN4101	An18g03550
OG0001081	F9C07_2150250, F9C07_2228186	Afu3g00110, Afu4g08170	AN3829	An04g02610
OG0001082	F9C07_1450	Afu3g08380, Afu6g08490	AN0395, AN2968	An02g12010
OG0001083	F9C07_1497	Afu3g07890	AN2953, AN8154	An02g11360, An08g04330
OG0001084	F9C07_1107191	Afu3g07910, Afu4g14090	AN2951	An02g11320, An12g10410
OG0001085	F9C07_1718562, F9C07_2209350, F9C07_8863	Afu3g07930	AN2592, AN2948	
OG0001086	F9C07_2279771	Afu2g04080	AN1839, AN5226	An07g08810, An13g02020
OG0001087	F9C07_2279796	Afu6g07340	AN5200	An01g08540, An07g02080, An07g09110
OG0001088	F9C07_2279808	Afu6g07230	AN10638, AN4837	An07g09230, An08g04700
OG0001089	F9C07_10791	Afu5g05460	AN0474, AN8869	An12g09670, An17g02370
OG0001090	F9C07_2228490	Afu5g05960	AN2943, AN8830	An13g01140, An17g01925
OG0001091	F9C07_2279924	Afu5g06210	AN2289	An07g01230, An11g10600, An17g01560
OG0001092	F9C07_2228543	Afu5g06500	AN10834, AN12335, AN5287	An17g01150
OG0001093	F9C07_2280086		AN4054	An01g15170, An08g10820, An09g00250, An18g04130
OG0001094	F9C07_11089	Afu3g00450, Afu6g00230	AN7154, AN8354	An10g01010
OG0001095	F9C07_11176, F9C07_2104323, F9C07_7148	Afu3g14860		An08g03080, An08g03120
OG0001096	F9C07_2200299		AN12145, AN2836	An03g01740, An11g08980, An16g00290
OG0001097	F9C07_12078, F9C07_2061735	Afu8g01730	AN1257, AN2774	An11g10610
OG0001098	F9C07_1363759, F9C07_2251000	Afu7g06620	AN7774	An05g02400, An09g03230
OG0001099	F9C07_1182911, F9C07_2280312	Afu8g01110		An06g00490, An09g03180, An16g01320
OG0001100	F9C07_2070089, F9C07_2142832, F9C07_2234860	Afu3g01002	AN4110	An13g02690
OG0001101	F9C07_2280357		AN4155, AN5608	An02g00050, An11g00130, An14g07030
OG0001102	F9C07_1172634		AN11988, AN5396	An01g01630, An05g02350, An09g00510
OG0001103	F9C07_2280378	Afu3g01370, Afu5g13290	AN0208, AN8502	An13g03110
OG0001104	F9C07_12002, F9C07_2280387	Afu7g00580	AN0014, AN2702, AN8730	
OG0001105	F9C07_11423, F9C07_1698, F9C07_2281624		AN11714	An03g06450, An09g01420
OG0001106	F9C07_1474819, F9C07_2220286		AN7245	An01g06570, An04g07980, An06g00030
OG0001107	F9C07_2281331	Afu6g01905	AN11201, AN12397, AN8662	An12g09180
OG0001108	F9C07_2281335, F9C07_6515	Afu5g07540	AN3489	An09g00920, An16g03850
OG0001109	F9C07_2203948, F9C07_2261730, F9C07_4207, F9C07_7567, F9C07_9308			An11g03060
OG0001110	F9C07_4250, F9C07_9606	Afu2g14370	AN10431, AN2406	An03g03570
OG0001111	F9C07_2281393	Afu6g14160	AN5348, AN6432	An06g01070, An09g01260
OG0001112	F9C07_2230191, F9C07_2284649	Afu2g14310	AN11942	An02g00960, An08g09390
OG0001113	F9C07_2230199, F9C07_8437	Afu3g13520, Afu7g00390	AN8089	An14g06950
OG0001114	F9C07_1639319, F9C07_2087262, F9C07_9565	Afu6g03320	AN3264, AN3383	
OG0001115	F9C07_4381	Afu6g10580, Afu6g14010	AN2445	An11g00710, An11g00744
OG0001116	F9C07_2066141	Afu6g10240	AN4134, AN5296	An11g01000, An15g02120
OG0001117	F9C07_2285914, F9C07_4490	Afu3g02910	AN8551, AN8935	An14g03500
OG0001118	F9C07_1182382, F9C07_2281608	Afu2g12730	AN1815, AN7115	An11g08350
OG0001119	F9C07_1381034, F9C07_2075167, F9C07_4691	Afu6g09650	AN0224	An01g11740
OG0001120	F9C07_1382452, F9C07_1892	Afu5g02000	AN2121	An05g02210, An08g04750
OG0001121	F9C07_4617	Afu6g11420	AN10086	An05g02520, An08g07320, An11g09340
OG0001122	F9C07_4684, F9C07_8335	Afu1g10570	AN1216	An06g00850, An08g02530
OG0001123	F9C07_11631, F9C07_4685	Afu5g09280	AN4729	An07g03730, An14g07350
OG0001124	F9C07_2234469, F9C07_4700, F9C07_9189	Afu6g02030, Afu6g03480		An12g08940
OG0001125	F9C07_2281749, F9C07_9950	Afu6g09110	AN1766	An03g00680, An11g06860
OG0001126	F9C07_4760	Afu4g09220, Afu5g00310	AN1611, AN8351	An04g04270
OG0001127	F9C07_1392318, F9C07_2282761, F9C07_6903, F9C07_6904	Afu4g08870	AN9441	
OG0001128	F9C07_1729683, F9C07_4874, F9C07_6934	Afu4g08280	AN1706	An04g02880
OG0001129	F9C07_2150207, F9C07_8189	Afu1g17340, Afu2g14410	AN1704	An04g02710
OG0001130	F9C07_5042	Afu4g06850	AN12458, AN4397	An01g06840, An04g01370
OG0001131	F9C07_1782, F9C07_5092	Afu4g06380	AN1840, AN4353	An04g00740
OG0001132	F9C07_2104988	Afu7g03700	AN11072	An04g08380, An13g00040, An15g03770
OG0001133	F9C07_1435748, F9C07_6921	Afu7g00940	AN1142, AN3902	An02g00460
OG0001134	F9C07_2621, F9C07_7441	Afu2g12560	AN6276	An02g01490, An08g11780
OG0001135	F9C07_2282556, F9C07_6193	Afu6g04040	AN10841	An07g00290, An15g01280
OG0001136	F9C07_2282560, F9C07_2285842	Afu6g14340	AN10388	An01g14520, An03g05210
OG0001137	F9C07_7512, F9C07_8674	Afu2g13295	AN6227	An02g02030, An05g02190
OG0001138	F9C07_1469454, F9C07_2285249	Afu2g03430	AN4489, AN8902	An03g02940
OG0001139	F9C07_2171058, F9C07_2231542	Afu2g13590	AN12102, AN6337	An02g05620
OG0001140	F9C07_7652	Afu2g14010	AN6370	An02g04920, An04g00730, An09g02960
OG0001141	F9C07_1628358, F9C07_2282685		AN5059	An01g01150, An01g01780, An15g02150
OG0001142	F9C07_2202289, F9C07_6350	Afu5g07000	AN2208, AN9164	An17g00210
OG0001143	F9C07_7760	Afu4g08450, Afu8g01980	AN7888	An15g04170, An15g05230
OG0001144	F9C07_7811	Afu4g14540	AN0148, AN7223, AN7820, AN8645	
OG0001145	F9C07_2203476	Afu5g09130, Afu6g05030	AN6518	An08g09290, An15g00280
OG0001146	F9C07_2284254			An05g01710, An06g00930, An06g02120, An12g01750, An16g07720
OG0001147	F9C07_3119, F9C07_6868	Afu6g06790	AN0551, AN5748	An18g06220
OG0001148	F9C07_2284391	Afu1g00780, Afu5g07980, Afu5g14920	AN7727	An03g03960
OG0001149	F9C07_2284418	Afu5g07730	AN7754	An02g01160, An15g02710, An16g01740
OG0001150	F9C07_1942, F9C07_6637	Afu3g14510, Afu8g06480	AN2528	An09g02160
OG0001151	F9C07_2284526, F9C07_8145		AN6964	An01g01650, An03g01830, An12g05420
OG0001152	F9C07_2100416, F9C07_6517	Afu1g04300	AN0468	An01g03130, An12g10450
OG0001153	F9C07_2284655	Afu2g01310	AN10993, AN11156, AN7853	An03g05110
OG0001154	F9C07_1638728	Afu2g01280	AN7663, AN7934	An03g05150, An13g02770
OG0001155	F9C07_6468	Afu2g01230	AN0617, AN10990, AN6029	An10g00330
OG0001156	F9C07_2284666, F9C07_6262	Afu3g14870, Afu5g06570	AN2257	An17g01080
OG0001157	F9C07_1682056	Afu3g01290	AN9315	An03g00360, An06g00130, An18g01680
OG0001158	F9C07_2108407, F9C07_2197835	Afu1g06530	AN4250	An03g01110, An18g05590
OG0001159	F9C07_2285224	Afu2g03730	AN3209, AN3813	An07g05500, An07g08310
OG0001160	F9C07_11747, F9C07_2246189	Afu3g07650, Afu8g07250	AN4860	An02g12505
OG0001161	F9C07_2285771, F9C07_9327	Afu6g01810	AN4117	An04g09870, An16g05910
OG0001162	F9C07_9334	Afu2g17730	AN10013	An09g02490, An09g02580, An16g02330
OG0001163	F9C07_2094973, F9C07_2285954		AN12064	An02g13700, An11g00290, An16g03840
OG0001164	F9C07_1734089, F9C07_2260268, F9C07_9573	Afu1g00970, Afu3g02150		An01g02060
OG0001165	F9C07_11634, F9C07_2124806, F9C07_2953	Afu2g04460	AN1873	An11g03170
OG0001166	F9C07_11474, F9C07_2198981, F9C07_2276694	Afu4g00830	AN8915	An15g07510
OG0001167	F9C07_2276736	Afu5g08410	AN7766	An01g15050, An01g15060, An03g04680
OG0001168	F9C07_1301748, F9C07_2276737, F9C07_8016		AN0030, AN1184	An11g05920
OG0001169	F9C07_2197617	Afu6g13710	AN0798, AN3251, AN6821, AN8612	
OG0001170	F9C07_2261454, F9C07_9601	Afu5g14310	AN10494, AN3305	An09g01150
OG0001171	F9C07_2223387, F9C07_9851	Afu1g06910	AN5727	An16g06590, An18g05940
OG0001172	F9C07_2277046	Afu6g08460, Afu8g06690	AN10617, AN3917	An11g01550
OG0001173	F9C07_2197902, F9C07_2223398, F9C07_2246838		AN5315, AN7859	An01g01450
OG0001174	F9C07_2225362, F9C07_8009	Afu4g02900, Afu6g09260	AN9008	An14g02970
OG0001175	F9C07_2225649	Afu6g07730	AN1920, AN4131, AN5035	An11g02580
OG0001176	F9C07_2128664, F9C07_2239	Afu1g03950	AN4042	An01g02810, An11g03230
OG0001177	F9C07_2056841, F9C07_2903	Afu2g04880, Afu4g09900	AN10243	An04g07150
OG0001178	F9C07_2771, F9C07_7925		AN12147	An03g06570, An09g00010, An12g09330
OG0001179	F9C07_2770, F9C07_7924		AN7164	An03g06590, An09g00030, An12g09340
OG0001180	F9C07_2277605	Afu1g00630, Afu6g13290, Afu7g08480	AN5483	An08g10070
OG0001181	F9C07_2277622	Afu6g13450	AN7367	An06g01960, An08g08940, An12g01260
OG0001182	F9C07_2225918	Afu1g14530, Afu3g15230	AN0783, AN12220	An01g12500
OG0001183	F9C07_2205551, F9C07_2277789	Afu1g17350, Afu3g11170	AN4878	An02g06940
OG0001184	F9C07_2422	Afu3g12060	AN5019	An01g06810, An02g07800, An14g02640
OG0001185	F9C07_2226218	Afu1g05020	AN2730	An01g04110, An01g04210, An15g04600
OG0001186	F9C07_2315, F9C07_2316	Afu3g09500	AN1642, AN7068	An09g01380
OG0001187	F9C07_2285677, F9C07_2288	Afu1g04440	AN0454, AN3521	An01g03310
OG0001188	F9C07_2186, F9C07_8591	Afu1g00510, Afu7g02560	AN9066	An12g00020
OG0001189	F9C07_2123	Afu8g01050	AN5326, AN5501, AN9330	An12g03120
OG0001190	F9C07_1824736, F9C07_2278117	Afu3g01100, Afu4g11480	AN5583	An04g05060
OG0001191	F9C07_2278127, F9C07_8067	Afu4g11340	AN5601	An01g13590, An04g05260
OG0001192	F9C07_2099	Afu4g11250	AN5611	An03g03730, An09g03060, An18g01580
OG0001193	F9C07_2226495	Afu4g11220	AN5613, AN9178	An03g01530, An04g05440
OG0001194	F9C07_1965	Afu4g09940	AN1852, AN9380	An04g07110, An12g04480
OG0001195	F9C07_1851	Afu5g01710	AN8078	An12g04210, An15g04380, An16g01030
OG0001196	F9C07_1804	Afu3g00700, Afu4g00620	AN10345	An03g00740, An18g01410
OG0001197	F9C07_11556, F9C07_1354789	Afu4g00760	AN6409	An07g03120, An16g04870
OG0001198	F9C07_2278430, F9C07_8573		AN10843, AN7124	An09g02090, An12g05320
OG0001199	F9C07_2278445	Afu7g01050	AN8716, AN9224	An09g00530, An13g01450
OG0001200	F9C07_2055934	Afu6g14040	AN7534	An05g01750, An11g07490, An12g07020
OG0001201	F9C07_2285666	Afu3g12920, Afu6g09660	AN7090, AN8504	An09g00520
OG0001202	F9C07_2285761	Afu4g02650	AN3204	An08g08000, An10g00300, An14g02880
OG0001203	F9C07_2168598	Afu1g10730	AN1206	An08g02820, An12g04550, An16g08260
OG0001204	F9C07_8406	Afu3g01910	AN1273, AN5282	An08g01760, An12g02220
OG0001205	F9C07_8409	Afu1g09930	AN1274, AN4114, AN7954	An08g01740
OG0001206	F9C07_2223534, F9C07_2286859	Afu1g09910	AN1276, AN4630	An08g01720
OG0001207	F9C07_2169570	Afu7g02500, Afu8g02320	AN9069	An08g09990, An12g00100
OG0001208	F9C07_1815123, F9C07_2170119	Afu3g06290	AN4744	An11g10050, An15g07740
OG0001209	F9C07_11938	Afu1g00310, Afu3g07160	AN0221, AN11233	An02g13580
OG0001210	F9C07_2286606	Afu7g00180, Afu8g06600	AN2116	An11g02450, An12g04260
OG0001211		Afu1g06800	AN5234	An01g06850, An03g05490, An09g03140, An18g05840
OG0001212		Afu1g16110, Afu3g02400, Afu5g15020, Afu8g06640	AN4625	An05g01160
OG0001213		Afu2g00090, Afu2g18100, Afu3g15395, Afu5g15150, Afu7g00090, Afu8g07400		
OG0001214		Afu2g13890, Afu8g06700	AN1606, AN2427	An02g05210, An15g04880
OG0001215		Afu3g01350	AN8498	An03g02525, An03g02530, An12g08560, An13g02790
OG0001216		Afu3g04290, Afu3g09410, Afu4g02620, Afu4g02630, Afu7g07170, Afu8g00330		
OG0001217		Afu3g09070	AN3037	An07g02440, An12g05840, An12g09310, An15g05270
OG0001218		Afu5g03780, Afu7g02340	AN11062, AN9080	An09g06380, An12g00240
OG0001219		Afu6g12070	AN1035, AN1310, AN7274	An09g01830, An09g01920
OG0001220			AN10815, AN12290, AN7339, AN8324	An13g03500, An16g02180
OG0001221	F9C07_11104, F9C07_12151	Afu3g09480	AN1938	An18g00090
OG0001222	F9C07_1911915, F9C07_2279019	Afu8g05570	AN1546	An16g07120
OG0001223	F9C07_1914212, F9C07_2137550, F9C07_6605		AN7073	An11g09160
OG0001224	F9C07_1914211, F9C07_4832	Afu2g13025	AN1676	An04g03580
OG0001225	F9C07_2286919	Afu1g07330	AN5138	An07g09870, An11g09270
OG0001226	F9C07_2205613, F9C07_4492			An01g05480, An03g01850, An06g00890
OG0001227	F9C07_1758766, F9C07_1915241	Afu5g00680	AN6809	An16g00250
OG0001228	F9C07_2286957	Afu7g01210	AN10401, AN6780	An03g01270
OG0001229	F9C07_10485, F9C07_12266		AN8325, AN8326	An01g01300
OG0001230	F9C07_2277104, F9C07_2286980	Afu6g08930	AN1753	An11g06680
OG0001231	F9C07_12277, F9C07_2099652	Afu6g06900	AN5740	An18g05980
OG0001232	F9C07_12280, F9C07_1713154	Afu5g12920	AN6845	An14g06280
OG0001233	F9C07_2286986, F9C07_2772	Afu5g00590		An13g01800, An15g07140
OG0001234	F9C07_1168165, F9C07_2286990	Afu4g13710	AN5663	An01g09510
OG0001235	F9C07_12318, F9C07_2236543, F9C07_3504		AN6837	An13g03820
OG0001236	F9C07_12300, F9C07_1471911	Afu2g13610		An01g09930, An08g10870
OG0001237	F9C07_2278652, F9C07_2287010	Afu1g17660	AN2723	An14g07210
OG0001238	F9C07_13117, F9C07_1955671, F9C07_2173000, F9C07_2285505			An16g00640
OG0001239	F9C07_12333, F9C07_2281384, F9C07_8285	Afu3g00550, Afu8g01760		
OG0001240	F9C07_2110404	Afu8g02020	AN12445	An01g12020, An04g09400
OG0001241	F9C07_2287043	Afu7g01220	AN10396	An02g11000, An12g01890
OG0001242	F9C07_12351, F9C07_2277188	Afu2g05590	AN7491	An02g13920
OG0001243	F9C07_12355, F9C07_2136717	Afu7g01320	AN3368	An12g01850
OG0001244	F9C07_2287058	Afu7g01430	AN3361	An12g01460, An12g02200
OG0001245	F9C07_11757, F9C07_12386	Afu7g01510	AN3416	An12g01190
OG0001246	F9C07_12398	Afu5g09810	AN1785, AN8523	An13g02380
OG0001247	F9C07_2287085	Afu5g09790	AN12291, AN8528	An15g05030
OG0001248	F9C07_12403	Afu5g09730	AN11992, AN8536	An13g02410
OG0001249	F9C07_12437, F9C07_2512	Afu3g11290	AN4870	An02g07030
OG0001250	F9C07_12448, F9C07_1719498, F9C07_2206123			An07g04880, An11g05100
OG0001251	F9C07_2097412, F9C07_2280532		AN5544	An09g02440, An12g05070
OG0001252	F9C07_2173547, F9C07_2278008	Afu1g04070	AN4015	An01g02900
OG0001253	F9C07_10338, F9C07_2287145	Afu2g16770	AN7304	An04g08800
OG0001254	F9C07_2227473, F9C07_2231575, F9C07_2287159		AN11814	An08g11790
OG0001255	F9C07_2287161, F9C07_6591	Afu5g10930	AN0012, AN7849	
OG0001256	F9C07_2173698, F9C07_2226744	Afu4g00960	AN3223	An18g01670
OG0001257	F9C07_12503, F9C07_5857	Afu2g09530	AN6058	An16g06810
OG0001258	F9C07_12528, F9C07_4202	Afu5g10650	AN10290	An14g04050
OG0001259	F9C07_12568, F9C07_37	Afu5g10280	AN2335	An14g04420
OG0001260	F9C07_12581, F9C07_2129913	Afu5g10250	AN2337	An11g08230
OG0001261	F9C07_2154166, F9C07_2173895, F9C07_2231911			An11g04050, An12g01700
OG0001262	F9C07_12601	Afu5g09890	AN10294	An06g00730, An14g07040
OG0001263	F9C07_12608	Afu4g03550, Afu6g04370	AN11701	An12g07420
OG0001264	F9C07_12614, F9C07_2286199	Afu8g07110	AN11110	An12g01270
OG0001265	F9C07_12623, F9C07_8858	Afu6g02845	AN8752	An12g07700
OG0001266	F9C07_2173991, F9C07_2280420		AN0216, AN10399, AN3276	
OG0001267	F9C07_2287277, F9C07_6115	Afu6g04920	AN6525	An15g00410
OG0001268	F9C07_2287290	Afu1g17140	AN0610, AN8597	An01g09590
OG0001269	F9C07_12652, F9C07_2279559, F9C07_2287380	Afu3g09680		An12g05670
OG0001270	F9C07_2249996, F9C07_2263922	Afu1g15520	AN0887	An01g13810
OG0001271	F9C07_12657, F9C07_5936	Afu2g08900	AN6107	An12g04600
OG0001272	F9C07_1095006, F9C07_12665	Afu8g02070		An05g02310, An09g00100
OG0001273	F9C07_1934609		AN6946	An01g00890, An01g02660, An03g05810
OG0001274	F9C07_1936398	Afu5g01290	AN10098	An03g00140, An14g07380
OG0001275	F9C07_2287328	Afu8g01800	AN12339	An03g05910, An07g00940
OG0001276	F9C07_2287334, F9C07_5193	Afu3g01220	AN8102	An12g03300
OG0001277	F9C07_2236928, F9C07_2285032, F9C07_9593			An01g00290, An17g00430
OG0001278	F9C07_11908, F9C07_12721, F9C07_2287350			An15g02410, An15g05360
OG0001279	F9C07_2201325, F9C07_2282915, F9C07_2287372		AN12398, AN6460	
OG0001280	F9C07_2287373	Afu8g01130	AN8138, AN9035	An09g00260
OG0001281	F9C07_2285570, F9C07_2287376	Afu7g06250	AN10938	An18g00810
OG0001282	F9C07_2283883, F9C07_2287378	Afu7g00480	AN9342	An12g03150
OG0001283	F9C07_2076051	Afu8g00600	AN4177	An02g01430, An03g00920
OG0001284	F9C07_12775, F9C07_2286534	Afu3g06950	AN0346	An14g01860
OG0001285	F9C07_12776	Afu6g03050	AN7204	An01g14970, An14g06980
OG0001286	F9C07_2076070, F9C07_2115	Afu4g11400	AN5596	An04g05210
OG0001287	F9C07_13367, F9C07_2077120	Afu4g04030	AN7044	An14g00840
OG0001288	F9C07_12782, F9C07_2278192	Afu4g10470	AN1989	An04g06200
OG0001289	F9C07_12796, F9C07_5503	Afu4g03830	AN7102	An14g01068
OG0001290	F9C07_2287418		AN12022, AN1311, AN7897	An03g02090
OG0001291	F9C07_2076579, F9C07_4891	Afu1g12410	AN2653	An03g02130
OG0001292	F9C07_12817	Afu8g02610	AN11142	An03g06720, An07g00250
OG0001293	F9C07_12820, F9C07_2282921		AN2556	An03g06750, An11g09050
OG0001294	F9C07_2205989	Afu3g01650, Afu6g11970	AN7870	An03g06790
OG0001295	F9C07_2077645	Afu8g02690	AN11141	An03g02990, An11g10260
OG0001296	F9C07_2287438	Afu8g02710	AN8885	An03g06810, An05g02600
OG0001297	F9C07_2287439	Afu8g02720	AN11140	An03g06820, An12g05920
OG0001298	F9C07_13324	Afu1g00610, Afu8g04020	AN10190	An16g09170
OG0001299	F9C07_2287464	Afu1g00590, Afu8g04040	AN1413	An16g09140
OG0001300	F9C07_13320	Afu1g00580, Afu8g04050	AN1414	An16g09130
OG0001301	F9C07_1946068	Afu1g00540, Afu8g04060	AN1416	An16g09090
OG0001302	F9C07_2287467	Afu1g00480, Afu8g04070	AN1418	An16g09070
OG0001303	F9C07_13317	Afu1g00470, Afu8g04080	AN1430	An16g09060
OG0001304	F9C07_13316	Afu1g00460, Afu8g04090	AN1429	An16g09050
OG0001305	F9C07_13315	Afu1g00450, Afu8g04100	AN1428	An16g09040
OG0001306	F9C07_13284, F9C07_5995	Afu8g04340	AN1446	An16g08720
OG0001307	F9C07_1176390, F9C07_2286188, F9C07_2287530		AN1813	An06g00160
OG0001308	F9C07_2204504, F9C07_2228750, F9C07_2287543		AN3206	An14g02940
OG0001309	F9C07_1953315, F9C07_2144403	Afu4g03670, Afu8g02170		An14g01490
OG0001310	F9C07_10202, F9C07_2278439, F9C07_2287568		AN6024	An16g06100
OG0001311	F9C07_2205171, F9C07_2287574			An08g04870, An11g10280, An12g03350
OG0001312	F9C07_2075764	Afu5g13715	AN7406	An02g14300, An14g03530
OG0001313	F9C07_13170	Afu3g03400	AN0608, AN6234	An03g03540
OG0001314	F9C07_13165, F9C07_2237247, F9C07_2282808	Afu5g02640	AN9223	
OG0001315	F9C07_2060167, F9C07_2206165, F9C07_2276658, F9C07_2276952, F9C07_6900			
OG0001316	F9C07_10407, F9C07_13129	Afu5g01020	AN12437	An15g06850
OG0001317	F9C07_11608, F9C07_2287630	Afu5g09400	AN8819	An07g03570
OG0001318	F9C07_2077507, F9C07_6549	Afu3g14880	AN10323	An09g01170
OG0001319	F9C07_2175559	Afu8g01350	AN12249, AN8334	An11g10240
OG0001320	F9C07_1200187, F9C07_2076181, F9C07_2133487, F9C07_989			An02g11070
OG0001321	F9C07_13089, F9C07_1683	Afu4g01350	AN7795	An04g07760
OG0001322	F9C07_2198602, F9C07_2287661	Afu1g03730	AN4019	An18g03990
OG0001323	F9C07_2287666		AN11647, AN3560, AN8379, AN8381	
OG0001324	F9C07_1184365, F9C07_2098463, F9C07_2284453			An09g03240, An13g04000
OG0001325	F9C07_13051, F9C07_2284519	Afu3g14520	AN2529	An09g02050
OG0001326	F9C07_2264601, F9C07_2745	Afu6g13230	AN10675	An08g10150
OG0001327	F9C07_1633386, F9C07_2206259	Afu3g14470	AN2525	An09g03960
OG0001328	F9C07_13011	Afu6g13560		An03g06520, An08g08730, An12g09090
OG0001329	F9C07_2160212, F9C07_2237388	Afu3g00620, Afu5g00300		An10g00010
OG0001330	F9C07_12992, F9C07_9026	Afu6g13840	AN2193	An12g06000
OG0001331	F9C07_2175979	Afu6g14060	AN5018, AN5372	An08g08280
OG0001332	F9C07_2248420	Afu3g12240, Afu6g14230	AN5342	An06g01180
OG0001333	F9C07_2287793, F9C07_8235	Afu1g11610, Afu3g14850	AN1135	
OG0001334	F9C07_2285985, F9C07_2287794	Afu1g11590	AN1137	An03g03710
OG0001335	F9C07_12908	Afu3g00290	AN3564, AN5331	An06g00600
OG0001336	F9C07_1224, F9C07_2237487	Afu1g15260	AN0860	An01g13370
OG0001337	F9C07_2176254, F9C07_588	Afu3g03300	AN2696	An02g07980
OG0001338	F9C07_12867, F9C07_2280321	Afu8g00630	AN8908	An07g00510
OG0001339	F9C07_2206425, F9C07_2281593, F9C07_4211		AN1809	An04g04150
OG0001340	F9C07_2281595, F9C07_2287846		AN10916, AN8470	An11g03800
OG0001341	F9C07_2200496, F9C07_9398		AN3226	An08g04690, An12g01710
OG0001342	F9C07_2280422, F9C07_2285627			An11g00300, An12g05970, An18g00490
OG0001343	F9C07_5201		AN3326, AN3336, AN7413	An15g07760
OG0001344	F9C07_2228178, F9C07_5219	Afu2g03190	AN11476	An09g05050
OG0001345	F9C07_2103169			An01g11750, An04g07410, An08g09960, An18g01800
OG0001346	F9C07_5267	Afu4g03230	AN1723	An12g02070, An12g10950
OG0001347	F9C07_1496055, F9C07_2103467, F9C07_2223427, F9C07_5280	Afu2g15390		
OG0001348	F9C07_5283	Afu4g03322	AN0790, AN7177	An14g01990
OG0001349	F9C07_2278073, F9C07_5285	Afu2g04570, Afu6g12120	AN2060	
OG0001350	F9C07_2262232	Afu2g00620	AN3294, AN5320	An14g02070
OG0001351	F9C07_2063014, F9C07_5489	Afu4g03390	AN10902	An14g02450
OG0001352	F9C07_2227339, F9C07_5343	Afu7g05900	AN6729	An07g01910
OG0001353	F9C07_5351	Afu4g03450	AN9322	An01g11380, An14g02560
OG0001354	F9C07_2218343, F9C07_5360	Afu7g00670	AN0499	An15g07370
OG0001355	F9C07_5400	Afu8g01465	AN8916	An02g08350, An16g00980
OG0001356	F9C07_1842679	Afu3g13510, Afu8g01470	AN8359	An02g08370
OG0001357	F9C07_2280627, F9C07_2282471	Afu1g11260, Afu6g00270		An04g04460
OG0001358	F9C07_2062429, F9C07_2125436	Afu2g17140, Afu5g14570	AN3322	
OG0001359	F9C07_2262379, F9C07_3328	Afu1g15430, Afu2g13050, Afu3g02800		
OG0001360	F9C07_2262391, F9C07_2280320		AN7238	An12g03260, An19g00140
OG0001361	F9C07_1843344			An01g07130, An02g01050, An12g03180, An16g01280
OG0001362	F9C07_1843291, F9C07_6105	Afu6g05020	AN10833	An15g00290
OG0001363	F9C07_2262429, F9C07_5426		AN0518, AN12046	An12g09790
OG0001364	F9C07_2065261, F9C07_2260403, F9C07_2280639, F9C07_8451		AN7800	
OG0001365	F9C07_1843590, F9C07_2228255	Afu3g08210	AN2937	An02g11760
OG0001366	F9C07_2280643	Afu4g03600, Afu4g03610		An14g01690, An14g01700
OG0001367	F9C07_2280656, F9C07_4062	Afu4g03630	AN7146	An14g01590
OG0001368	F9C07_5465	Afu2g14230, Afu8g06410	AN6344	An02g01270
OG0001369	F9C07_1637206, F9C07_5471	Afu4g03730	AN7139	An14g01430
OG0001370	F9C07_5478	Afu4g03990	AN7047	An01g10850, An14g00880
OG0001371	F9C07_2280687	Afu4g03900	AN7111, AN9041	An14g00990
OG0001372	F9C07_1387736, F9C07_1636530, F9C07_2144475	Afu1g17130		An15g05590
OG0001373	F9C07_5491, F9C07_5887	Afu2g09400		An08g09760, An12g05000
OG0001374	F9C07_2068846, F9C07_2280695	Afu4g03920	AN7112	An14g00970
OG0001375	F9C07_2317, F9C07_5507	Afu4g03790	AN10900	An14g01120
OG0001376	F9C07_2280708	Afu4g03780	AN3950, AN7135	An14g01130
OG0001377	F9C07_1846951	Afu6g14410	AN11219	An02g00190, An03g00410
OG0001378	F9C07_2278520, F9C07_5518	Afu1g14520	AN10660	An01g12490
OG0001379	F9C07_2229674, F9C07_5524	Afu1g14430	AN0778	An01g12440
OG0001380	F9C07_2280725, F9C07_2283030	Afu1g14400	AN0775	An09g03890
OG0001381	F9C07_5532	Afu1g14340, Afu7g04970	AN0773	An01g12390
OG0001382	F9C07_2280732	Afu1g14300	AN0768	An01g12350, An15g02640
OG0001383	F9C07_1444408, F9C07_5540	Afu1g17750	AN4541	An07g07090
OG0001384	F9C07_5541, F9C07_8763	Afu1g06390	AN4218	An18g04840
OG0001385	F9C07_2262609, F9C07_2281310, F9C07_2281759	Afu4g00540		An09g02020
OG0001386	F9C07_10848, F9C07_2280755	Afu5g06090	AN2299	An17g01750
OG0001387	F9C07_1718850, F9C07_2280763	Afu3g02480, Afu3g15290		An04g06240
OG0001388	F9C07_2058265, F9C07_5576	Afu6g00490	AN8629	An05g02230
OG0001389	F9C07_5603	Afu5g08470	AN4659	An07g00040, An07g05210
OG0001390	F9C07_2280790	Afu2g01870	AN0799, AN4566	An07g05570
OG0001391	F9C07_2758, F9C07_5608	Afu6g13100	AN5512	An08g10370
OG0001392	F9C07_1608, F9C07_5609	Afu1g09290	AN1357	An08g00840
OG0001393	F9C07_3699, F9C07_5610	Afu1g13280	AN0667	An08g06350
OG0001394	F9C07_5628	Afu2g02020, Afu2g03900	AN4577	An07g05830
OG0001395	F9C07_5638	Afu2g02100	AN12465	An07g06840, An12g09510
OG0001396	F9C07_2126605, F9C07_2133890, F9C07_2210367, F9C07_9901		AN10331	
OG0001397	F9C07_10702, F9C07_2219953	Afu5g03560	AN8224	An09g05970
OG0001398	F9C07_2278981, F9C07_5682	Afu2g02390, Afu8g06040		An07g06390
OG0001399	F9C07_5696	Afu2g10855, Afu5g01110	AN10753	An02g02700
OG0001400	F9C07_5702	Afu2g10790	AN5927	An02g02620, An02g02630
OG0001401	F9C07_1193547, F9C07_1856860, F9C07_2235626			An15g05180, An18g00860
OG0001402	F9C07_5720	Afu2g10690	AN5935	An02g02480, An12g05750
OG0001403	F9C07_5722	Afu2g10620, Afu5g03950	AN5973	An02g05860
OG0001404	F9C07_2229599	Afu2g10520	AN9470	An02g06030, An03g02330
OG0001405	F9C07_2219990, F9C07_2253932	Afu2g10420	AN5957	An02g06150
OG0001406	F9C07_2145379	Afu1g13650, Afu2g10370	AN5953	An16g04600
OG0001407	F9C07_2280931	Afu2g10230	AN5985	An04g09500, An16g04760
OG0001408	F9C07_2280957	Afu2g09890	AN6015	An12g01840, An16g05190
OG0001409	F9C07_2280960	Afu2g09860	AN10767, AN6783	An16g05290
OG0001410	F9C07_5829	Afu2g09650	AN10766, AN6048	An16g05570
OG0001411	F9C07_2280992	Afu2g09630	AN6050	An11g07160, An16g05640
OG0001412	F9C07_5844	Afu7g06650	AN2720, AN7233	An16g05740
OG0001413	F9C07_2282699, F9C07_5846	Afu2g14070	AN6365	An02g04850
OG0001414	F9C07_2203173, F9C07_5872	Afu5g02290	AN8029	An03g02700
OG0001415	F9C07_5895	Afu2g00570, Afu7g00850	AN8604	An10g00320
OG0001416	F9C07_1872800	Afu2g09070, Afu5g00180	AN6071	An12g04730
OG0001417	F9C07_5955, F9C07_9463	Afu2g08750	AN2185	An12g04110
OG0001418	F9C07_2229835	Afu2g08390	AN6160	An12g03620, An12g03640
OG0001419	F9C07_2063422	Afu2g00240, Afu2g08140	AN6180	An05g00760
OG0001420	F9C07_13397, F9C07_6025	Afu4g04200	AN7034	An14g00630
OG0001421	F9C07_2281150	Afu2g07780, Afu8g00500	AN5833	An05g00390
OG0001422	F9C07_2432, F9C07_6038	Afu2g07770	AN5832	An05g00370
OG0001423	F9C07_13431, F9C07_2279837	Afu1g09240	AN1363	An08g00760
OG0001424	F9C07_12111, F9C07_2201219	Afu3g05610	AN10418	An11g11020
OG0001425	F9C07_2062151, F9C07_2285441	Afu4g04040	AN7043	An14g00830
OG0001426	F9C07_13362, F9C07_9419	Afu4g04075	AN7040	An14g00780
OG0001427	F9C07_13357, F9C07_2263301	Afu4g04130	AN7029	An14g00700
OG0001428	F9C07_1908990, F9C07_2277223	Afu2g05970	AN7455	An02g14310
OG0001429	F9C07_2282857	Afu4g00150	AN2601	An06g00620, An16g00020
OG0001430	F9C07_10305, F9C07_3189	Afu2g17100	AN7256	An04g09150
OG0001431	F9C07_3190	Afu2g00850	AN2026	An03g00550, An03g00560
OG0001432	F9C07_2282898	Afu7g05040	AN10867, AN3780	An10g00290
OG0001433	F9C07_3232	Afu6g11670	AN12093	An01g11550, An08g04550
OG0001434	F9C07_2164683, F9C07_2282911	Afu6g02330	AN8694	An12g08510
OG0001435	F9C07_2282923, F9C07_2283939	Afu1g01490	AN0391	An15g07300
OG0001436	F9C07_2078108, F9C07_2231935, F9C07_2278498	Afu6g03110		An16g06780
OG0001437	F9C07_2262, F9C07_2282943			An03g00050, An03g01120, An09g02390
OG0001438	F9C07_1491543, F9C07_2285899, F9C07_824	Afu5g12035		An18g06380
OG0001439	F9C07_2282949, F9C07_8093	Afu5g14770	AN7387	An04g02800
OG0001440	F9C07_1675, F9C07_3294	Afu2g15280	AN5399	An18g02600
OG0001441	F9C07_2231962, F9C07_2285252	Afu2g03390	AN4493	An07g07850
OG0001442	F9C07_1491805, F9C07_2279333			An11g03680, An12g09810, An18g01430
OG0001443	F9C07_2159067, F9C07_2282963	Afu1g17480	AN8127	An06g02510
OG0001444	F9C07_3314	Afu1g17230	AN12097, AN6395	An11g00390
OG0001445	F9C07_2217051, F9C07_2221341	Afu6g10850	AN6392	An02g07170
OG0001446	F9C07_2081531, F9C07_2225638, F9C07_3330	Afu5g01065		An11g02660
OG0001447	F9C07_11280, F9C07_2155457	Afu2g16010	AN2150	An15g06360
OG0001448	F9C07_3383	Afu2g15900	AN10960, AN2161	An15g06210
OG0001449	F9C07_2283046, F9C07_6865	Afu2g15710	AN10271	An15g05960
OG0001450	F9C07_2230457, F9C07_3421	Afu2g15650	AN10996	An15g05880
OG0001451	F9C07_11913, F9C07_2155653	Afu2g15550	AN3778	An15g05720
OG0001452	F9C07_2106039	Afu2g15520	AN10952	An03g03330, An07g01870
OG0001453	F9C07_3465	Afu2g15290	AN7594	An09g03560, An12g02760
OG0001454	F9C07_10601, F9C07_11354, F9C07_3479, F9C07_3480			An07g04390
OG0001455	F9C07_1507351, F9C07_2055904	Afu3g15340, Afu4g03530	AN12460	
OG0001456	F9C07_1507406, F9C07_2228581			An01g01490, An01g14380, An10g00710
OG0001457	F9C07_2232148, F9C07_7251	Afu7g05020	AN4738	An04g04790
OG0001458	F9C07_2221435, F9C07_2286612		AN8397	An03g05670, An15g03820
OG0001459	F9C07_2283116, F9C07_2284737	Afu1g11240, Afu2g00625	AN7644	
OG0001460	F9C07_2283118	Afu4g02710	AN3306, AN6969	An12g06130
OG0001461	F9C07_151, F9C07_2232179	Afu7g04380	AN3741	An13g00950
OG0001462	F9C07_2092304, F9C07_3547	Afu2g01640	AN10475	An09g03950
OG0001463	F9C07_2137655, F9C07_2221462	Afu1g16840	AN0641	An01g10050
OG0001464	F9C07_3572	Afu2g15030, Afu2g17400	AN7575	An15g03090
OG0001465	F9C07_3581	Afu6g02910	AN8770	An03g01910, An12g07580
OG0001466	F9C07_1181719, F9C07_1510422	Afu4g14660	AN2956	An02g11280
OG0001467	F9C07_2236150, F9C07_3591	Afu5g08870	AN10588	An07g04510
OG0001468	F9C07_3642	Afu1g13860	AN10123, AN4122	An08g07010
OG0001469	F9C07_2202702, F9C07_2230168	Afu1g13620	AN0700	An08g06700
OG0001470	F9C07_2106254	Afu1g13600	AN0699	An08g01470, An08g06680
OG0001471	F9C07_2283260	Afu1g13500	AN0688, AN9180	An08g06570
OG0001472	F9C07_2212265, F9C07_2283269		AN7890	An01g14740, An12g03440
OG0001473	F9C07_11312, F9C07_3696	Afu1g13310	AN0671	An08g06380
OG0001474	F9C07_1179513, F9C07_1519782	Afu1g13140	AN0651	An08g06130
OG0001475	F9C07_2232363, F9C07_3720	Afu1g13130	AN0650	An08g06120
OG0001476	F9C07_2232376		AN1317, AN5312, AN7179	An03g00290
OG0001477	F9C07_2125500, F9C07_3739	Afu1g12930	AN1016	An08g05820
OG0001478	F9C07_3765	Afu1g12840, Afu3g03560	AN1007	An08g05640
OG0001479	F9C07_2283332, F9C07_2285739	Afu1g12800	AN1003	An08g05580
OG0001480	F9C07_2283336, F9C07_2286705	Afu4g00750	AN9213	An08g01440
OG0001481	F9C07_3812, F9C07_7774	Afu5g01450	AN0330	An16g00910
OG0001482	F9C07_2230838, F9C07_2232468, F9C07_3829	Afu4g07440		An04g10010
OG0001483	F9C07_1532898	Afu1g17723, Afu3g13240	AN3184	An02g09090
OG0001484	F9C07_2283488	Afu3g13010	AN3132	An02g08910, An13g03380
OG0001485	F9C07_1171502, F9C07_3981	Afu3g12740	AN3117	An02g08720
OG0001486	F9C07_4001	Afu1g09750	AN10499, AN1890	An08g01520
OG0001487	F9C07_2283529, F9C07_7091		AN1819	An09g03720, An16g02240
OG0001488	F9C07_4022	Afu3g11510	AN3419	An01g14790, An13g03730
OG0001489	F9C07_10131, F9C07_2058212, F9C07_2232654		AN5276	An12g03290
OG0001490	F9C07_2072787, F9C07_2256831	Afu5g11980		An15g05150, An18g02380
OG0001491	F9C07_2283542, F9C07_7128	Afu5g11290	AN0174	An01g02430
OG0001492	F9C07_1809, F9C07_2157586	Afu3g03010	AN10343, AN11011	
OG0001493	F9C07_2283550	Afu1g09590	AN1330	An03g06650, An08g01180
OG0001494	F9C07_4045		AN1332, AN8947	An06g02060, An08g01100
OG0001495	F9C07_4073	Afu6g07060, Afu8g00570	AN5175	An07g09320
OG0001496	F9C07_11493, F9C07_4091	Afu1g07070	AN5156	An07g09630
OG0001497	F9C07_4102	Afu1g07180	AN5188, AN9202	An07g09750
OG0001498	F9C07_2232732, F9C07_2285870, F9C07_777	Afu1g07200	AN5146	
OG0001499	F9C07_2256935	Afu1g07340	AN10647, AN9214	An07g09880
OG0001500	F9C07_4136	Afu1g07560	AN5118	An07g10190, An08g11890
OG0001501	F9C07_1555000	Afu1g07730	AN5101, AN6426	An07g10410
OG0001502	F9C07_2232807	Afu5g04255	AN2568, AN8278	An09g06720
OG0001503	F9C07_2202978	Afu3g00780, Afu3g01750, Afu5g04135	AN8262	
OG0001504	F9C07_10728, F9C07_2208427	Afu5g03850	AN11063	An09g06340
OG0001505	F9C07_1340, F9C07_2068152	Afu5g03070	AN12173	An09g05250
OG0001506	F9C07_10936, F9C07_1579493	Afu5g02940		An09g05010, An15g01900
OG0001507	F9C07_2158786	Afu5g02930	AN12356, AN8169	An09g04950
OG0001508	F9C07_10616	Afu3g01820, Afu5g02790	AN9506	An02g09790
OG0001509	F9C07_2162032, F9C07_2221868	Afu4g04380	AN7010	An11g07380
OG0001510	F9C07_2283832	Afu1g17490	AN11038, AN11050	An06g02500
OG0001511	F9C07_2283839	Afu5g02700	AN10321, AN8122	An02g09970
OG0001512	F9C07_2283865	Afu5g02450	AN8012	An02g10350, An16g01670
OG0001513	F9C07_2283912	Afu5g02220	AN11032, AN7986	An02g10710
OG0001514	F9C07_1603344, F9C07_2233106		AN9323	An02g00370, An06g00670
OG0001515	F9C07_10433	Afu4g03070	AN11877, AN2482	An14g03200
OG0001516	F9C07_2283950	Afu2g16200	AN2133	An12g09660, An15g06580
OG0001517	F9C07_10429	Afu2g16230, Afu3g03852	AN12489	An15g06600
OG0001518	F9C07_2067766	Afu2g16240	AN2130, AN3159	An15g06650
OG0001519	F9C07_10416	Afu2g16350	AN7356, AN8220	An15g06720
OG0001520	F9C07_1807674, F9C07_2067657	Afu2g16380	AN7353	An15g06760
OG0001521	F9C07_2067802	Afu2g16430	AN7341	An06g02540, An15g06860
OG0001522	F9C07_2229048, F9C07_2233168		AN12332	An03g00300, An07g06940
OG0001523	F9C07_2171, F9C07_2283974	Afu2g02500, Afu4g11940		An01g07230
OG0001524	F9C07_2283986	Afu2g16520	AN2586, AN7334	An15g07040
OG0001525	F9C07_2227688, F9C07_2283991	Afu1g02770	AN0301	An01g05370
OG0001526	F9C07_2067513	Afu2g16610, Afu4g01150	AN7324	An08g04590
OG0001527	F9C07_2067254, F9C07_2277165	Afu2g05350	AN10958, AN6019	
OG0001528	F9C07_2284018	Afu4g03190, Afu5g14300	AN8639	An14g02180
OG0001529	F9C07_10328, F9C07_9999	Afu2g16830	AN7298	An04g08900
OG0001530	F9C07_2284055	Afu2g17110	AN7254	An04g09170, An12g06640
OG0001531	F9C07_10299, F9C07_11398	Afu2g17170	AN7250	An04g09230
OG0001532	F9C07_2284065	Afu1g01300, Afu3g13570	AN7279	An09g02890
OG0001533	F9C07_2284072, F9C07_9307	Afu2g17250	AN2834	An04g09360
OG0001534	F9C07_1185452, F9C07_2284081	Afu1g06280	AN4227	An18g05090
OG0001535	F9C07_10261, F9C07_2282726		AN11085, AN12187	An04g09410
OG0001536	F9C07_10258	Afu2g17490	AN1877, AN7228	An04g09550
OG0001537	F9C07_10255, F9C07_2278431	Afu2g17620	AN10488, AN7230	
OG0001538	F9C07_2284108		AN7796	An04g09570, An06g02020, An07g00300
OG0001539	F9C07_2069198, F9C07_5017	Afu1g01100		An03g02560, An15g04320
OG0001540	F9C07_2203381	Afu1g00950, Afu7g07090	AN3538	An12g06420
OG0001541	F9C07_2203389	Afu1g01600	AN0387	An04g08590, An16g01450
OG0001542	F9C07_10209		AN9152	An08g08190, An12g10490, An15g04300
OG0001543	F9C07_10208, F9C07_7694	Afu8g06890	AN3389	An04g09700
OG0001544	F9C07_10171	Afu6g01930	AN2321, AN9337	An12g09140
OG0001545	F9C07_10160, F9C07_3118	Afu6g06800	AN5749	An18g06210
OG0001546	F9C07_10045, F9C07_2284191		AN5257	An07g01200, An16g07030
OG0001547	F9C07_10119, F9C07_6500	Afu3g00730	AN8942	An02g10980
OG0001548	F9C07_2208230, F9C07_8124	Afu1g12350	AN1058	An08g05010
OG0001549	F9C07_10960, F9C07_14		AN8506	An01g12760, An02g00540
OG0001550	F9C07_2278553, F9C07_4732	Afu4g09510		An04g08460, An07g04990
OG0001551	F9C07_1671, F9C07_2285738, F9C07_73		AN5297	An16g05790
OG0001552	F9C07_7363, F9C07_85	Afu2g12000	AN10790	An02g04060
OG0001553	F9C07_11344, F9C07_7744, F9C07_88	Afu3g03280	AN10582	
OG0001554	F9C07_2226999, F9C07_2284222	Afu1g03170	AN6464, AN9260	
OG0001555	F9C07_115	Afu7g04080	AN4009, AN5698	An13g00590
OG0001556	F9C07_1016208, F9C07_131	Afu7g04210	AN5686	An13g00760
OG0001557	F9C07_2278623	Afu7g04290	AN1659, AN5678	An13g00840
OG0001558	F9C07_2278642	Afu7g04520	AN12085, AN5324	An13g01110
OG0001559	F9C07_2278643	Afu7g04530	AN6817, AN7199	An13g01120
OG0001560	F9C07_2061805	Afu1g17690	AN3399	An12g07090, An19g00380
OG0001561	F9C07_198	Afu7g04800	AN3765	An13g01340, An18g01290
OG0001562	F9C07_2227094	Afu5g13730, Afu8g00360, Afu8g07100	AN9273	
OG0001563	F9C07_215, F9C07_7805, F9C07_8645		AN12089	An11g02070
OG0001564	F9C07_1205, F9C07_2278684	Afu1g15330	AN0873	An01g13550
OG0001565	F9C07_220	Afu3g02630, Afu5g10190	AN11712	An18g01330
OG0001566	F9C07_2132200, F9C07_2278694	Afu4g10860	AN1959	An04g05790
OG0001567	F9C07_2278715, F9C07_2281818	Afu4g08960	AN1670	An04g03830
OG0001568	F9C07_2218518, F9C07_2231642, F9C07_8740			An14g06970, An15g07240
OG0001569	F9C07_1014336	Afu2g17940, Afu4g01530		An03g06500, An18g01030
OG0001570	F9C07_2057825, F9C07_2278773	Afu6g09170	AN1778	An11g06930
OG0001571	F9C07_2059721, F9C07_2251337, F9C07_2286730		AN0382	An18g01400
OG0001572	F9C07_2199271, F9C07_2285408	Afu5g13110	AN10857	An14g06040
OG0001573	F9C07_2199278, F9C07_4569	Afu6g11580	AN1151	An01g11680
OG0001574	F9C07_2135099	Afu7g05330	AN6684, AN8469	An07g02880
OG0001575	F9C07_508	Afu1g15970, Afu8g01560	AN3414	An17g00340
OG0001576	F9C07_2286846, F9C07_512, F9C07_9692	Afu8g05710	AN9168	
OG0001577	F9C07_2226410, F9C07_521	Afu1g00520, Afu4g12020		An01g07290
OG0001578	F9C07_2239817, F9C07_2257993		AN2791	An04g09660, An07g06710
OG0001579	F9C07_2278985	Afu8g05970	AN1572, AN7419	An15g04750
OG0001580	F9C07_1033536, F9C07_2105332	Afu8g05950	AN1574	An15g04720
OG0001581	F9C07_11599, F9C07_2198922, F9C07_2276778, F9C07_2279005			An13g03450
OG0001582	F9C07_625	Afu8g05520	AN1541	An09g03920, An16g07180
OG0001583	F9C07_11307, F9C07_646	Afu8g05330	AN1524	An16g07400
OG0001584	F9C07_647	Afu8g05320	AN10626, AN1523	An16g07410
OG0001585	F9C07_2058880, F9C07_9769	Afu8g05090	AN1506	An16g07660
OG0001586	F9C07_672	Afu8g05020	AN1502	An03g02960, An09g02240
OG0001587	F9C07_2279079, F9C07_2282321	Afu8g04810	AN1485	An16g08010
OG0001588	F9C07_2225296, F9C07_701	Afu8g04770	AN1482	An08g09260
OG0001589	F9C07_10872, F9C07_2279090	Afu5g06350	AN2276	An17g01370
OG0001590	F9C07_2279098, F9C07_2284524	Afu5g09120	AN1101	An07g03970
OG0001591	F9C07_2279107	Afu4g01120	AN11048, AN5410	An12g10330
OG0001592	F9C07_730	Afu8g04730	AN10198	An09g02830, An16g08150
OG0001593	F9C07_2277557, F9C07_735	Afu6g12780	AN3717	An08g10700
OG0001594	F9C07_1273125, F9C07_737	Afu3g11120	AN10619	An02g06860
OG0001595	F9C07_2081580, F9C07_742	Afu3g12620	AN6775	An02g08570
OG0001596	F9C07_790	Afu1g03450	AN0256	An01g04680, An07g03830
OG0001597	F9C07_1051146	Afu1g03440	AN0257, AN5269	An01g04690
OG0001598	F9C07_802	Afu1g03140	AN0280, AN7120	An01g04880
OG0001599	F9C07_2277072, F9C07_809	Afu1g02860	AN0274	An01g04980
OG0001600	F9C07_845	Afu1g02820	AN0297	An01g05340, An04g10320
OG0001601	F9C07_1056132	Afu5g00390	AN3986	An02g04420, An12g06190
OG0001602	F9C07_870	Afu1g02580	AN0313	An01g05620, An04g09770
OG0001603	F9C07_2279222	Afu1g02510	AN10053, AN10071	An01g05705
OG0001604	F9C07_1058229	Afu1g02530	AN12074	An01g05730, An18g01760
OG0001605	F9C07_7976, F9C07_923	Afu1g02030	AN0359	An01g06230
OG0001606	F9C07_10933, F9C07_2199659	Afu5g00950	AN10912	An15g05100
OG0001607	F9C07_1245922, F9C07_2279351	Afu1g16750	AN10445	An01g10190
OG0001608	F9C07_2279374	Afu1g16580	AN0976	An01g10480, An01g10490
OG0001609	F9C07_2279377	Afu1g16590	AN0973	An01g10540, An16g01230
OG0001610	F9C07_10925, F9C07_1097	Afu1g16340	AN10136	An01g10810
OG0001611	F9C07_1104	Afu1g16270	AN0942	An01g10920, An03g05190
OG0001612	F9C07_1069820, F9C07_4284	Afu2g14290	AN2410	An02g00980
OG0001613	F9C07_1644509, F9C07_2138040	Afu1g15880	AN0924	An01g14290
OG0001614	F9C07_1143, F9C07_2278069	Afu1g15790	AN0913	An01g14140
OG0001615	F9C07_1173	Afu1g00730, Afu1g15460	AN0892	An01g13900
OG0001616	F9C07_2228004		AN10976	An05g00980, An06g01970, An11g03690
OG0001617	F9C07_1082970	Afu1g15360	AN0876, AN7922	An01g13630
OG0001618	F9C07_2199784	Afu7g01450	AN1748, AN3272	An12g01360
OG0001619	F9C07_1079290, F9C07_2163700	Afu6g04680	AN6534	An15g00630
OG0001620	F9C07_2228025	Afu1g15170, Afu8g06680	AN0868	An01g13490
OG0001621	F9C07_2228036	Afu1g15290	AN0857	An01g13320, An02g13470
OG0001622	F9C07_1229	Afu1g15300	AN0856	An01g09730, An01g13290
OG0001623	F9C07_2228040	Afu1g15100	AN0851, AN7211	An01g13260
OG0001624	F9C07_2279521	Afu1g15000	AN0840	An01g13160, An09g00170
OG0001625	F9C07_1251	Afu1g14945	AN0835, AN8391	An01g13080
OG0001626	F9C07_1257, F9C07_2278385	Afu1g14880	AN0828	An01g13000
OG0001627	F9C07_1087183	Afu1g14860	AN0825	An01g12970, An06g02310
OG0001628	F9C07_1089479	Afu3g09800	AN4605, AN5007	An16g03430
OG0001629	F9C07_2228091	Afu3g09710	AN3081	An01g01940, An16g03300
OG0001630	F9C07_1301	Afu3g09630	AN3073	An08g09440, An16g03130
OG0001631	F9C07_1095529, F9C07_9768	Afu3g09110	AN11702	An16g02680
OG0001632	F9C07_2279612	Afu7g00910	AN6452	An09g00660, An11g07830
OG0001633	F9C07_1366, F9C07_2099199, F9C07_9648	Afu2g18070	AN8312	
OG0001634	F9C07_1382, F9C07_2240448, F9C07_8025		AN7288	An14g02790
OG0001635	F9C07_1096666, F9C07_2742	Afu6g13280	AN5484	An08g10110
OG0001636	F9C07_1421, F9C07_2276928	Afu3g08640	AN2997	An02g12410
OG0001637	F9C07_1453	Afu3g08310, Afu4g01380	AN2970	An02g11970
OG0001638	F9C07_1457	Afu3g08290	AN10351, AN12253	An02g11940
OG0001639	F9C07_1358956, F9C07_1538	Afu2g03990	AN3791	An07g08650
OG0001640	F9C07_2199942	Afu2g04095	AN5225	An07g08820, An13g04060
OG0001641	F9C07_2102383	Afu2g00510	AN6422, AN9442	An07g08940
OG0001642	F9C07_11338, F9C07_2279856	Afu1g08880	AN1390	An08g00370
OG0001643	F9C07_1655	Afu1g08840	AN10188	An01g07070, An08g00300
OG0001644	F9C07_2279871	Afu2g04490, Afu5g05500	AN8866	An17g02330
OG0001645	F9C07_11981, F9C07_2279874	Afu5g05540	AN8863	An17g02300
OG0001646	F9C07_2279879, F9C07_2286776	Afu5g05590	AN8859	An17g02280
OG0001647	F9C07_2279890	Afu5g05740	AN8848, AN9298	An17g02140
OG0001648	F9C07_10829	Afu5g05920	AN11125	An12g02240, An17g01977
OG0001649	F9C07_10897	Afu6g03710	AN6640	An10g00030, An15g01800
OG0001650	F9C07_2279965, F9C07_7751		AN7952	An02g00170, An07g00380
OG0001651	F9C07_10970	Afu6g01920	AN11725, AN2320	An12g09150
OG0001652	F9C07_2280069	Afu4g12350	AN3664, AN6478	An01g07660
OG0001653	F9C07_2280081	Afu4g12240, Afu6g12100	AN3656	An01g07510
OG0001654	F9C07_1145905	Afu4g12210	AN11721	An01g07480, An01g07490
OG0001655	F9C07_11133	Afu4g12650	AN3621	An01g08160, An14g05810
OG0001656	F9C07_1737457, F9C07_2280157		AN12116, AN8936	An01g07570
OG0001657	F9C07_2280163	Afu4g12870	AN3591	An01g08430, An12g09680
OG0001658	F9C07_2250816, F9C07_4907	Afu4g08060	AN3840	An04g02490
OG0001659	F9C07_2280191, F9C07_6511	Afu6g14460	AN12472	An05g02220
OG0001660	F9C07_11207	Afu4g13310, Afu5g12770	AN1947	An01g09020
OG0001661	F9C07_2280238	Afu2g09460, Afu4g13540	AN5636	An01g09300
OG0001662	F9C07_2228862	Afu4g13580	AN5658	An01g09390, An02g12670
OG0001663	F9C07_11277	Afu1g17370, Afu6g12450	AN3725	An06g01610
OG0001664	F9C07_2200367, F9C07_2282466	Afu5g10040	AN3863	An08g09490
OG0001665	F9C07_11310, F9C07_2472	Afu3g11640	AN2882	An02g07430
OG0001666	F9C07_2280306		AN11874, AN2195	An11g07800, An18g02610
OG0001667	F9C07_2142726, F9C07_2285634	Afu3g00640	AN7939	An11g08160
OG0001668	F9C07_11356, F9C07_1263480	Afu3g10460	AN4942	An16g04400
OG0001669	F9C07_2280364, F9C07_2284599, F9C07_2285732		AN12131	An16g00110
OG0001670	F9C07_2085115, F9C07_8847	Afu3g01420	AN11117	An12g07770
OG0001671	F9C07_2280381, F9C07_4402		AN6446, AN7174, AN8377	
OG0001672	F9C07_1174651, F9C07_2074190, F9C07_2259	Afu1g04140		An01g03020
OG0001673	F9C07_1174531		AN10624, AN10787, AN10883, AN9032	
OG0001674	F9C07_2200483		AN5044, AN6130, AN7415, AN9029	
OG0001675	F9C07_4156	Afu3g00605		An12g03760, An12g03770, An12g03780
OG0001676	F9C07_2064415, F9C07_2225770	Afu2g05040	AN2096	An11g04780
OG0001677	F9C07_2154401, F9C07_2220288, F9C07_2236376, F9C07_6318		AN12307	
OG0001678	F9C07_2281320	Afu3g03880	AN1153, AN5937	An12g02410
OG0001679	F9C07_2201612, F9C07_2253791, F9C07_6523	Afu3g09530		An14g01245
OG0001680	F9C07_2277094, F9C07_4188	Afu6g08850	AN1743	An11g06590
OG0001681	F9C07_2276801, F9C07_4223		AN2380	An02g00550, An12g06510
OG0001682	F9C07_4225	Afu6g10130, Afu8g06980	AN6470, AN8969	
OG0001683	F9C07_1360828		AN1738, AN2386, AN9306	An02g00750
OG0001684	F9C07_2064544	Afu2g14300	AN3314, AN3558	An02g00970
OG0001685	F9C07_2230209, F9C07_2284739	Afu2g00640	AN2424	An01g01920
OG0001686	F9C07_4311	Afu7g00350	AN1825, AN8346	An03g03640
OG0001687	F9C07_4326, F9C07_6957	Afu2g14530	AN5267	An12g02550
OG0001688	F9C07_11573, F9C07_2201405	Afu5g09610	AN8800	An14g05260
OG0001689	F9C07_2281450	Afu4g14240	AN11863, AN11947	An01g15020
OG0001690	F9C07_4359	Afu1g03300, Afu6g10780	AN6383	An11g00660
OG0001691	F9C07_2104639, F9C07_2201443			An02g12710, An14g05710, An17g00030
OG0001692	F9C07_4380	Afu6g10590	AN2442	An11g00690, An11g00748
OG0001693	F9C07_4382	Afu6g10560	AN2446	An11g00720, An11g00742
OG0001694	F9C07_4398	Afu6g13880		An05g02550, An08g08330, An12g10290
OG0001695	F9C07_4404	Afu6g10430	AN10309, AN7794	An11g00920
OG0001696	F9C07_2065809		AN6101, AN8338	An07g00530, An12g04510
OG0001697	F9C07_4418	Afu6g10230	AN7187	An06g02340, An14g03310
OG0001698	F9C07_2201477	Afu2g00670, Afu6g02590	AN10895	An11g10510
OG0001699	F9C07_2281545		AN5040	An06g02480, An15g02450, An18g00110
OG0001700	F9C07_11480, F9C07_2281551		AN10262	An11g05380, An15g05310
OG0001701	F9C07_2254214, F9C07_7831	Afu8g04540	AN10192	An16g08450
OG0001702	F9C07_2064687		AN10692	An08g08520, An11g00120, An13g02590
OG0001703	F9C07_2230536, F9C07_4544	Afu6g11160	AN0579	An08g07570
OG0001704	F9C07_2281616	Afu2g04310	AN1883	An12g01280, An15g02340
OG0001705	F9C07_2343, F9C07_4559	Afu1g04880	AN0416	An01g03870
OG0001706	F9C07_2281656	Afu2g11120, Afu4g14510		An02g03100, An04g09510
OG0001707	F9C07_1977, F9C07_4609	Afu4g10050	AN2047	An04g07010
OG0001708	F9C07_2285472, F9C07_4616	Afu6g11440	AN10099	An08g07310
OG0001709	F9C07_2104507, F9C07_8173		AN12169	An02g04650, An04g08640
OG0001710	F9C07_2201624	Afu6g11340	AN0562, AN6766	An08g07380
OG0001711	F9C07_4637	Afu6g11230	AN0568	An06g02050, An08g07490
OG0001712	F9C07_2230534, F9C07_4647	Afu6g11180	AN0577	An08g07550
OG0001713	F9C07_4651, F9C07_8690	Afu6g11150	AN0580	An08g07580
OG0001714	F9C07_2064496	Afu6g11100	AN2781	An08g07780, An18g00120
OG0001715	F9C07_2281720	Afu3g09470, Afu6g11020	AN0593	An08g07890
OG0001716	F9C07_2243571, F9C07_2281729	Afu1g17200	AN0607	An06g01300
OG0001717	F9C07_4676	Afu6g10890	AN0605	An03g02510, An09g02900
OG0001718	F9C07_2276753, F9C07_4679	Afu1g17180	AN0403	An01g09550
OG0001719	F9C07_2281750, F9C07_4825	Afu4g08740	AN10221	An04g03630
OG0001720	F9C07_2056792, F9C07_4705	Afu2g05480	AN10970	An11g09370
OG0001721	F9C07_2281761	Afu6g09580	AN10775, AN2354	An07g00850
OG0001722	F9C07_4720	Afu1g17120	AN9304	An01g09610, An12g10920
OG0001723	F9C07_2281779	Afu3g13600, Afu5g01272	AN11093	An14g07360
OG0001724	F9C07_4752	Afu3g01610, Afu4g09300	AN11043	An04g08130
OG0001725	F9C07_1389575	Afu1g00890, Afu1g01070, Afu1g01080, Afu1g01090		
OG0001726	F9C07_4757	Afu4g00225, Afu4g09250	AN1608	An04g04280
OG0001727	F9C07_4767, F9C07_8949	Afu2g03110	AN10563	An07g07520
OG0001728	F9C07_4782	Afu4g08990	AN1637, AN5314	An04g03890
OG0001729	F9C07_1391665	Afu5g09800	AN1872, AN1998, AN8522	
OG0001730	F9C07_4833	Afu4g08710, Afu5g03840	AN1677	An04g03530
OG0001731	F9C07_4849	Afu4g08520	AN11061, AN1696	An09g02410
OG0001732	F9C07_2104746, F9C07_9698	Afu4g08140	AN3830	An04g02580
OG0001733	F9C07_1397621	Afu4g08100	AN3833	An04g02540, An09g00470
OG0001734	F9C07_2168974, F9C07_4918	Afu4g07870	AN3849	An04g02380
OG0001735	F9C07_5045	Afu4g06880	AN4394	An04g01250, An08g11670
OG0001736	F9C07_5081	Afu4g06550	AN4359, AN6646	An04g00830
OG0001737	F9C07_5103	Afu4g06290	AN4332	An04g00600, An04g10300
OG0001738	F9C07_2151245	Afu4g06230	AN4328	An04g00530, An04g09620
OG0001739	F9C07_1425097, F9C07_8143	Afu4g06210	AN10542	An04g00510
OG0001740	F9C07_5114	Afu4g06160	AN4323, AN7878	An04g00430
OG0001741	F9C07_2282164	Afu2g14680	AN7542, AN8772	An15g03710
OG0001742	F9C07_2105028	Afu2g14760	AN6397, AN7549	An15g03540
OG0001743	F9C07_2220883, F9C07_2282696	Afu2g14030	AN6368	An02g04880
OG0001744	F9C07_2222467, F9C07_2282241			An07g02380, An08g11940, An08g12220
OG0001745	F9C07_2231183, F9C07_2286186	Afu8g01750		An05g01410, An11g04940
OG0001746	F9C07_2231187	Afu2g00990, Afu5g11590	AN0137	An18g03170
OG0001747	F9C07_2152188	Afu2g03020, Afu3g02650	AN4524	An07g07400
OG0001748	F9C07_2282288	Afu2g03000	AN4526	An02g13460, An07g07380
OG0001749	F9C07_7193	Afu2g02920, Afu7g00830	AN4531	An07g07290
OG0001750	F9C07_7194	Afu2g02910	AN4532, AN8998	An07g07280
OG0001751	F9C07_7228	Afu2g02590, Afu8g00100	AN4550	An07g06000
OG0001752	F9C07_7230	Afu2g02570, Afu2g05280	AN4548	An07g06020
OG0001753	F9C07_2099237, F9C07_2285678, F9C07_6873, F9C07_7242		AN1645	
OG0001754	F9C07_2284633, F9C07_7245, F9C07_7883	Afu3g15055		An12g10560
OG0001755	F9C07_2128605, F9C07_7318	Afu2g11500	AN5866	An02g03510
OG0001756	F9C07_7321	Afu1g16490, Afu2g11540	AN5861	An02g03570
OG0001757	F9C07_2211854	Afu2g11600	AN10783	An01g00450, An02g03640
OG0001758	F9C07_7370	Afu2g12070	AN6218	An02g04140, An02g04150
OG0001759	F9C07_7402	Afu2g12530	AN10447, AN6279	An18g01590
OG0001760	F9C07_1183072, F9C07_1758736, F9C07_2282492		AN11984	An16g00260
OG0001761	F9C07_7446	Afu2g12640	AN3387, AN9199	An02g01560
OG0001762	F9C07_2282526, F9C07_7784	Afu2g12920	AN6263	An02g01630
OG0001763	F9C07_7526	Afu2g13190	AN1043, AN8477	An08g01900
OG0001764	F9C07_2284600, F9C07_7594		AN10226	An12g10120, An16g00420
OG0001765	F9C07_2282704, F9C07_2285059	Afu5g14360		An12g09460, An14g05790
OG0001766	F9C07_2154191, F9C07_9415		AN10319, AN7243, AN9300	
OG0001767	F9C07_1799237, F9C07_2276917, F9C07_7719	Afu8g00130		An02g13080
OG0001768	F9C07_2176637, F9C07_2255881	Afu2g16570	AN0023	An15g03740
OG0001769	F9C07_11729, F9C07_7786	Afu5g08620	AN4713	An03g03010
OG0001770	F9C07_7800, F9C07_7815	Afu4g14480	AN11017, AN12099	
OG0001771	F9C07_2282816	Afu2g17560	AN0146, AN7806, AN9232	
OG0001772	F9C07_2154600, F9C07_9812	Afu1g06470	AN4245	An18g05500
OG0001773	F9C07_11533, F9C07_6961			An11g07900, An15g02580, An16g02740
OG0001774	F9C07_2277623, F9C07_6956	Afu2g17895, Afu3g01880	AN3269	
OG0001775	F9C07_2284278, F9C07_2285416	Afu5g13170	AN6870	An14g05970
OG0001776	F9C07_2218043, F9C07_6899	Afu4g11360	AN5599	An14g03360
OG0001777	F9C07_6856		AN11455	An03g04890, An09g06090, An11g06260
OG0001778	F9C07_2190842	Afu2g01620	AN7689	An03g04820, An12g06110
OG0001779	F9C07_2276675, F9C07_6818	Afu5g08240	AN7711	An03g04510
OG0001780	F9C07_2072141	Afu4g14410, Afu5g08220	AN7714	An03g04430
OG0001781	F9C07_2284385	Afu5g08050	AN11005	An01g14920, An03g04230
OG0001782	F9C07_6762	Afu5g07810	AN5236	An01g00340, An03g03820
OG0001783	F9C07_2284413, F9C07_8600	Afu5g07790	AN7748	An03g03780
OG0001784	F9C07_2258327	Afu5g07690	AN1203, AN7758	An13g01890
OG0001785	F9C07_2276804, F9C07_2284502	Afu8g01030		An08g01250, An08g09900
OG0001786	F9C07_2284503, F9C07_2285034	Afu4g01280	AN3286, AN5062	
OG0001787	F9C07_6555, F9C07_9675	Afu3g14660	AN2535	An09g01230
OG0001788	F9C07_2276751, F9C07_2284611, F9C07_9598		AN2779	An02g00090
OG0001789	F9C07_2235264, F9C07_2284626	Afu5g02620	AN2607, AN2706	
OG0001790	F9C07_2284636	Afu3g15030	AN2559, AN3697	An09g01080
OG0001791	F9C07_2284640	Afu2g01370	AN1702	An03g05060, An16g05310
OG0001792	F9C07_2284661	Afu2g01220	AN10981	An10g00350, An12g09640
OG0001793	F9C07_2162652, F9C07_2163924	Afu6g05150	AN6505	An15g00140
OG0001794	F9C07_1639384, F9C07_2285508	Afu2g01180		An02g09270, An10g00390
OG0001795	F9C07_6453	Afu2g01150, Afu3g01930	AN10998	An05g01520
OG0001796	F9C07_2261952, F9C07_6426, F9C07_7971	Afu3g00330		An02g01040
OG0001797	F9C07_6421		AN6134	An01g14440, An12g02940, An14g07250
OG0001798	F9C07_6416	Afu2g00970	AN7636	An10g00570, An15g04310
OG0001799	F9C07_6411	Afu2g00830	AN5557	An03g01370, An05g01560
OG0001800	F9C07_2258774	Afu1g13820, Afu8g01590	AN5365	An03g04950
OG0001801	F9C07_2284727	Afu8g02660	AN3341, AN5427	An01g01180
OG0001802	F9C07_2284731	Afu2g00730, Afu3g12950	AN12267, AN9308	
OG0001803	F9C07_1643303	Afu5g07410	AN2549, AN3490, AN7631	
OG0001804	F9C07_2107910, F9C07_8325	Afu1g10630	AN1222	An08g02700
OG0001805	F9C07_6352	Afu5g06980	AN11916, AN7622	An17g00180
OG0001806	F9C07_2284760	Afu5g06990	AN11917, AN2207	An17g00200
OG0001807	F9C07_6292	Afu3g03050, Afu5g06830	AN5408	An03g00790
OG0001808	F9C07_2284865	Afu6g03890	AN8637	An09g03130, An14g00690
OG0001809	F9C07_6216	Afu6g04270	AN2794	An06g02270, An15g01500
OG0001810	F9C07_2285058, F9C07_6132	Afu6g04740	AN6542	An15g00560
OG0001811	F9C07_1669642	Afu6g05000	AN3837	An06g02420, An15g00320
OG0001812	F9C07_1676229	Afu3g04230	AN11832, AN12417	An01g00040
OG0001813	F9C07_1676490	Afu3g03330, Afu3g04150	AN9401	An01g00120
OG0001814	F9C07_2259354		AN7518	An13g02180, An15g05500, An16g01150
OG0001815	F9C07_2071891, F9C07_8228	Afu1g11730	AN1126	An08g03690
OG0001816	F9C07_2028, F9C07_8658	Afu4g10460	AN1990	An04g06210
OG0001817	F9C07_8660			An01g08150, An04g03860, An14g05250, An16g02370
OG0001818	F9C07_2285071	Afu3g02970	AN7515	An01g00530, An15g07700
OG0001819	F9C07_2234419, F9C07_2285085		AN10462	An04g02400, An12g05500
OG0001820	F9C07_8725	Afu3g02370	AN9357	An01g01080, An12g02520
OG0001821	F9C07_2285120	Afu3g02270	AN9339	An01g01550, An01g01820
OG0001822	F9C07_8758	Afu8g06970	AN9183	An04g03170, An11g02100
OG0001823	F9C07_8771	Afu6g02070	AN8672	An09g03160, An12g08790
OG0001824	F9C07_2164670	Afu2g16330, Afu6g02230	AN8689	An12g08610
OG0001825	F9C07_8823	Afu6g02600, Afu6g08500	AN8720	An12g08020
OG0001826	F9C07_2095781, F9C07_8856	Afu6g02850	AN8753	An12g07690
OG0001827	F9C07_1692713	Afu5g08490	AN4660, AN4662	An07g05170
OG0001828	F9C07_8914	Afu2g03450	AN4487	An04g03160, An07g04910
OG0001829	F9C07_8948	Afu2g03120	AN4515	An07g01160, An07g07530
OG0001830	F9C07_1699843	Afu5g11760	AN0121	An01g08640, An18g02970
OG0001831	F9C07_2234679	Afu5g12060	AN0096, AN7118	An18g02280
OG0001832	F9C07_1684, F9C07_2285358	Afu5g12520	AN0055	An14g06680
OG0001833	F9C07_2204478	Afu5g13370	AN5278, AN6895	An14g04830
OG0001834	F9C07_2234820, F9C07_2277009	Afu1g06620	AN5704	An18g05680
OG0001835	F9C07_1720820, F9C07_2277495		AN11865, AN3492	An11g04900
OG0001836	F9C07_1720997	Afu5g01580, Afu5g14000	AN2694	An14g05430
OG0001837	F9C07_9273	Afu5g14030	AN2690, AN6819	An14g05490
OG0001838	F9C07_2095777, F9C07_2234955, F9C07_3099	Afu6g06960	AN5734	
OG0001839	F9C07_2070073	Afu3g03920	AN3768	An03g05900, An07g05640
OG0001840	F9C07_1722906	Afu7g00640	AN6746	An07g01390, An14g04660
OG0001841	F9C07_2285591	Afu7g00620, Afu7g00630	AN6745	An07g01400
OG0001842	F9C07_1722946	Afu1g11040	AN10896	An09g00570, An09g03860
OG0001843	F9C07_3016, F9C07_9337	Afu6g07740	AN1921	An11g02590
OG0001844	F9C07_9351	Afu1g01360	AN3872, AN5090	An18g00390
OG0001845	F9C07_2276656	Afu3g01155, Afu8g06460	AN8655	An04g09790
OG0001846	F9C07_1177537	Afu7g01960	AN11165, AN3506, AN6806	
OG0001847	F9C07_2276695			An02g11120, An02g11130, An11g03640, An16g00810
OG0001848	F9C07_9472	Afu7g00340	AN1826	An04g07220, An07g00930
OG0001849	F9C07_2276740, F9C07_3135	Afu6g06640	AN5768	An18g06410
OG0001850	F9C07_2046743, F9C07_2285704	Afu3g03270	AN7202	An13g03490
OG0001851	F9C07_2099044, F9C07_2276802	Afu3g02240	AN10299	An01g02000
OG0001852	F9C07_9537	Afu5g00720	AN3344	An07g02400, An08g10940
OG0001853	F9C07_11751, F9C07_2276823	Afu3g07630	AN10608	An02g12600
OG0001854	F9C07_2054757, F9C07_2226530	Afu4g10760	AN1968	An04g05930
OG0001855	F9C07_3048, F9C07_9649	Afu6g07980	AN4182	An11g02960
OG0001856	F9C07_2206705, F9C07_2278126	Afu4g11350	AN5600	An04g05250
OG0001857	F9C07_2055550, F9C07_2495	Afu3g11430	AN2901	An02g07250
OG0001858	F9C07_2278167, F9C07_9707	Afu4g10820	AN1962	An04g05820
OG0001859	F9C07_2276941, F9C07_2500	Afu3g11400	AN2903	An02g07210
OG0001860	F9C07_9853	Afu6g08390	AN3925	An11g01660, An16g06140
OG0001861	F9C07_10028	Afu2g05550	AN10943	An02g13890, An12g10760
OG0001862	F9C07_10050	Afu2g05750	AN7488	An01g15140, An02g14210
OG0001863	F9C07_2277251	Afu6g06340	AN10709	An03g05940, An18g06820
OG0001864	F9C07_3158	Afu6g06440	AN3493, AN5784	An18g06700
OG0001865	F9C07_2127650	Afu6g06530, Afu6g06535	AN5775	An18g06540
OG0001866	F9C07_2277284	Afu3g09400, Afu6g06680	AN5763	An18g06370
OG0001867	F9C07_2286512, F9C07_3113	Afu6g06840	AN5753	An18g06130
OG0001868	F9C07_2277358	Afu6g07900	AN3265, AN4170	An11g02830
OG0001869	F9C07_3028, F9C07_8004	Afu4g02860	AN3196	An14g02920
OG0001870	F9C07_2128422	Afu6g07750	AN5549	An04g09850, An11g02600
OG0001871	F9C07_3004	Afu1g16660	AN0978	An06g00820, An15g02420
OG0001872	F9C07_2277403	Afu2g04220	AN0477, AN1897	An11g02180
OG0001873	F9C07_2277405	Afu2g04240	AN1895	An07g06280, An11g02160
OG0001874	F9C07_2961	Afu2g04430	AN0789, AN1876	An11g03290
OG0001875	F9C07_2055079		AN9332, AN9354	An04g10360, An08g08210
OG0001876	F9C07_2936	Afu2g04610	AN11862	An09g01900, An11g04168
OG0001877	F9C07_2285755, F9C07_2869	Afu2g17830	AN2108	An11g04930
OG0001878	F9C07_2277503	Afu2g05190	AN2585, AN6098	An11g05280
OG0001879	F9C07_2862	Afu2g05220	AN2110, AN9375	An11g05230
OG0001880	F9C07_2277544	Afu6g12670	AN10932, AN3707	An06g01880
OG0001881	F9C07_2784	Afu2g00520	AN9054	An01g14980, An10g00840
OG0001882	F9C07_2763	Afu6g13070, Afu8g02090	AN10676	An08g10400
OG0001883	F9C07_2277607	Afu5g01180, Afu6g13300	AN5482	An08g10060
OG0001884	F9C07_2737	Afu6g13330	AN10631, AN5480	An08g10030
OG0001885	F9C07_1256074	Afu1g14540	AN0784, AN8403	An01g12520
OG0001886	F9C07_2662	Afu3g10000	AN4987	An16g03740, An17g00470
OG0001887	F9C07_2471, F9C07_2618	Afu3g11650	AN2881	An02g07440
OG0001888	F9C07_11674, F9C07_1263282	Afu5g09050	AN4673	An07g04040
OG0001889	F9C07_2252811, F9C07_8268	Afu1g11110	AN1168	An08g03400
OG0001890	F9C07_2596	Afu3g10500	AN4938, AN7414	An16g04440
OG0001891	F9C07_2558	Afu3g10820	AN4906	An02g06550, An10g00310
OG0001892	F9C07_2557	Afu3g10830	AN4905, AN9299	An02g06560
OG0001893	F9C07_2277774	Afu3g10970	AN4896	An01g00900, An02g06630
OG0001894	F9C07_2278437, F9C07_2521	Afu3g11160	AN4880	An02g06910
OG0001895	F9C07_2306	Afu1g04620	AN0443	An01g03480, An05g02000
OG0001896	F9C07_2198572	Afu1g04450	AN0758, AN10080	An01g03300
OG0001897	F9C07_2278011, F9C07_2286197	Afu1g04110	AN4013	An01g02940
OG0001898	F9C07_2233	Afu1g03890	AN4046	An01g02690, An16g06070
OG0001899	F9C07_1322601	Afu1g03660	AN4025	An17g00420, An18g04040
OG0001900	F9C07_2209	Afu1g03630, Afu5g10010	AN4049	An18g04070
OG0001901	F9C07_2278049	Afu1g03600, Afu7g05610	AN4052	An18g04100
OG0001902	F9C07_2188	Afu1g00530, Afu4g12050	AN3641	An01g07300
OG0001903	F9C07_2185	Afu1g00500, Afu8g06000	AN8587	An01g01880
OG0001904	F9C07_2278064	Afu1g00490, Afu4g12010	AN3639	An09g02710
OG0001905	F9C07_2131717	Afu4g12000	AN3636, AN6382	An01g07280
OG0001906	F9C07_2278131	Afu4g11300	AN5083, AN5606	An04g05310
OG0001907	F9C07_2132103	Afu4g11240	AN5610, AN6961	An04g05420
OG0001908	F9C07_2020, F9C07_2286168	Afu4g09400		An11g09240, An11g10270
OG0001909	F9C07_1998	Afu4g10200	AN2012	An04g06870, An11g05800
OG0001910	F9C07_2253245	Afu4g10160	AN2016, AN7343	An04g06910
OG0001911	F9C07_1979	Afu4g10070	AN2045, AN3566	An04g06990
OG0001912	F9C07_2278291	Afu1g01590	AN0388, AN10550	An04g08600
OG0001913	F9C07_1906	Afu5g02130	AN7624	An02g11150, An11g06330
OG0001914	F9C07_1893	Afu5g02010	AN8044	An07g06490, An16g01860
OG0001915	F9C07_1879	Afu5g01900, Afu7g08320	AN8035	An16g01760
OG0001916	F9C07_1876	Afu4g05960	AN4305	An04g00160, An07g03810
OG0001917	F9C07_2278333, F9C07_2286481	Afu5g01880	AN8063	An16g01730
OG0001918	F9C07_1351174	Afu5g01870, Afu5g14820	AN8064	An16g01580
OG0001919	F9C07_2278366	Afu1g01780, Afu6g00510	AN8628	An12g09950
OG0001920	F9C07_1352762	Afu4g01010	AN3217	An05g02610, An18g01840
OG0001921	F9C07_1787		AN10915, AN2557	An03g01920, An04g09630
OG0001922	F9C07_2278442	Afu5g10420	AN8449	An07g08910, An07g08920
OG0001923	F9C07_1355435, F9C07_2074696	Afu5g08750	AN4698	An07g04700
OG0001924	F9C07_1355702	Afu3g00440	AN2353, AN8098	An13g02220
OG0001925	F9C07_2055589	Afu7g00360, Afu8g00860	AN6398	An01g11440
OG0001926	F9C07_1357200	Afu4g00410	AN11867, AN1622	An11g04935
OG0001927	F9C07_7898		AN3871, AN7885, AN8092	An04g04400
OG0001928	F9C07_7905	Afu1g03530, Afu6g14442	AN0250	An06g00560
OG0001929	F9C07_2193734	Afu3g02880	AN2631	An08g09140, An15g04530
OG0001930	F9C07_2285734		AN3505	An07g02410, An14g05600, An16g00170
OG0001931	F9C07_2285919, F9C07_7984	Afu1g12170	AN1084	An08g04470
OG0001932	F9C07_8027	Afu5g14320	AN2683	An14g05730, An18g03690
OG0001933	F9C07_8040	Afu1g11300, Afu6g09720, Afu8g00550		An07g05460
OG0001934	F9C07_8044	Afu1g11290, Afu5g14230	AN2673	An14g05670
OG0001935	F9C07_2235256		AN2580	An03g00590, An09g02610, An17g00450
OG0001936	F9C07_2235347	Afu1g12020, Afu8g01485	AN1089	An08g04300
OG0001937	F9C07_8198	Afu4g00840, Afu8g07050		An07g00480, An11g00330
OG0001938	F9C07_8309	Afu1g10770	AN1199	An08g02900, An18g00420
OG0001939	F9C07_2286061	Afu1g10610	AN1220	An01g00390, An08g02670
OG0001940	F9C07_8381	Afu7g00730	AN12483, AN9379	An08g07770
OG0001941	F9C07_2286120	Afu1g10100	AN10169, AN12186	An08g01930
OG0001942	F9C07_8425	Afu1g09890, Afu3g14940	AN1278	An08g01700
OG0001943	F9C07_2074081, F9C07_8431	Afu5g08830	AN4695	An07g04570
OG0001944	F9C07_1760626	Afu7g01650	AN9141	An12g01050, An16g08050
OG0001945	F9C07_2169535	Afu7g02390	AN6437, AN9076	An12g00180
OG0001946	F9C07_12129	Afu3g05450	AN3459	An04g10270, An11g11180
OG0001947	F9C07_12000	Afu2g00430, Afu3g07520	AN4852	An02g13180
OG0001948	F9C07_11998, F9C07_1794672	Afu3g07490	AN10606	An02g13200
OG0001949	F9C07_11978	Afu2g00440	AN11337	An16g00840, An18g01250
OG0001950	F9C07_2286432	Afu2g17760, Afu8g00660	AN10604	An03g02870
OG0001951	F9C07_11966, F9C07_1801161	Afu3g07370	AN4841	An02g13350
OG0001952	F9C07_11928	Afu3g07130, Afu8g06140	AN4818	An02g13590
OG0001953	F9C07_1799678	Afu3g07120	AN4817, AN6928	An02g13600
OG0001954	F9C07_2286514		AN3882	An07g03320, An11g05390, An11g05400
OG0001955	F9C07_2286525	Afu3g07040	AN10986, AN4810	An02g13740
OG0001956	F9C07_2247215	Afu5g01650	AN1812	An04g04510, An11g08600
OG0001957	F9C07_2286633	Afu3g07810	AN2916	An02g07600, An02g12770
OG0001958	F9C07_2171752	Afu5g08940	AN10665, AN4687	An07g04270
OG0001959	F9C07_2286767		AN6113, AN8792, AN9443	An07g03160
OG0001960	F9C07_11531	Afu1g11030, Afu8g02000	AN2666	An07g01290
OG0001961	F9C07_11514	Afu1g01190, Afu6g04280	AN2649	An11g03730
OG0001962	F9C07_11508	Afu6g13470	AN10421, AN3523	An08g03030
OG0001963	F9C07_11483	Afu3g01900	AN0963, AN10629	An01g09800
OG0001964		Afu1g10160, Afu8g00520		An04g02940, An07g00810, An09g01610
OG0001965		Afu1g11380, Afu4g00600	AN10886, AN6413, AN8328	
OG0001966		Afu2g00960, Afu2g17230, Afu5g01410		An03g06250, An16g05670
OG0001967		Afu2g01390	AN8531	An04g05560, An06g02170, An10g00670
OG0001968		Afu2g12710	AN8789	An05g01850, An14g01680, An15g05160
OG0001969		Afu3g01970, Afu5g12750, Afu6g14450		An11g05890, An13g02200
OG0001970		Afu3g13740, Afu4g14040, Afu5g06900	AN1588, AN2646	
OG0001971		Afu4g01580	AN8562	An12g00890, An18g02570, An18g02580
OG0001972		Afu6g14000, Afu8g02360	AN2708, AN5283	An08g07270
OG0001973		Afu8g00430		An02g08300, An07g00010, An07g00070, An11g06450
OG0001974		Afu8g00962	AN2596, AN3497, AN8250	An08g10100
OG0001975			AN11764, AN11991, AN2657, AN2878, AN3987	
OG0001976			AN1591, AN3615, AN7091	An01g02250, An07g04480
OG0001977			AN7368	An02g01120, An12g09890, An15g02540, An18g01500
OG0001978			AN0839, AN12308, AN7235, AN9234, AN9484	
OG0001979			AN11274, AN11575, AN12259, AN5238, AN7842	
OG0001980				An01g01410, An01g01460, An03g03440, An09g00290, An13g01470
OG0001981				An01g07120, An03g00010, An08g01320, An12g05460, An13g02080
OG0001982				An04g04620, An08g11310, An08g11320, An11g07600, An14g05440
OG0001983				An08g09970, An11g03870, An11g07210, An12g00850, An12g05680
OG0001984	F9C07_2224029, F9C07_2287606	Afu8g01480		An13g03100
OG0001985	F9C07_2236402	Afu3g15140, Afu6g03290		An01g08740
OG0001986	F9C07_12156	Afu3g01150		An02g14500, An11g03520
OG0001987	F9C07_12159, F9C07_12216, F9C07_1959085			An16g02190
OG0001988	F9C07_2076856	Afu2g17920	AN8550	An02g13300
OG0001989	F9C07_12178	Afu3g00570, Afu8g02315		An06g00280
OG0001990	F9C07_2286911	Afu2g01760	AN7222	An03g06670
OG0001991	F9C07_12212	Afu8g00885	AN9173	An03g01620
OG0001992	F9C07_2208001, F9C07_2286935	Afu3g03220		An04g06340
OG0001993	F9C07_2286942, F9C07_2945	Afu6g00280	AN5317	
OG0001994	F9C07_12229	Afu6g11530	AN10368	An15g03810
OG0001995	F9C07_2236492	Afu7g01190	AN8901	An12g01960
OG0001996	F9C07_2076595	Afu7g01180	AN8900	An09g02270
OG0001997	F9C07_12250	Afu5g01500	AN3378	An15g07110
OG0001998	F9C07_2076236	Afu7g01150	AN3405	An12g02110
OG0001999	F9C07_12279	Afu5g12780	AN8430	An18g00330
OG0002000	F9C07_1728650, F9C07_2054463, F9C07_2286997		AN2636	
OG0002001	F9C07_12306		AN7940	An01g09950, An09g06220
OG0002002	F9C07_2097228, F9C07_2200722		AN2842	An08g09910
OG0002003	F9C07_12340	Afu7g01290	AN3371	An12g01950
OG0002004	F9C07_2287037	Afu7g01280	AN3372	An12g01940
OG0002005	F9C07_2236590	Afu7g01270	AN3373	An12g01930
OG0002006	F9C07_2205690	Afu7g01260	AN3374	An12g01920
OG0002007	F9C07_2287042	Afu7g01230	AN3375	An12g01900
OG0002008	F9C07_12352	Afu6g07050	AN8100	An14g01710
OG0002009	F9C07_12353	Afu7g01300	AN3370	An12g01880
OG0002010	F9C07_12356	Afu7g01330	AN3367	An12g01550
OG0002011	F9C07_12357	Afu7g01340	AN3366	An12g01540
OG0002012	F9C07_12358	Afu7g01350	AN10400	An12g01530
OG0002013	F9C07_12359	Afu7g01370	AN10395	An12g01520
OG0002014	F9C07_12360	Afu7g01380	AN10394	An12g01510
OG0002015	F9C07_12362	Afu3g11890	AN9195	An01g14950
OG0002016	F9C07_12364	Afu7g01400	AN3363	An12g01500
OG0002017	F9C07_2205701	Afu7g01420	AN10393	An12g01480
OG0002018	F9C07_12368	Afu7g01440	AN3410	An12g01370
OG0002019	F9C07_2287060	Afu7g01460	AN3413	An12g01350
OG0002020	F9C07_12373	Afu7g01480	AN3411	An12g01330
OG0002021	F9C07_2205709, F9C07_2281362	Afu2g14400		An02g00780
OG0002022	F9C07_2236632	Afu7g01520	AN11837	An12g01180
OG0002023	F9C07_12388	Afu7g01530	AN3417	An12g01170
OG0002024	F9C07_12389	Afu6g01800, Afu7g01540	AN3418	
OG0002025	F9C07_1730074, F9C07_2055558, F9C07_2076029, F9C07_2287079			
OG0002026	F9C07_2205724		AN7237	An02g13320, An19g00150
OG0002027	F9C07_2205725, F9C07_2287653		AN6205	An02g13310
OG0002028	F9C07_2287087	Afu5g09750	AN8534	An13g02390
OG0002029	F9C07_10178, F9C07_12408, F9C07_4288		AN11049	
OG0002030	F9C07_12422	Afu4g00860, Afu6g12180		An14g05070
OG0002031	F9C07_2287122	Afu3g03160	AN6096	An04g10070
OG0002032	F9C07_12493	Afu5g10950	AN0213	An14g02320
OG0002033	F9C07_2287168	Afu5g10890	AN0228	An14g03710
OG0002034	F9C07_2076558	Afu5g10910	AN0227	An14g03700
OG0002035	F9C07_1926821	Afu5g10920	AN0229	An14g03660
OG0002036	F9C07_2076592, F9C07_2230642	Afu5g10880		An14g03720
OG0002037	F9C07_2247836	Afu5g10850	AN10029	An14g03730
OG0002038	F9C07_2287179	Afu5g10840	AN0237	An14g03740
OG0002039	F9C07_12513	Afu5g10830	AN4721	An14g03770
OG0002040	F9C07_2287180	Afu5g10820	AN4723	An14g03780
OG0002041	F9C07_12515	Afu5g10810	AN4724	An14g03790
OG0002042	F9C07_12516	Afu5g10800	AN4725	An14g03800
OG0002043	F9C07_12517	Afu5g10790	AN4726	An14g03810
OG0002044	F9C07_2287183	Afu5g10780	AN4727	An14g03820
OG0002045	F9C07_12519	Afu5g10770	AN2751	An14g03890
OG0002046	F9C07_12520	Afu5g10760	AN2752	An14g03910
OG0002047	F9C07_2287185	Afu5g10750	AN4730	An14g03920
OG0002048	F9C07_12522	Afu5g10740	AN4731	An14g03930
OG0002049	F9C07_12523	Afu5g10730	AN4732	An14g03950
OG0002050	F9C07_12526	Afu5g10680	AN2311	An14g04010
OG0002051	F9C07_2173756	Afu5g10660	AN10285	An14g04040
OG0002052	F9C07_2287192	Afu5g10630	AN2308	An14g04060
OG0002053	F9C07_2287193	Afu5g10620	AN2307	An14g04070
OG0002054	F9C07_12531	Afu5g10610	AN2306	An14g04080
OG0002055	F9C07_12532	Afu5g10600	AN2313	An14g04090
OG0002056	F9C07_12533	Afu5g10590	AN2312	An14g04100
OG0002057	F9C07_2236775	Afu5g10580	AN2318	An14g04140
OG0002058	F9C07_2287200	Afu5g10560	AN2316	An14g04170
OG0002059	F9C07_2287201	Afu5g10550	AN2315	An14g04180
OG0002060	F9C07_2205806	Afu5g10540	AN2314	An14g04190
OG0002061	F9C07_12542	Afu5g10520	AN2325	An14g04240
OG0002062	F9C07_1931597	Afu5g10490	AN12124	An14g04290
OG0002063	F9C07_12546	Afu5g10480	AN2327	An14g04300
OG0002064	F9C07_2173804	Afu5g10455	AN10292	An14g04320
OG0002065	F9C07_12549, F9C07_7970	Afu4g13760	AN7961	
OG0002066	F9C07_2287214	Afu5g10430	AN10286	An14g04340
OG0002067	F9C07_2287218	Afu5g10370	AN2332	An14g04400
OG0002068	F9C07_2287233	Afu2g17930	AN12277	An05g01640
OG0002069	F9C07_1340421, F9C07_2287237	Afu4g10120		An04g06940
OG0002070	F9C07_12587	Afu5g10210, Afu8g05930		An14g04490
OG0002071	F9C07_12599	Afu5g09900	AN2342	An14g07050
OG0002072	F9C07_12606	Afu7g05130		An01g07720, An11g00070
OG0002073	F9C07_12610		AN2799	An15g07670, An19g00230
OG0002074	F9C07_1933755	Afu8g02510	AN7313	An08g10780
OG0002075	F9C07_2287273		AN2394	An03g06300, An16g06790
OG0002076	F9C07_1393162, F9C07_2287282	Afu3g00850		An03g00470
OG0002077	F9C07_12651	Afu1g17160	AN8595	An01g09570
OG0002078	F9C07_12666, F9C07_1331	Afu8g02060		An05g02300
OG0002079	F9C07_12670, F9C07_2211324		AN2718	An04g06530
OG0002080	F9C07_12681	Afu3g00350	AN3616	An13g01530
OG0002081	F9C07_2287332	Afu5g14280, Afu8g01850	AN8956	
OG0002082	F9C07_2174313	Afu8g02440	AN8907	An03g06410
OG0002083	F9C07_12732	Afu8g02420	AN8906	An03g06440
OG0002084	F9C07_1382340, F9C07_1937477		AN8905	An03g06460
OG0002085	F9C07_2287387	Afu3g03930	AN1087	An08g04570
OG0002086	F9C07_2237005	Afu8g01670	AN7388	An01g01830
OG0002087	F9C07_2205954, F9C07_2280789		AN8342	An03g06530
OG0002088	F9C07_1828, F9C07_2287415	Afu4g01000	AN3221	
OG0002089	F9C07_2287416		AN0171, AN7523	An18g01570
OG0002090	F9C07_12818	Afu8g02620	AN10344	An03g06730
OG0002091	F9C07_12819	Afu8g02630	AN8891	An03g06740
OG0002092	F9C07_12827	Afu8g02700	AN8886	An03g06800
OG0002093	F9C07_2287440	Afu8g02730	AN8883	An03g06830
OG0002094	F9C07_12831	Afu8g02740	AN8882	An03g06840
OG0002095	F9C07_12832	Afu8g02750	AN11145	An03g06850
OG0002096	F9C07_2174629	Afu8g02760	AN8881	An03g06860
OG0002097	F9C07_12834	Afu8g02770	AN11146	An03g06870
OG0002098	F9C07_12835	Afu8g02780	AN8880	An03g06880
OG0002099	F9C07_12837	Afu8g02790	AN8879	An03g06900
OG0002100	F9C07_2287445	Afu8g02800	AN8878	An03g06910
OG0002101	F9C07_2237058	Afu8g02810	AN8877	An03g06920
OG0002102	F9C07_1941475	Afu8g02820	AN8876	An03g06930
OG0002103	F9C07_12841	Afu8g02830	AN8875	An03g06940
OG0002104	F9C07_1941362	Afu8g02840	AN8874	An03g06950
OG0002105	F9C07_2287449	Afu8g02850	AN12237	An03g06960
OG0002106	F9C07_2076999	Afu8g02860	AN8872	An03g06970
OG0002107	F9C07_1941309	Afu8g02870	AN8871	An03g06980
OG0002108	F9C07_2077204	Afu8g03880	AN9419	An16g09320
OG0002109	F9C07_13337	Afu8g03890	AN9420	An16g09310
OG0002110	F9C07_2264141	Afu8g03900	AN9421	An16g09300
OG0002111	F9C07_2287454	Afu8g03910	AN9423	An16g09290
OG0002112	F9C07_2237076	Afu8g03920	AN9424	An16g09270
OG0002113	F9C07_2287458	Afu8g03970	AN1406	An16g09230
OG0002114	F9C07_2287459	Afu8g03990	AN1408	An16g09200
OG0002115	F9C07_13328	Afu8g03980	AN1407	An16g09210
OG0002116	F9C07_2287460	Afu8g04000	AN1409	An16g09190
OG0002117	F9C07_1942677	Afu8g04010	AN10203	An16g09180
OG0002118	F9C07_13322	Afu8g04030	AN1412	An16g09150
OG0002119	F9C07_2174850	Afu8g04140	AN1424	An16g08950
OG0002120	F9C07_13307	Afu8g04150	AN1423	An16g08940
OG0002121	F9C07_1947422	Afu8g04170	AN1421	An16g08920
OG0002122	F9C07_2287477	Afu8g04180	AN1420	An16g08910
OG0002123	F9C07_13303	Afu8g04190	AN1431	An16g08890
OG0002124	F9C07_2287479	Afu8g04200	AN1432	An16g08880
OG0002125	F9C07_2287481	Afu8g04220	AN1434	An16g08860
OG0002126	F9C07_1947467	Afu8g04240	AN1435	An16g08850
OG0002127	F9C07_13296	Afu8g04250	AN1436	An16g08840
OG0002128	F9C07_13292	Afu8g04260	AN1442	An16g08830
OG0002129	F9C07_2076577	Afu8g04270	AN10191	An16g08820
OG0002130	F9C07_2287490	Afu8g04290	AN1438	An16g08800
OG0002131	F9C07_2237111	Afu8g04280	AN1439	An16g08810
OG0002132	F9C07_13289	Afu8g04300	AN1437	An16g08780
OG0002133	F9C07_2287492	Afu8g04310	AN1443	An16g08760
OG0002134	F9C07_2287495	Afu8g04330	AN1445	An16g08730
OG0002135	F9C07_1949192	Afu8g04320	AN1444	An16g08740
OG0002136	F9C07_1947778	Afu8g04350	AN1447	An16g08710
OG0002137	F9C07_13282	Afu8g04360	AN1448	An16g08700
OG0002138	F9C07_2287503	Afu8g04380	AN1450	An16g08670
OG0002139	F9C07_2287504	Afu8g04390	AN1451	An16g08650
OG0002140	F9C07_13274	Afu8g04400	AN1452	An16g08640
OG0002141	F9C07_1948036	Afu8g04410	AN1453	An16g08630
OG0002142	F9C07_2077480	Afu8g04420	AN1456	An16g08620
OG0002143	F9C07_2287508	Afu8g04430	AN1455	An16g08570
OG0002144	F9C07_13269	Afu8g04440	AN10208	An16g08560
OG0002145	F9C07_2287511	Afu8g04460	AN1454	An16g08540
OG0002146	F9C07_2287512	Afu3g01530	AN8546	An13g03600
OG0002147	F9C07_13265	Afu4g03470	AN2697, AN9203	
OG0002148	F9C07_13257, F9C07_1962235, F9C07_2075810		AN8548	
OG0002149	F9C07_2206072	Afu3g01580	AN8547	An07g06310
OG0002150	F9C07_13243	Afu3g01840	AN3776	An13g03680
OG0002151	F9C07_2077015	Afu3g00560	AN9307	An08g08930
OG0002152	F9C07_1952433, F9C07_2131138		AN1724	An01g14480
OG0002153	F9C07_2287538	Afu3g01920	AN8415	An13g03940
OG0002154	F9C07_13234	Afu6g14470	AN5353	An02g05680
OG0002155	F9C07_2283903, F9C07_2287567	Afu1g10870	AN6421	
OG0002156	F9C07_2077517			An07g05020, An08g01290, An14g03540
OG0002157	F9C07_2287589			An14g02080, An14g03560, An15g04370
OG0002158	F9C07_2287632	Afu7g00920	AN8512	An06g01990
OG0002159	F9C07_1955627, F9C07_9445	Afu4g09850	AN3507	
OG0002160	F9C07_1955679	Afu5g07650, Afu6g08280, Afu6g09800		
OG0002161	F9C07_2210513, F9C07_2264573	Afu1g10995		An12g05140
OG0002162	F9C07_2287672	Afu4g14610	AN3498	An05g02510
OG0002163	F9C07_2287674	Afu4g14590	AN3501	An05g02490
OG0002164	F9C07_13060, F9C07_7027		AN11753	An15g03720
OG0002165	F9C07_13059	Afu8g07000	AN11793	An15g02080
OG0002166	F9C07_13021	Afu6g13670	AN5404	An08g08600
OG0002167	F9C07_2175791	Afu6g13660	AN5403	An08g08590
OG0002168	F9C07_2287708	Afu6g13650	AN10673	An08g08670
OG0002169	F9C07_1957504	Afu6g13640	AN10680	An08g08660
OG0002170	F9C07_2237370	Afu3g15210, Afu6g13610	AN7401	
OG0002171	F9C07_13015	Afu6g13600	AN5438	An08g08690
OG0002172	F9C07_13014	Afu6g13590	AN2793	An04g10130
OG0002173	F9C07_13012	Afu6g13570	AN5440	An08g08720
OG0002174	F9C07_2287713	Afu6g13550	AN5441	An08g08740
OG0002175	F9C07_2287714	Afu6g13540	AN5442	An08g08750
OG0002176	F9C07_2287715	Afu6g13530	AN5443	An08g08760
OG0002177	F9C07_2224641	Afu5g01330	AN9186	An13g01750
OG0002178	F9C07_13002	Afu6g13510	AN5445	An08g08780
OG0002179	F9C07_13001	Afu6g13500	AN5446	An08g08820
OG0002180	F9C07_12996	Afu6g13680	AN5405	An08g08570
OG0002181	F9C07_2175876	Afu6g13690	AN5406	An08g08550
OG0002182	F9C07_2287730	Afu6g13850	AN5407	An08g08540
OG0002183	F9C07_1692455, F9C07_2216882		AN8754	An12g07660
OG0002184	F9C07_2098600	Afu6g13790	AN5400	An11g08030
OG0002185	F9C07_12979	Afu6g13860	AN5401	An08g08500
OG0002186	F9C07_2244110, F9C07_2287744, F9C07_4420, F9C07_4570			
OG0002187	F9C07_2175950	Afu6g13750	AN3208	An07g05510
OG0002188	F9C07_2206334, F9C07_4564	Afu6g13765	AN5391	
OG0002189	F9C07_1959401	Afu6g13770	AN5390	An08g08340
OG0002190	F9C07_2077189		AN5503	An02g00880, An13g01400
OG0002191	F9C07_12961	Afu6g13890	AN5375	An08g08320
OG0002192	F9C07_1959218	Afu6g14100	AN5356	An03g03360
OG0002193	F9C07_12959	Afu6g14090	AN5357	An06g01000
OG0002194	F9C07_2206345, F9C07_364, F9C07_4289, F9C07_542			
OG0002195	F9C07_2175985	Afu1g00390, Afu4g03300	AN11074	
OG0002196	F9C07_12949	Afu6g14130	AN5351	An06g01040
OG0002197	F9C07_2077504	Afu6g14140	AN5350	An06g01050
OG0002198	F9C07_1960087	Afu6g14170	AN5347	An06g01080
OG0002199	F9C07_12944	Afu6g14180	AN5346	An06g01100
OG0002200	F9C07_1960083	Afu6g14190	AN5345	An06g01110
OG0002201	F9C07_12942	Afu6g14200	AN10512	An13g01920
OG0002202	F9C07_2287772	Afu6g14220	AN5343	An06g01130
OG0002203	F9C07_12938	Afu6g14260	AN5340	An06g01210
OG0002204	F9C07_2287776	Afu6g14250	AN11956	An06g01200
OG0002205	F9C07_12935	Afu6g14240	AN5341	An06g01190
OG0002206	F9C07_2076307	Afu2g05180		An12g10480, An14g02130
OG0002207	F9C07_12930	Afu6g14270	AN5339	An06g01220
OG0002208	F9C07_2237462	Afu3g14810	AN9274	An04g08110
OG0002209	F9C07_1963808	Afu6g14360	AN5335	An06g00630
OG0002210	F9C07_12900	Afu6g14310	AN10661	An08g08080
OG0002211	F9C07_12892, F9C07_2235205, F9C07_2280068, F9C07_4699			
OG0002212	F9C07_2287807	Afu6g14320	AN10663	An08g08150
OG0002213	F9C07_12888	Afu6g14290	AN5337	An08g08040
OG0002214	F9C07_2287811	Afu6g14280	AN5338	An08g08060
OG0002215	F9C07_12879		AN4011	An01g02970, An14g01340
OG0002216	F9C07_2287826	Afu6g03140	AN7702	An15g07460
OG0002217	F9C07_2287832	Afu2g00590	AN3299	An07g01100
OG0002218	F9C07_2195588, F9C07_2202197, F9C07_2206426			An13g03230
OG0002219	F9C07_1475469, F9C07_1966518	Afu3g09460	AN8635	
OG0002220	F9C07_12860	Afu6g00240	AN2478	An13g02290
OG0002221	F9C07_12859	Afu5g14420	AN9361	An05g01800
OG0002222	F9C07_2280419	Afu2g15450	AN0390	An07g02450
OG0002223	F9C07_5151		AN12413, AN2323, AN9185	
OG0002224	F9C07_2229067, F9C07_2257404	Afu1g03200		An01g01900
OG0002225	F9C07_2280425	Afu6g11890	AN12492	An11g00010
OG0002226	F9C07_2280426, F9C07_2285635	Afu7g06670		An04g03250
OG0002227	F9C07_5167	Afu7g06780	AN8446	An15g07580
OG0002228	F9C07_5175	Afu1g09120	AN4124	An08g00630
OG0002229	F9C07_2276735, F9C07_5181	Afu8g07080		An01g02070
OG0002230	F9C07_1833832	Afu4g03140	AN7185	An14g02230
OG0002231	F9C07_2058653, F9C07_2087446, F9C07_2200567, F9C07_2201494			
OG0002232	F9C07_5242	Afu4g03160	AN7184	An14g02210
OG0002233	F9C07_1835353, F9C07_2279276, F9C07_2282073			An08g08290
OG0002234	F9C07_5257	Afu4g03170	AN7183	An14g02200
OG0002235	F9C07_5258	Afu4g03180	AN7182	An14g02190
OG0002236	F9C07_5260		AN11703, AN6430, AN8414	
OG0002237	F9C07_2280517	Afu4g03320	AN7173	An14g02010
OG0002238	F9C07_5277, F9C07_5935		AN11616	An02g02460
OG0002239	F9C07_1808152, F9C07_2219715, F9C07_2262847			An04g09600
OG0002240	F9C07_5299, F9C07_7592			An03g02650, An09g02460
OG0002241	F9C07_5306	Afu4g03330	AN7165	An14g01960
OG0002242	F9C07_2280539	Afu3g03520	AN6941	An08g08860
OG0002243	F9C07_5318	Afu7g06700	AN7364	An14g01760
OG0002244	F9C07_2078331, F9C07_2219745, F9C07_6814			An12g06500
OG0002245	F9C07_5331	Afu4g00870	AN6795	An08g09420
OG0002246	F9C07_2143640, F9C07_2670	Afu7g05200	AN7949	
OG0002247	F9C07_2280565		AN0009, AN1100	An01g01110
OG0002248	F9C07_2105525, F9C07_2232619, F9C07_5337, F9C07_8536			
OG0002249	F9C07_2280579, F9C07_2285402	Afu4g14640		An16g06300
OG0002250	F9C07_1838509	Afu4g03430	AN4185	An12g02090
OG0002251	F9C07_2133655, F9C07_2200676, F9C07_2278526		AN1315	
OG0002252	F9C07_5365	Afu4g14450	AN2815	An03g02430
OG0002253	F9C07_5372	Afu4g03510	AN7150	An14g02590
OG0002254	F9C07_11534, F9C07_2159007, F9C07_5380	Afu4g01260		
OG0002255	F9C07_2103306	Afu6g09335, Afu6g09356		An04g07890
OG0002256	F9C07_1842771			An03g06400, An05g02560, An15g07060
OG0002257	F9C07_2280645	Afu4g03620	AN7149	An14g01630
OG0002258	F9C07_1843734, F9C07_1844083, F9C07_2281309	Afu8g06420		
OG0002259	F9C07_2285549, F9C07_5449	Afu7g06310		An06g00270
OG0002260	F9C07_2229345	Afu4g03640	AN7145	An14g01580
OG0002261	F9C07_5452	Afu4g03645	AN7144	An14g01570
OG0002262	F9C07_2280659	Afu4g03650	AN7143	An14g01560
OG0002263	F9C07_5477	Afu4g04000	AN12072	An14g00870
OG0002264	F9C07_5479	Afu4g03980	AN7048	An14g00890
OG0002265	F9C07_5480	Afu4g03970	AN7049	An14g00900
OG0002266	F9C07_1844436	Afu4g03960	AN7050	An14g00920
OG0002267	F9C07_1844641	Afu4g03950	AN7051	An14g00930
OG0002268	F9C07_5483	Afu4g03945	AN7052	An14g00940
OG0002269	F9C07_5484	Afu4g03890	AN7108	An14g01000
OG0002270	F9C07_5487	Afu4g03910	AN1143	An14g00980
OG0002271	F9C07_11659, F9C07_1845487, F9C07_2245260			An02g10620
OG0002272	F9C07_2280696	Afu4g03930	AN7113	An14g00960
OG0002273	F9C07_2280697	Afu4g03940	AN10893	An14g00950
OG0002274	F9C07_2280698	Afu4g03880	AN7107	An14g01010
OG0002275	F9C07_2280700	Afu4g03860	AN7105	An14g01030
OG0002276	F9C07_5499	Afu4g03870	AN7106	An14g01020
OG0002277	F9C07_2280701	Afu4g03850	AN7104	An14g01050
OG0002278	F9C07_2144507	Afu4g03840	AN7103	An14g01060
OG0002279	F9C07_5504	Afu4g03820	AN7101	An14g01070
OG0002280	F9C07_2103423	Afu4g03810	AN10892	An14g01080
OG0002281	F9C07_2280710	Afu4g03760	AN10901	An14g01150
OG0002282	F9C07_1846436	Afu4g04010	AN7046	An14g00860
OG0002283	F9C07_5516		AN8951	An02g00160, An02g00200
OG0002284	F9C07_2280716	Afu1g14510	AN0782	An01g12480
OG0002285	F9C07_2280718	Afu1g14500	AN0781	An01g12470
OG0002286	F9C07_5522	Afu1g14450	AN0779	An01g12450
OG0002287	F9C07_5523	Afu1g14440	AN10155	An03g02620
OG0002288	F9C07_1846417	Afu1g14420	AN0777	An01g12430
OG0002289	F9C07_5526	Afu1g14410	AN0776	An01g12420
OG0002290	F9C07_2280726	Afu1g14390	AN0774	An09g03900
OG0002291	F9C07_2280727	Afu1g14360	AN10120	An01g12410
OG0002292	F9C07_2280730	Afu1g14320	AN0770	An01g12370
OG0002293	F9C07_2144572	Afu1g14310	AN10119	An01g12360
OG0002294	F9C07_5537	Afu1g14290	AN0767	An01g12330
OG0002295	F9C07_5539	Afu1g14280	AN0766	An01g12320
OG0002296	F9C07_2280738	Afu1g14260	AN0763	An01g12300
OG0002297	F9C07_2280739	Afu1g14240	AN0762	An01g12290
OG0002298	F9C07_1848591		AN5252, AN9240	An08g12140
OG0002299	F9C07_2144680, F9C07_2286775		AN9165	An13g01440
OG0002300	F9C07_5580	Afu2g01740	AN4645	An14g03580
OG0002301	F9C07_5581	Afu2g01730	AN4646	An07g05420
OG0002302	F9C07_5582	Afu2g01780	AN4648	An07g05380
OG0002303	F9C07_5583	Afu2g01850	AN4647	An07g05370
OG0002304	F9C07_5594	Afu2g01790	AN4650	An07g05410
OG0002305	F9C07_5597	Afu2g01820	AN10574	An07g05350
OG0002306	F9C07_2229475	Afu2g01830	AN4652	An07g05290
OG0002307	F9C07_2229477	Afu2g01720	AN4654	An07g05260
OG0002308	F9C07_1850985	Afu2g01880	AN10570	An07g05600
OG0002309	F9C07_2280796	Afu2g01890	AN4569	An07g05610
OG0002310	F9C07_2280797	Afu2g01910	AN4571	An07g05630
OG0002311	F9C07_2229488	Afu2g01900	AN4570	An07g05620
OG0002312	F9C07_1851104	Afu2g01930	AN4572	An07g05760
OG0002313	F9C07_2280800	Afu2g01950	AN4576	An07g05650
OG0002314	F9C07_2222064, F9C07_5621	Afu2g01960		An03g02150
OG0002315	F9C07_2229497	Afu2g01970	AN4582	An07g05780
OG0002316	F9C07_1851661	Afu2g01980	AN4581	An07g05790
OG0002317	F9C07_5625	Afu2g01990	AN4580	An07g05800
OG0002318	F9C07_5626	Afu2g02000	AN4579	An07g05810
OG0002319	F9C07_5627	Afu2g02010	AN4578	An07g05820
OG0002320	F9C07_2229505	Afu2g02050	AN4583	An07g05920
OG0002321	F9C07_1851818	Afu2g02060	AN4584	An07g05930
OG0002322	F9C07_5633	Afu2g02070	AN4585	An07g05940
OG0002323	F9C07_5634	Afu2g02080	AN4586	An07g05960
OG0002324	F9C07_2063392	Afu2g02120	AN4591	An07g06780
OG0002325	F9C07_5641	Afu2g02140	AN4593	An09g03850
OG0002326	F9C07_2280817	Afu2g02150	AN4594	An07g06760
OG0002327	F9C07_5643	Afu2g02160	AN4595	An07g06750
OG0002328	F9C07_2280819	Afu2g02165	AN4596	An07g06740
OG0002329	F9C07_2280820	Afu2g02170	AN4597	An07g06730
OG0002330	F9C07_2280821	Afu2g02180	AN4598	An07g06700
OG0002331	F9C07_2229522	Afu2g02190	AN4599	An07g06640
OG0002332	F9C07_5649	Afu2g02210	AN4600	An07g06630
OG0002333	F9C07_2063324	Afu2g02220	AN4601	An07g06610
OG0002334	F9C07_2103548	Afu2g02230	AN4602	An07g06600
OG0002335	F9C07_2280830	Afu2g02240	AN12163	An07g06590
OG0002336	F9C07_5657	Afu2g02250	AN4603	An14g03370
OG0002337	F9C07_5658	Afu2g02260	AN4610	An07g06580
OG0002338	F9C07_5659	Afu2g02270	AN4611	An07g06570
OG0002339	F9C07_5660	Afu2g02275	AN11444	An07g06560
OG0002340	F9C07_5661	Afu2g02280	AN4612	An07g06550
OG0002341	F9C07_2280835	Afu2g02290	AN4613	An07g06540
OG0002342	F9C07_2280836	Afu2g02300	AN4614	An07g06535
OG0002343	F9C07_5664, F9C07_8759		AN2019	An13g01550
OG0002344	F9C07_2280838	Afu2g02310	AN4615	An07g06530
OG0002345	F9C07_2280839	Afu2g02320	AN4616	An07g06520
OG0002346	F9C07_2280840	Afu2g02360	AN4623	An07g06430
OG0002347	F9C07_5667	Afu2g02340	AN4617	An07g06510
OG0002348	F9C07_1854843	Afu2g02350	AN4618	An03g02720
OG0002349	F9C07_5671	Afu2g02380	AN4622	An07g06420
OG0002350	F9C07_5675	Afu8g01260	AN8148	An08g08890
OG0002351	F9C07_2280847	Afu2g14655	AN10870, AN1788	
OG0002352	F9C07_2280848	Afu2g14650	AN10869, AN1789	
OG0002353	F9C07_5683	Afu2g02400	AN4631	An07g06370
OG0002354	F9C07_5684	Afu2g02420	AN4632	An07g06350
OG0002355	F9C07_2280855	Afu2g02430	AN4633	An07g06340
OG0002356	F9C07_2280856	Afu2g10930	AN5915	An02g02830
OG0002357	F9C07_2280857	Afu2g10920	AN5916	An02g02820
OG0002358	F9C07_5691	Afu2g10900	AN5919	An03g02820
OG0002359	F9C07_5692	Afu2g10890	AN5920	An02g02740
OG0002360	F9C07_5693	Afu2g10880	AN12158	An02g02730
OG0002361	F9C07_5694	Afu2g10870	AN12159	An02g02720
OG0002362	F9C07_5695	Afu2g10860	AN10760	An02g02710
OG0002363	F9C07_1856174	Afu2g10850	AN5924	An02g02690
OG0002364	F9C07_1856175	Afu2g10820	AN10757	An02g02680
OG0002365	F9C07_5700	Afu2g10810	AN10754	An02g02650
OG0002366	F9C07_5701	Afu2g10800	AN5926	An02g02640
OG0002367	F9C07_1856346	Afu2g10770	AN5929	An02g02600
OG0002368	F9C07_2229572	Afu2g10760	AN5930	An02g02540
OG0002369	F9C07_5709	Afu2g10730	AN10755	An02g02510
OG0002370	F9C07_1856656	Afu2g10740	AN10762	An02g02520
OG0002371	F9C07_5711	Afu2g10750	AN5931	An02g02530
OG0002372	F9C07_5717	Afu2g10720	AN5933	An02g02500
OG0002373	F9C07_5718	Afu2g10710	AN12161	An02g02490
OG0002374	F9C07_2145300	Afu2g10640	AN10763	An02g05850
OG0002375	F9C07_2280890	Afu2g10660	AN5975	An02g05830
OG0002376	F9C07_1862725	Afu2g10670		An02g05790, An09g03310
OG0002377	F9C07_5727	Afu2g10610	AN5972	An02g05870
OG0002378	F9C07_2280893	Afu2g10600	AN5971	An02g05880
OG0002379	F9C07_2280894	Afu2g10590	AN5970	An02g05890
OG0002380	F9C07_5730	Afu2g10580	AN5969	An02g05900
OG0002381	F9C07_1858180	Afu2g10560	AN5968	An02g05920
OG0002382	F9C07_2280898	Afu2g10550	AN5966	An02g06000
OG0002383	F9C07_5734	Afu2g10540	AN5965	An02g06010
OG0002384	F9C07_2280902	Afu2g10510	AN9469	An02g06040
OG0002385	F9C07_2280903	Afu2g10500	AN9468	An02g06050
OG0002386	F9C07_5739	Afu2g10470	AN5961	An02g06070
OG0002387	F9C07_1862679	Afu2g10480	AN5962	An02g06060
OG0002388	F9C07_1856955	Afu2g10460	AN10756	An02g06080
OG0002389	F9C07_5743	Afu2g10450	AN5959	An02g06120
OG0002390	F9C07_5744	Afu2g10440	AN5960	An02g06130
OG0002391	F9C07_5745	Afu2g10430	AN10758	An02g06140
OG0002392	F9C07_5750	Afu2g10380	AN5954	An16g04580
OG0002393	F9C07_1858774	Afu2g10400	AN5955	An02g06180
OG0002394	F9C07_2145430	Afu2g10340	AN5950	An16g04650
OG0002395	F9C07_5754	Afu2g10350	AN5951	An16g04640
OG0002396	F9C07_2229617	Afu2g10330	AN5949	An16g04660
OG0002397	F9C07_2229618	Afu2g10320	AN5981	An16g04670
OG0002398	F9C07_5759	Afu2g10310	AN5980	An16g04680
OG0002399	F9C07_2280927	Afu2g10270	AN5982	An16g04720
OG0002400	F9C07_5761	Afu2g10290	AN5978	An16g04700
OG0002401	F9C07_2280929	Afu2g10260	AN5983	An16g04730
OG0002402	F9C07_2280932	Afu2g10220	AN5986	An16g04770
OG0002403	F9C07_2220001	Afu2g10205	AN5987	An16g04780
OG0002404	F9C07_2145462	Afu2g10190	AN5988	An16g04790
OG0002405	F9C07_5772	Afu2g10170	AN5989	An16g04820
OG0002406	F9C07_2280938	Afu2g10150	AN5991	An16g04880
OG0002407	F9C07_2062672	Afu2g10140	AN5992	An16g04890
OG0002408	F9C07_2229635	Afu2g10130	AN5993	An16g04900
OG0002409	F9C07_5777	Afu2g10120	AN5994	An16g04910
OG0002410	F9C07_5778	Afu2g10110	AN5995	An16g04920
OG0002411	F9C07_5779	Afu2g10100	AN5996	An16g04930
OG0002412	F9C07_5780	Afu2g10090	AN5997	An16g04940
OG0002413	F9C07_5781	Afu2g10080	AN5998	An16g04950
OG0002414	F9C07_5782	Afu2g10070	AN5999	An16g04970
OG0002415	F9C07_5783	Afu2g10060	AN6003	An03g02950
OG0002416	F9C07_2145511	Afu2g10030	AN6004	An16g05020
OG0002417	F9C07_5785	Afu2g10020	AN6005	An16g05030
OG0002418	F9C07_2062827	Afu2g10010	AN6006	An16g05050
OG0002419	F9C07_5787	Afu2g10000	AN6007	An16g05060
OG0002420	F9C07_1864869	Afu2g09990	AN6009	An16g05070
OG0002421	F9C07_5789	Afu2g09960	AN6010	An16g05090
OG0002422	F9C07_5790	Afu2g09940	AN6012	An16g05120
OG0002423	F9C07_1865539	Afu2g09930	AN6013	An16g05130
OG0002424	F9C07_2280953	Afu2g09910	AN6014	An16g05150
OG0002425	F9C07_5794	Afu2g09900	AN12350	An16g05160
OG0002426	F9C07_5798	Afu2g09870	AN10765	An16g05260
OG0002427	F9C07_2200960	Afu2g09840	AN6032	An16g05350
OG0002428	F9C07_5802	Afu2g09830	AN6033	An16g05370
OG0002429	F9C07_2280963	Afu2g09820	AN6034	An16g05380
OG0002430	F9C07_2280964	Afu2g09810	AN6035	An16g05390
OG0002431	F9C07_2280965	Afu2g09800	AN6036	An16g05400
OG0002432	F9C07_2280967	Afu4g03615	AN5844, AN8640	
OG0002433	F9C07_5809	Afu2g09790	AN6037	An16g05420
OG0002434	F9C07_1865661	Afu2g09780	AN6038	An16g05430
OG0002435	F9C07_5811	Afu2g09760	AN6039	An16g05440
OG0002436	F9C07_5812	Afu2g09750	AN6040	An16g05450
OG0002437	F9C07_2062668	Afu2g09740	AN6041	An16g05460
OG0002438	F9C07_2229671	Afu2g09720	AN6043	An16g05500
OG0002439	F9C07_5819	Afu2g09710	AN6044	An16g05510
OG0002440	F9C07_1865673	Afu2g09700	AN6045	An16g05520
OG0002441	F9C07_1867214	Afu2g09680	AN6046	An16g05550
OG0002442	F9C07_1867994, F9C07_2285046		AN9386	An08g11840
OG0002443	F9C07_1868062	Afu2g09670	AN6047	An16g05560
OG0002444	F9C07_5833	Afu3g02500, Afu5g14870		An07g05730
OG0002445	F9C07_2280991	Afu2g09640	AN6049	An16g05580
OG0002446	F9C07_2280993	Afu2g09620	AN6051	An16g05650
OG0002447	F9C07_1868975	Afu7g06660	AN7232	An16g05730
OG0002448	F9C07_5851	Afu2g09570	AN6053	An16g06390
OG0002449	F9C07_1868841	Afu2g09560	AN6054	An16g06400
OG0002450	F9C07_5852	Afu2g09550	AN6055	An16g06410
OG0002451	F9C07_5858	Afu2g09470	AN6059	An16g06820
OG0002452	F9C07_5859	Afu2g09480	AN5765	An16g06830
OG0002453	F9C07_2145793	Afu2g09490	AN6060	An16g06845
OG0002454	F9C07_5861	Afu2g09500	AN6061	An16g06860
OG0002455	F9C07_2145801	Afu2g09510	AN6104	An16g06890
OG0002456	F9C07_2281030	Afu2g09450	AN6095	An16g06950
OG0002457	F9C07_1874013, F9C07_4515	Afu2g09350	AN3777	
OG0002458	F9C07_1872738	Afu2g09340	AN6091	An12g04970
OG0002459	F9C07_5899	Afu2g09320	AN6090	An12g04960
OG0002460	F9C07_2281044	Afu2g09310	AN11499	An12g04950
OG0002461	F9C07_2281046	Afu2g09290	AN6089	An12g04940
OG0002462	F9C07_2281047	Afu2g09282	AN6088	An12g04900
OG0002463	F9C07_5904	Afu2g09250	AN6087	An12g04930
OG0002464	F9C07_2281049	Afu2g09240	AN6086	An12g04920
OG0002465	F9C07_2210566	Afu2g09230	AN6085	An12g04910
OG0002466	F9C07_2062926	Afu2g09220	AN6084	An12g04880
OG0002467	F9C07_2201010	Afu2g09210	AN6083	An12g04870
OG0002468	F9C07_2281050	Afu2g09200	AN6082	An12g04860
OG0002469	F9C07_2281051	Afu2g09190	AN6081	An12g04840
OG0002470	F9C07_5908	Afu2g09180	AN6080	An12g04830
OG0002471	F9C07_5909	Afu2g09170	AN10769	An12g04820
OG0002472	F9C07_5910	Afu2g09160	AN10771	An12g04810
OG0002473	F9C07_5913	Afu2g09130	AN6077	An12g04780
OG0002474	F9C07_5916	Afu2g09120	AN6076	An12g04770
OG0002475	F9C07_2281056	Afu2g09100	AN6074	An12g04760
OG0002476	F9C07_2281057	Afu2g09090	AN6073	An12g04750
OG0002477	F9C07_2281058	Afu2g09080	AN6072	An12g04740
OG0002478	F9C07_2281059	Afu2g09060	AN6070	An12g04720
OG0002479	F9C07_5924	Afu2g09040	AN12017	An12g04710
OG0002480	F9C07_5925	Afu2g09030	AN2572	An12g04700
OG0002481	F9C07_5926	Afu2g09010	AN6069	An12g04690
OG0002482	F9C07_2281062	Afu2g09000	AN6068	An12g04680
OG0002483	F9C07_2281063	Afu2g08990	AN6067	An12g04670
OG0002484	F9C07_2281064	Afu2g08970	AN10472	An12g04660
OG0002485	F9C07_2281065	Afu2g08940	AN6065	An12g04650
OG0002486	F9C07_2063211	Afu2g08950	AN6066	An12g04655
OG0002487	F9C07_2281066	Afu2g08920	AN6064	An12g04640
OG0002488	F9C07_5937	Afu2g08890	AN6108	An12g04590
OG0002489	F9C07_5938	Afu3g03470, Afu7g08370		An01g02760
OG0002490	F9C07_2229788	Afu2g08880	AN6109	An12g04580
OG0002491	F9C07_2281071	Afu2g08870	AN6110	An12g04570
OG0002492	F9C07_2281072	Afu2g08860	AN6111	An12g04560
OG0002493	F9C07_2281073	Afu2g08850	AN6112	An12g04500
OG0002494	F9C07_2201030	Afu2g08840	AN6114	An12g04490
OG0002495	F9C07_1879328	Afu2g08830	AN6115	An12g04470
OG0002496	F9C07_5948	Afu2g08820	AN6116	An12g04450
OG0002497	F9C07_5951	Afu2g08790	AN6119	An12g04170
OG0002498	F9C07_1879384	Afu2g08780	AN6120	An12g04140
OG0002499	F9C07_5954	Afu2g08770	AN2184	An12g04120
OG0002500	F9C07_5958	Afu2g08730	AN6123	An12g04060
OG0002501	F9C07_2281088	Afu2g08700	AN6124	An12g04050
OG0002502	F9C07_2281090	Afu2g08670	AN6126	An12g04020
OG0002503	F9C07_2063752	Afu2g08690	AN6125	An12g04030
OG0002504	F9C07_1879627	Afu2g08660	AN6132	An12g04010
OG0002505	F9C07_2229811	Afu2g08650	AN6136	An12g04000
OG0002506	F9C07_1880770	Afu2g08640	AN6137	An12g03990
OG0002507	F9C07_2229813	Afu2g08630	AN12044	An12g03980
OG0002508	F9C07_1880593	Afu2g08620	AN6138	An12g03970
OG0002509	F9C07_5969	Afu2g08600	AN6139	An12g03960
OG0002510	F9C07_2062897	Afu2g08590	AN6140	An12g03950
OG0002511	F9C07_2201050	Afu2g08580	AN6141	An12g03940
OG0002512	F9C07_2281097	Afu2g08560	AN6143	An12g03920
OG0002513	F9C07_2229821	Afu2g08550	AN6145	An12g03910
OG0002514	F9C07_2103842	Afu2g08540	AN12045	An12g03900
OG0002515	F9C07_2229823	Afu2g08520	AN6146	An12g03890
OG0002516	F9C07_2281099	Afu2g08480	AN6149	An12g03850
OG0002517	F9C07_5979	Afu2g08470	AN6150	An12g03830
OG0002518	F9C07_2146260	Afu2g08460	AN6165	An12g03720
OG0002519	F9C07_2281103	Afu2g08440	AN6164	An12g03700
OG0002520	F9C07_2103849	Afu2g08450	AN6166	An12g03710
OG0002521	F9C07_1880649	Afu2g08420	AN6162	An12g03660
OG0002522	F9C07_5985	Afu2g08410	AN6161	An12g03650
OG0002523	F9C07_2201065	Afu2g08380	AN6159	An12g03600
OG0002524	F9C07_1880892	Afu2g08360	AN6157	An12g03570
OG0002525	F9C07_5996	Afu2g08340	AN6172	An05g00970
OG0002526	F9C07_5997	Afu2g08320	AN6171	An05g00960
OG0002527	F9C07_1883416	Afu2g08300	AN6170	An05g00880
OG0002528	F9C07_6000	Afu2g08290	AN6169	An05g00900
OG0002529	F9C07_6001	Afu2g08280	AN6168	An05g00930
OG0002530	F9C07_2220120	Afu2g08240	AN6173	An05g00870
OG0002531	F9C07_6007	Afu2g08220	AN6174	An05g00830
OG0002532	F9C07_6008	Afu2g08210	AN6175	An05g00820
OG0002533	F9C07_6009	Afu2g08190	AN6176	An05g00810
OG0002534	F9C07_2281128	Afu2g08180	AN6177	An05g00790
OG0002535	F9C07_2229861	Afu2g08170	AN6178	An05g00780
OG0002536	F9C07_1885242	Afu2g08150	AN6179	An05g00770
OG0002537	F9C07_6012	Afu2g08130	AN6181	An05g00750
OG0002538	F9C07_1883351	Afu2g08120	AN5864	An05g00730
OG0002539	F9C07_6014		AN5859	An05g00720, An15g04590
OG0002540	F9C07_1886536	Afu2g08090	AN10751	An05g00690
OG0002541	F9C07_6016	Afu2g08080	AN5857	An05g00670
OG0002542	F9C07_2146418	Afu2g08070	AN5856	An05g00640
OG0002543	F9C07_2062295	Afu2g08010	AN5848	An05g00570
OG0002544	F9C07_2281138	Afu2g07960	AN10734	An05g00530
OG0002545	F9C07_6024	Afu2g07970	AN10740	An05g00540
OG0002546	F9C07_2063002	Afu2g07950	AN5839	An05g00520
OG0002547	F9C07_2146451	Afu2g07900	AN5836	An05g00480
OG0002548	F9C07_1889305	Afu2g07940	AN5838	An05g00510
OG0002549	F9C07_1889165	Afu2g07890	AN6298	An05g00450
OG0002550	F9C07_2103898	Afu2g07870	AN10747	An05g00440
OG0002551	F9C07_2229885, F9C07_2284315	Afu2g07840		An05g00430
OG0002552	F9C07_2062105	Afu2g07820	AN10746	An05g00420
OG0002553	F9C07_6036	Afu2g07800	AN5834	An05g00400
OG0002554	F9C07_6042	Afu2g07730	AN5829	An05g00310
OG0002555	F9C07_2281157	Afu2g07710	AN5827	An05g00290
OG0002556	F9C07_2281158	Afu2g07690	AN5822	An05g00280
OG0002557	F9C07_2281159	Afu2g07680	AN5823	An05g00220
OG0002558	F9C07_2229898	Afu2g07670	AN5824	An05g00200
OG0002559	F9C07_6048	Afu2g07660	AN10741	An05g00190
OG0002560	F9C07_2062802	Afu2g07640	AN5826	An05g00180
OG0002561	F9C07_6050	Afu2g07630	AN5821	An05g00170
OG0002562	F9C07_2281163	Afu2g07620	AN5820	An05g00160
OG0002563	F9C07_6053	Afu2g07600	AN5819	An05g00140
OG0002564	F9C07_6054	Afu2g07590	AN5818	An05g00130
OG0002565	F9C07_2063342	Afu2g07570	AN5817	An05g00120
OG0002566	F9C07_2146643	Afu2g07560	AN5816	An05g00110
OG0002567	F9C07_2281169	Afu2g07540	AN5814	An05g00090
OG0002568	F9C07_2281170	Afu2g07520	AN5812	An05g00070
OG0002569	F9C07_6059	Afu2g07530	AN5813	An05g00080
OG0002570	F9C07_2229912	Afu2g07510	AN5811	An05g00060
OG0002571	F9C07_6062	Afu2g07500	AN5810	An05g00050
OG0002572	F9C07_6063	Afu2g07490	AN10737	An05g00040
OG0002573	F9C07_1892513	Afu2g07480	AN5808	An05g00020
OG0002574	F9C07_2146658	Afu2g07470	AN5807	An05g00010
OG0002575	F9C07_2054082, F9C07_2281182	Afu4g04820	AN6973	
OG0002576	F9C07_13470	Afu4g04810	AN6974	An14g00010
OG0002577	F9C07_2281186	Afu4g04760	AN6975	An14g00040
OG0002578	F9C07_13469	Afu4g04800	AN12058	An14g00020
OG0002579	F9C07_2229935	Afu4g04750	AN6976	An14g00060
OG0002580	F9C07_2062246	Afu4g04745	AN6977	An14g00070
OG0002581	F9C07_2146763	Afu4g04730	AN6979	An14g00090
OG0002582	F9C07_2281192	Afu4g04720	AN6980	An14g00100
OG0002583	F9C07_13457	Afu4g04715	AN10871	An14g00110
OG0002584	F9C07_13455	Afu4g04690	AN6984	An14g00150
OG0002585	F9C07_2281197	Afu4g04670	AN6986	An14g00170
OG0002586	F9C07_2281198	Afu4g04660	AN6988	An14g00180
OG0002587	F9C07_1895830	Afu4g04650	AN10872	An14g00190
OG0002588	F9C07_1893830	Afu4g04640	AN10877	An14g00200
OG0002589	F9C07_2229949	Afu4g04620	AN10873	An14g00220
OG0002590	F9C07_13447	Afu4g04612	AN10874	An14g00230
OG0002591	F9C07_13445	Afu4g04600	AN10879	An14g00240
OG0002592	F9C07_13444	Afu4g04590	AN6996	An14g00250
OG0002593	F9C07_2229955	Afu4g04560	AN10882	An14g00260
OG0002594	F9C07_13438	Afu4g04550	AN6993	An14g00280
OG0002595	F9C07_2062113	Afu4g04540	AN12060	An14g00290
OG0002596	F9C07_2103970	Afu4g04530	AN10875	An14g00300
OG0002597	F9C07_2146895	Afu4g04520	AN7000	An14g00310
OG0002598	F9C07_2103972	Afu4g04510	AN6999	An14g00320
OG0002599	F9C07_2281213	Afu4g04502	AN6998	An14g00330
OG0002600	F9C07_13432	Afu4g04480	AN6997	An14g00340
OG0002601	F9C07_2063499	Afu4g04470	AN7001	An14g00350
OG0002602	F9C07_2146907	Afu4g04465	AN7002	An14g00360
OG0002603	F9C07_2281217	Afu4g04460	AN7003	An14g00370
OG0002604	F9C07_2146910	Afu4g04450	AN7004	An14g00380
OG0002605	F9C07_2229970	Afu4g04440	AN7005	An14g00390
OG0002606	F9C07_13426	Afu4g04430	AN7006	An14g00400
OG0002607	F9C07_13425	Afu4g04420	AN7009	An14g00410
OG0002608	F9C07_13422	Afu4g04410	AN7008	An14g00430
OG0002609	F9C07_2229975	Afu4g04390	AN7007	An14g00440
OG0002610	F9C07_2062373	Afu4g04370	AN12061	An14g00470
OG0002611	F9C07_13419	Afu4g04360	AN7015	An14g00480
OG0002612	F9C07_2146929	Afu4g04350	AN7014	An14g00500
OG0002613	F9C07_13418	Afu4g04355	AN12062	An14g00490
OG0002614	F9C07_2281228	Afu4g04330	AN7013	An14g00510
OG0002615	F9C07_2063677	Afu4g04320	AN7012	An14g00520
OG0002616	F9C07_2229982	Afu4g04318	AN7011	An14g00530
OG0002617	F9C07_13413	Afu4g04310	AN7016	An14g00540
OG0002618	F9C07_1907894	Afu4g04300	AN7017	An14g00550
OG0002619	F9C07_2281232	Afu4g04290	AN7019	An14g00560
OG0002620	F9C07_13408	Afu4g04270	AN7028	An14g00570
OG0002621	F9C07_13404	Afu4g04230	AN7026	An14g00600
OG0002622	F9C07_13402	Afu4g04220	AN7025	An14g00610
OG0002623	F9C07_2147166	Afu4g04180	AN7032	An14g00660
OG0002624	F9C07_13396	Afu4g04190	AN7033	An14g00640
OG0002625	F9C07_1904523	Afu4g04160	AN12070	An14g00670
OG0002626	F9C07_13392	Afu4g04100	AN7037	An14g00750
OG0002627	F9C07_13391	Afu4g04110	AN7031	An14g00740
OG0002628	F9C07_2281251	Afu4g04120	AN7030	An14g00710
OG0002629	F9C07_1488954, F9C07_1632639, F9C07_2281252			An03g00215
OG0002630	F9C07_2201220, F9C07_2276676	Afu7g06500		An02g00260
OG0002631	F9C07_13364	Afu4g04060	AN7042	An14g00810
OG0002632	F9C07_2063875	Afu4g04070	AN7041	An14g00800
OG0002633	F9C07_2086842	Afu4g04080	AN7039	An14g00770
OG0002634	F9C07_13359	Afu4g04090	AN7038	An14g00760
OG0002635	F9C07_2065265, F9C07_2255955		AN5555	An08g08470
OG0002636	F9C07_2067759		AN11986	An01g11510, An07g01010
OG0002637	F9C07_2154781	Afu5g00290, Afu5g07510	AN8978	
OG0002638	F9C07_2193413, F9C07_2221281	Afu6g14590	AN6926	
OG0002639	F9C07_1486954	Afu5g14560	AN9166	An03g01050
OG0002640	F9C07_3221	Afu7g04870	AN8062	An12g02120
OG0002641	F9C07_1343432, F9C07_3224			An09g01250, An11g02890
OG0002642	F9C07_2282920	Afu4g03740	AN7138	An14g01420
OG0002643	F9C07_2101889, F9C07_3262		AN7411	An01g11250
OG0002644	F9C07_2231925, F9C07_2283425	Afu4g01220	AN6441	
OG0002645	F9C07_2231934	Afu3g02070	AN0486	An01g14720
OG0002646	F9C07_2282942	Afu2g00220	AN3918	An03g01660
OG0002647	F9C07_2282945		AN5414	An10g00410, An12g06180
OG0002648	F9C07_3299	Afu3g03250	AN10602	An11g10290
OG0002649	F9C07_3303		AN4909, AN6408	An02g00680
OG0002650	F9C07_2231969	Afu1g16930	AN7989	An03g02830
OG0002651	F9C07_2155271	Afu1g17270	AN6400	An11g00220
OG0002652	F9C07_2282970	Afu6g10880	AN6394	An11g00400
OG0002653	F9C07_2282973	Afu6g10840	AN11915	An11g00410
OG0002654	F9C07_3322	Afu6g10810	AN6390	An11g00430
OG0002655	F9C07_3335	Afu4g02970	AN2477	An14g03020
OG0002656	F9C07_2217275, F9C07_3336	Afu4g03435	AN8647	
OG0002657	F9C07_2282985	Afu4g02990	AN2480	An14g03040
OG0002658	F9C07_2155398	Afu4g03000	AN2481	An14g03050
OG0002659	F9C07_1494418	Afu4g03020	AN2487	An14g03140
OG0002660	F9C07_3344	Afu4g03030	AN2485	An14g03160
OG0002661	F9C07_3345	Afu4g03050	AN2484	An14g03180
OG0002662	F9C07_3347	Afu2g16180	AN2134	An15g06560
OG0002663	F9C07_3348	Afu2g16170	AN2135	An15g06550
OG0002664	F9C07_3349	Afu2g16160	AN2136	An15g06540
OG0002665	F9C07_1494852	Afu2g16150	AN2137	An15g06500
OG0002666	F9C07_3351	Afu2g16140	AN2138	An15g06490
OG0002667	F9C07_3353	Afu2g16130	AN2139	An15g06480
OG0002668	F9C07_3354	Afu2g16120	AN2140	An15g06470
OG0002669	F9C07_1495079	Afu2g16110	AN12197	An15g06460
OG0002670	F9C07_3355	Afu2g16100	AN2141	An15g06450
OG0002671	F9C07_2282999	Afu2g16090	AN2142	An15g06440
OG0002672	F9C07_3357	Afu2g16080	AN2143	An15g06430
OG0002673	F9C07_3358	Afu2g16070	AN2144	An15g06420
OG0002674	F9C07_2283003	Afu2g16040	AN2147	An15g06390
OG0002675	F9C07_3360	Afu2g16050	AN2146	An15g06400
OG0002676	F9C07_2283005	Afu2g16030	AN2148	An15g06380
OG0002677	F9C07_2283006	Afu2g16020	AN2149	An15g06370
OG0002678	F9C07_3367	Afu2g16000	AN2151	An15g06350
OG0002679	F9C07_3368	Afu2g15990	AN2152	An15g06330
OG0002680	F9C07_2283010	Afu2g15980	AN2153	An15g06320
OG0002681	F9C07_3376	Afu2g15960	AN2155	An15g06290
OG0002682	F9C07_3377	Afu2g15950	AN2157	An15g06280
OG0002683	F9C07_3378	Afu2g15940	AN10474	An15g06260
OG0002684	F9C07_3380	Afu2g15915	AN10269	An15g06240
OG0002685	F9C07_2283022	Afu2g15910	AN10265	An15g06230
OG0002686	F9C07_3382	Afu2g15905	AN2160	An15g06220
OG0002687	F9C07_3384	Afu2g15890	AN2162	An15g06200
OG0002688	F9C07_3388	Afu2g15880	AN2163	An15g06190
OG0002689	F9C07_2283025	Afu2g15870	AN2164	An15g06180
OG0002690	F9C07_3391	Afu2g15850	AN2166	An15g06150
OG0002691	F9C07_2283029	Afu2g15840	AN2167	An15g06140
OG0002692	F9C07_2106003	Afu5g06930	AN12477	An06g02180
OG0002693	F9C07_2283034	Afu2g15830	AN2168	An15g06120
OG0002694	F9C07_2283036	Afu2g15820	AN2169	An15g06110
OG0002695	F9C07_3403	Afu2g15810	AN12198	An15g06100
OG0002696	F9C07_1496838	Afu2g15800	AN2171	An15g06080
OG0002697	F9C07_3405	Afu2g15790	AN2172	An15g06050
OG0002698	F9C07_2283040	Afu2g15780	AN2173	An15g06040
OG0002699	F9C07_2283041	Afu2g15770	AN10273	An15g06030
OG0002700	F9C07_2283042	Afu2g15760	AN10266	An15g06020
OG0002701	F9C07_3409	Afu2g15750	AN2176	An15g06010
OG0002702	F9C07_1496754	Afu2g15730	AN10267	An15g05980
OG0002703	F9C07_1496753	Afu2g15720	AN10270	An15g05970
OG0002704	F9C07_2106024	Afu2g15690	AN10272	An15g05930
OG0002705	F9C07_2283048	Afu2g15680	AN2181	An15g05920
OG0002706	F9C07_2155606	Afu2g15670	AN2182	An15g05910
OG0002707	F9C07_2202566	Afu2g15630	AN7611	An15g05820
OG0002708	F9C07_2067374	Afu2g15610	AN7609	An15g05790
OG0002709	F9C07_2069410	Afu2g15590	AN7600	An15g05770
OG0002710	F9C07_2283058	Afu2g15580	AN7601	An15g05750
OG0002711	F9C07_2283059	Afu2g15570	AN7602	An15g05740
OG0002712	F9C07_3430	Afu2g15560	AN7603	An15g05730
OG0002713	F9C07_2202573	Afu2g15540	AN7604	An15g05710
OG0002714	F9C07_2283071	Afu2g15430	AN7590	An15g05450
OG0002715	F9C07_3450	Afu2g15140	AN3888	An09g03340
OG0002716	F9C07_2232111	Afu2g15150	AN10972	An09g03350
OG0002717	F9C07_2283081	Afu2g15170	AN7583	An09g03380
OG0002718	F9C07_2232115	Afu2g15180	AN7587	An09g03440
OG0002719	F9C07_2283083	Afu2g15190	AN7588	An09g03450
OG0002720	F9C07_2283084	Afu2g15200	AN10964	An09g03470
OG0002721	F9C07_3457	Afu2g15210	AN10963	An09g03480
OG0002722	F9C07_3458	Afu2g15220	AN10962	An09g03490
OG0002723	F9C07_3459	Afu2g15230	AN10950	An09g03500
OG0002724	F9C07_1506213, F9C07_2234498	Afu6g02340	AN8695	
OG0002725	F9C07_3463	Afu2g15240	AN7597, AN8374	
OG0002726	F9C07_2068295	Afu2g15255	AN7596	An09g03510
OG0002727	F9C07_1506473	Afu2g15330		An01g07730, An09g02340
OG0002728	F9C07_3470	Afu2g15340	AN7592	An09g03600
OG0002729	F9C07_1506477	Afu2g15360	AN10969	An09g03620
OG0002730	F9C07_3474	Afu2g15110	AN7580	An15g02960
OG0002731	F9C07_1507494, F9C07_9221	Afu5g14190	AN2664	
OG0002732	F9C07_3499	Afu2g17580	AN10049	An08g09920
OG0002733	F9C07_2067841	Afu6g09590	AN10947	An11g07750
OG0002734	F9C07_1065585, F9C07_3518	Afu1g11400		An09g00820
OG0002735	F9C07_2283142	Afu5g14550	AN2463, AN3201	
OG0002736	F9C07_2283143	Afu1g09010	AN1380	An08g00510
OG0002737	F9C07_3546	Afu2g14870	AN7558	An15g03380
OG0002738	F9C07_3548	Afu2g14880	AN7559	An15g03370
OG0002739	F9C07_1508369	Afu2g14890	AN11755	An15g03360
OG0002740	F9C07_3550	Afu2g14900	AN7560	An15g03350
OG0002741	F9C07_3551	Afu2g14905	AN7561	An15g03340
OG0002742	F9C07_2283154	Afu2g14910	AN7562	An15g03330
OG0002743	F9C07_2283155	Afu2g14920	AN7563	An15g03280
OG0002744	F9C07_3559	Afu2g14940	AN7565	An15g03240
OG0002745	F9C07_2283162	Afu2g14950	AN7566	An15g03230
OG0002746	F9C07_3561, F9C07_3832	Afu6g07190		An12g05250
OG0002747	F9C07_2156032	Afu2g14960	AN7567	An15g03220
OG0002748	F9C07_2283168	Afu2g14970	AN7568	An15g03210
OG0002749	F9C07_2156041	Afu2g14980	AN7569	An15g03200
OG0002750	F9C07_1509324	Afu2g15000	AN7571	An15g03150
OG0002751	F9C07_2283172	Afu2g15010	AN7572	An15g03140
OG0002752	F9C07_1508587	Afu2g15040	AN7577	An15g03080
OG0002753	F9C07_3574	Afu2g15050	AN7576	An15g03040
OG0002754	F9C07_1509956	Afu2g15060	AN7578	An15g03030
OG0002755	F9C07_3576	Afu2g15070	AN7579	An15g03020
OG0002756	F9C07_2283182	Afu6g02920	AN8769	An12g07570
OG0002757	F9C07_3582	Afu6g02900	AN11113	An12g07590
OG0002758	F9C07_3583	Afu1g14230	AN0736	An01g12240
OG0002759	F9C07_2283186	Afu1g14220	AN0745	An01g12230
OG0002760	F9C07_2283187	Afu1g14210	AN0746	An01g12220
OG0002761	F9C07_3586	Afu1g14200	AN0747	An01g12210
OG0002762	F9C07_2283192	Afu8g01190	AN8405	An14g02040
OG0002763	F9C07_2283193	Afu1g14180	AN0757	An01g12180
OG0002764	F9C07_3597	Afu1g14150	AN0754	An01g11990
OG0002765	F9C07_2283196	Afu1g14120	AN0753	An01g11960
OG0002766	F9C07_2283197	Afu1g14110	AN0752	An01g11950
OG0002767	F9C07_3601	Afu1g14080	AN0751	An01g11940
OG0002768	F9C07_3602	Afu1g14090	AN0717	An01g11930
OG0002769	F9C07_3605	Afu1g14070	AN0715	An01g11910
OG0002770	F9C07_3606	Afu1g14060	AN0714	An01g11900
OG0002771	F9C07_2156159, F9C07_7067	Afu2g00150	AN3537	
OG0002772	F9C07_3611	Afu2g00130	AN3535	An16g00860
OG0002773	F9C07_2283213	Afu1g13960	AN0725	An08g07100
OG0002774	F9C07_2069252	Afu1g13970	AN10115	An08g07110
OG0002775	F9C07_3622	Afu1g14010	AN0722	An08g07200
OG0002776	F9C07_3624	Afu1g14020	AN0720	An08g07220
OG0002777	F9C07_2232271	Afu1g14030	AN0719	An08g07230
OG0002778	F9C07_3631		AN5419	An01g01170, An18g02752
OG0002779	F9C07_3633	Afu1g13940	AN0726	An08g07090
OG0002780	F9C07_2069292	Afu1g13930	AN9438	An08g07080
OG0002781	F9C07_2232280	Afu1g13920	AN9437	An08g07070
OG0002782	F9C07_3637	Afu1g13910	AN9436	An08g07060
OG0002783	F9C07_2283226	Afu1g13900	AN12419	An08g07050
OG0002784	F9C07_3639	Afu1g13890	AN0727	An08g07040
OG0002785	F9C07_3640	Afu1g13880	AN0728	An08g07030
OG0002786	F9C07_3641	Afu1g13870	AN10118	An08g07020
OG0002787	F9C07_1511874	Afu1g13850	AN12216	An08g07000
OG0002788	F9C07_3646	Afu1g13790	AN0733	An08g06960
OG0002789	F9C07_2283237	Afu1g13750	AN0709	An08g06850
OG0002790	F9C07_3654	Afu1g13730	AN0707	An08g06790
OG0002791	F9C07_3655	Afu1g13720	AN0706	An08g06780
OG0002792	F9C07_2256489	Afu1g13710	AN0705	An08g06770
OG0002793	F9C07_2283242	Afu1g13700	AN0704	An08g06760
OG0002794	F9C07_3658	Afu1g13690	AN0703	An08g06750
OG0002795	F9C07_2232303	Afu1g13680	AN10113	An08g06740
OG0002796	F9C07_2232304	Afu1g13670	AN10109	An08g06730
OG0002797	F9C07_3665	Afu1g13610	AN0698	An08g06690
OG0002798	F9C07_3667	Afu1g13590	AN0697	An08g06670
OG0002799	F9C07_2068566	Afu1g13580	AN0696	An08g06660
OG0002800	F9C07_3670	Afu1g13560	AN0694	An08g06630
OG0002801	F9C07_3671	Afu1g13550	AN0693	An08g06620
OG0002802	F9C07_2283256	Afu1g13540	AN0692	An08g06610
OG0002803	F9C07_2283257	Afu1g13530	AN0691	An08g06600
OG0002804	F9C07_3674	Afu1g13520	AN0690	An08g06590
OG0002805	F9C07_2283259	Afu1g13510	AN0689	An08g06580
OG0002806	F9C07_2202707	Afu1g13490	AN0687	An08g06560
OG0002807	F9C07_3680	Afu1g13480	AN12213	An08g06550
OG0002808	F9C07_3681	Afu1g13470	AN0686	An08g06540
OG0002809	F9C07_1514050	Afu1g13460	AN0685	An08g06530
OG0002810	F9C07_2068304	Afu1g13450	AN0684	An08g06520
OG0002811	F9C07_1517739	Afu1g13430	AN0682	An09g02840
OG0002812	F9C07_2156436	Afu1g13420	AN10111	An08g06500
OG0002813	F9C07_3685	Afu1g13390	AN0676	An08g06460
OG0002814	F9C07_2232332	Afu1g13380	AN10110	An08g06450
OG0002815	F9C07_1518078	Afu1g13340	AN0674	An08g06420
OG0002816	F9C07_3694	Afu1g13330	AN0673	An08g06400
OG0002817	F9C07_2283277	Afu1g13300	AN0670	An08g06370
OG0002818	F9C07_2106287	Afu1g13290	AN0668	An08g06360
OG0002819	F9C07_3701	Afu1g13260	AN0665	An08g06330
OG0002820	F9C07_3702	Afu1g13250	AN0664	An08g06320
OG0002821	F9C07_2156587	Afu1g13240	AN0662	An08g06270
OG0002822	F9C07_2941, F9C07_3707		AN12423, AN6917	
OG0002823	F9C07_2283286	Afu1g13200	AN0659	An08g06230
OG0002824	F9C07_2283288	Afu1g13195	AN11278	An08g06220
OG0002825	F9C07_2283289	Afu1g13190	AN0658	An08g06210
OG0002826	F9C07_3713	Afu1g13180	AN0657	An08g06200
OG0002827	F9C07_2106302	Afu1g13170	AN0655	An08g06170
OG0002828	F9C07_3717	Afu1g13150	AN0653	An08g06150
OG0002829	F9C07_1520014	Afu1g13100	AN10112	An08g06090
OG0002830	F9C07_3724	Afu1g13070	AN0647	An08g06060
OG0002831	F9C07_3725	Afu1g13060	AN0646	An08g06050
OG0002832	F9C07_3726	Afu1g13050	AN0644	An08g06030
OG0002833	F9C07_3727	Afu1g13040	AN10138	An08g05970
OG0002834	F9C07_2232373	Afu1g13030	AN10141	An08g05960
OG0002835	F9C07_2106316	Afu1g13010	AN1024	An08g05920
OG0002836	F9C07_3733	Afu1g13020	AN1023	An08g05910
OG0002837	F9C07_3734	Afu1g12990	AN1022	An08g05900
OG0002838	F9C07_2283308	Afu1g12980	AN1021	An08g05890
OG0002839	F9C07_2156683	Afu1g12960	AN1019	An08g05870
OG0002840	F9C07_3738	Afu1g12950	AN1018	An08g05860
OG0002841	F9C07_3740	Afu1g12920	AN1015	An08g05790
OG0002842	F9C07_3741	Afu1g12910	AN1014	An08g05780
OG0002843	F9C07_2256575	Afu1g12900	AN10140	An08g05760
OG0002844	F9C07_3755	Afu1g12890	AN1013	An08g05730
OG0002845	F9C07_3758	Afu1g12880	AN1012	An08g05720
OG0002846	F9C07_2283325	Afu1g12875	AN1011	An08g05700
OG0002847	F9C07_3762	Afu1g12870	AN1010	An08g05690
OG0002848	F9C07_3763	Afu1g12860	AN1009	An08g05680
OG0002849	F9C07_3766	Afu1g12830	AN1006	An08g05610
OG0002850	F9C07_3767	Afu1g12820	AN1005	An09g02770
OG0002851	F9C07_2283330	Afu1g12810	AN1004	An08g05590
OG0002852	F9C07_3771	Afu1g12790	AN1002	An08g05570
OG0002853	F9C07_3772	Afu1g12780	AN1000	An08g05560
OG0002854	F9C07_3773	Afu1g12770	AN1001	An08g05540
OG0002855	F9C07_1389798, F9C07_3776, F9C07_4755		AN2366	
OG0002856	F9C07_3778	Afu1g12760	AN0999	An08g05530
OG0002857	F9C07_2232425	Afu1g12750	AN0998	An08g05520
OG0002858	F9C07_3781	Afu1g12730	AN0997	An08g05500
OG0002859	F9C07_3782	Afu1g12720	AN0996	An08g05490
OG0002860	F9C07_2244079	Afu1g12700	AN0995	An08g05470
OG0002861	F9C07_2283347	Afu3g14090	AN2498	An09g04540
OG0002862	F9C07_2232432	Afu3g14100	AN2499	An09g04530
OG0002863	F9C07_3790	Afu3g14120	AN2501	An09g04510
OG0002864	F9C07_1526094	Afu3g14110	AN2500	An09g04520
OG0002865	F9C07_3795	Afu3g14150	AN2505	An09g04440
OG0002866	F9C07_2283361	Afu3g14190	AN10481	An09g04370
OG0002867	F9C07_3801	Afu3g14200		An09g04335, An09g04360
OG0002868	F9C07_1526596, F9C07_2171872	Afu5g09330		An07g03660
OG0002869	F9C07_1527235		AN11959	An02g11820, An03g00380
OG0002870	F9C07_2149046, F9C07_2157021			An02g00110, An11g10340
OG0002871	F9C07_3851		AN4964	An06g02370, An16g00530
OG0002872	F9C07_2283404	Afu1g12640	AN1049	An08g05390
OG0002873	F9C07_3855	Afu1g12660	AN1027	An08g05410
OG0002874	F9C07_1528170	Afu1g12670	AN1026	An08g05420
OG0002875	F9C07_3857	Afu1g12680	AN1025	An08g05440
OG0002876	F9C07_3861	Afu3g14060	AN2497	An09g04580
OG0002877	F9C07_3862	Afu3g14050	AN2496	An09g04590
OG0002878	F9C07_3863	Afu3g14040	AN2495	An09g04600
OG0002879	F9C07_3866	Afu3g14020	AN2492	An09g04620
OG0002880	F9C07_2202802	Afu3g14010	AN2491	An09g04640
OG0002881	F9C07_3868	Afu3g14000	AN2490	An09g04650
OG0002882	F9C07_1528712	Afu3g13990	AN2489	An09g04660
OG0002883	F9C07_3871	Afu3g13980	AN12366	An09g04680
OG0002884	F9C07_2283420	Afu3g13970	AN3188	An09g04710
OG0002885	F9C07_2283421	Afu3g13950	AN3187	An09g04730
OG0002886	F9C07_3878	Afu6g02990	AN8759	An16g06630
OG0002887	F9C07_11765, F9C07_2071445, F9C07_2232515		AN8760	
OG0002888	F9C07_3892	Afu3g13940	AN3143	An09g04780
OG0002889	F9C07_3895	Afu3g13930	AN3145	An09g04790
OG0002890	F9C07_1530001	Afu3g13920	AN3154	An02g09740
OG0002891	F9C07_3899	Afu3g13910	AN11377	An02g09730
OG0002892	F9C07_2232535	Afu3g13890	AN3151	An02g09710
OG0002893	F9C07_1530632	Afu3g13870	AN3152	An02g09610
OG0002894	F9C07_1530817	Afu3g13770	AN3144	An02g09460
OG0002895	F9C07_3911	Afu3g13790	AN10367	An02g09470
OG0002896	F9C07_3913	Afu3g13820	AN3147	An02g09550
OG0002897	F9C07_3914	Afu3g13830	AN3148	An09g02740
OG0002898	F9C07_3915	Afu3g13840	AN3149	An09g02730
OG0002899	F9C07_1794382, F9C07_2157298	Afu3g13460		An02g09330
OG0002900	F9C07_3918	Afu3g13465	AN3158	An02g09340
OG0002901	F9C07_2283454	Afu3g13470	AN3157	An02g09350
OG0002902	F9C07_2283455	Afu3g13480	AN3156	An02g09370
OG0002903	F9C07_2283456	Afu3g13490	AN3155	An02g09390
OG0002904	F9C07_2283457	Afu3g13850	AN3153	An02g09560
OG0002905	F9C07_2283458	Afu3g13440	AN3163	An02g09310
OG0002906	F9C07_3924	Afu3g13430	AN3164	An02g09300
OG0002907	F9C07_3925	Afu3g13420	AN3165	An02g09290
OG0002908	F9C07_1532071	Afu3g13410	AN3166	An02g09280
OG0002909	F9C07_2068694	Afu3g13400	AN3167	An02g09260
OG0002910	F9C07_2069770	Afu3g13390	AN3168	An02g09250
OG0002911	F9C07_3932	Afu3g13380	AN3169	An02g09240
OG0002912	F9C07_3933	Afu3g13370	AN12304	An12g07360
OG0002913	F9C07_1532824	Afu3g13360	AN11709	An02g09230
OG0002914	F9C07_3934	Afu3g13350	AN3170	An02g09220
OG0002915	F9C07_3935	Afu3g13340	AN3171	An02g09210
OG0002916	F9C07_3936	Afu3g13320	AN3172	An02g09200
OG0002917	F9C07_3937	Afu3g13310	AN3173	An02g09190
OG0002918	F9C07_3939	Afu3g13300	AN10382	An02g09180
OG0002919	F9C07_1533706	Afu3g13280	AN3176	An02g09170
OG0002920	F9C07_3941	Afu3g13270	AN3177	An02g09160
OG0002921	F9C07_3942	Afu3g13260	AN3186	An02g09150
OG0002922	F9C07_3943	Afu3g13250	AN3185	An02g09100
OG0002923	F9C07_2232578	Afu3g13230	AN3183	An02g09080
OG0002924	F9C07_3946	Afu3g13220	AN3182	An02g09070
OG0002925	F9C07_3947	Afu3g13210	AN3181	An02g09060
OG0002926	F9C07_3949	Afu3g13180	AN3180	An02g09040
OG0002927	F9C07_1533178	Afu3g13160	AN3179	An02g09030
OG0002928	F9C07_2283480	Afu3g13150	AN3178	An02g09020
OG0002929	F9C07_3954	Afu3g13110	AN3141	An02g09010
OG0002930	F9C07_3955	Afu3g13100	AN3142	An02g09000
OG0002931	F9C07_1532781	Afu3g13090	AN3140	An02g08990
OG0002932	F9C07_2157421	Afu3g13070	AN3137	An02g08950
OG0002933	F9C07_2232592	Afu3g13060	AN3136	An02g08940
OG0002934	F9C07_3960	Afu3g13040	AN3135	An02g08930
OG0002935	F9C07_2283486	Afu3g13030	AN3134	An02g08920
OG0002936	F9C07_3964	Afu3g13000	AN3131	An02g08900
OG0002937	F9C07_1534597	Afu3g12990	AN3130	An02g08890
OG0002938	F9C07_2067503	Afu3g12870	AN10355	An02g08870
OG0002939	F9C07_2106543	Afu3g12840	AN10354	An01g00560
OG0002940	F9C07_3972	Afu3g12820	AN3124	An02g08840
OG0002941	F9C07_2283497	Afu3g12810	AN3123	An02g08830
OG0002942	F9C07_2283498	Afu3g12800	AN3122	An02g08820
OG0002943	F9C07_3977	Afu3g12770	AN3119	An02g08750
OG0002944	F9C07_3980	Afu3g12750	AN3118	An02g08730
OG0002945	F9C07_2283502	Afu3g12730	AN3116	An02g08700
OG0002946	F9C07_2283503	Afu3g12710	AN3114	An02g08680
OG0002947	F9C07_2157492	Afu3g12670	AN3110	An02g08630
OG0002948	F9C07_3989	Afu3g12660	AN3108	An02g08620
OG0002949	F9C07_2232624	Afu6g02450	AN8705	An11g01690
OG0002950	F9C07_2283515	Afu1g09790	AN1286	An08g01600
OG0002951	F9C07_2283516	Afu1g09780	AN1287	An08g01590
OG0002952	F9C07_3998	Afu1g09770	AN1288	An08g01580
OG0002953	F9C07_3999	Afu1g09760	AN10171	An08g01560
OG0002954	F9C07_4000	Afu1g09757	AN10178	An08g01550
OG0002955	F9C07_4005	Afu1g09720	AN1293	An08g01500
OG0002956	F9C07_2090634	Afu1g09690	AN1296	An08g01480
OG0002957	F9C07_2283524	Afu1g09680	AN1297	An08g01410
OG0002958	F9C07_1539664	Afu1g09670	AN1298	An08g01380
OG0002959	F9C07_1539218	Afu1g09660	AN10172	An08g01370
OG0002960	F9C07_2283527	Afu1g09650	AN10179	An08g01360
OG0002961	F9C07_1392038, F9C07_4014			An02g05930, An16g01290
OG0002962	F9C07_2157594	Afu1g09640	AN1324	An08g01240
OG0002963	F9C07_4034	Afu1g09630	AN1325	An08g01230
OG0002964	F9C07_4035	Afu1g09620	AN1326	An08g01210
OG0002965	F9C07_2232669	Afu1g09610	AN1327	An08g01200
OG0002966	F9C07_4037	Afu1g09600	AN1328	An08g01190
OG0002967	F9C07_4039	Afu1g09580	AN1331	An08g01170
OG0002968	F9C07_2283552	Afu1g09570	AN1336	An08g01160
OG0002969	F9C07_2232674	Afu1g09560	AN1335	An08g01150
OG0002970	F9C07_2157647	Afu1g09550	AN1333	An08g01140
OG0002971	F9C07_2283555	Afu1g09540	AN1334	An08g01110
OG0002972	F9C07_4048	Afu1g09530	AN10181	An08g01090
OG0002973	F9C07_4049	Afu1g09520	AN10183	An08g01080
OG0002974	F9C07_2283563	Afu1g09500	AN1339	An08g01060
OG0002975	F9C07_1540520	Afu1g09490	AN1340	An08g01040
OG0002976	F9C07_2202896	Afu1g09480	AN1341	An08g01030
OG0002977	F9C07_4055	Afu1g09470	AN1342	An08g01000
OG0002978	F9C07_4056	Afu1g09460	AN1343	An08g00990
OG0002979	F9C07_1542066	Afu1g09450	AN1344	An08g00980
OG0002980	F9C07_4058	Afu1g09440	AN1345	An08g00970
OG0002981	F9C07_4059	Afu1g09430	AN1346	An08g00960
OG0002982	F9C07_2283571	Afu1g09410	AN1348	An08g00950
OG0002983	F9C07_1542046	Afu6g07150	AN2190	An14g03270
OG0002984	F9C07_4067	Afu6g07120	AN5181	An07g09390
OG0002985	F9C07_2069846	Afu6g07110	AN5180	An07g09380
OG0002986	F9C07_4069	Afu6g07100	AN5179	An07g09370
OG0002987	F9C07_2106634	Afu6g07090	AN5178	An07g09360
OG0002988	F9C07_4071	Afu6g07080	AN5177	An07g09340
OG0002989	F9C07_2068299	Afu6g06990	AN5167	An07g09475
OG0002990	F9C07_4082	Afu1g06970	AN5163	An07g09540
OG0002991	F9C07_4083	Afu1g06980	AN5164	An07g09550
OG0002992	F9C07_2283591	Afu1g07000	AN5165	An07g09560
OG0002993	F9C07_2232714	Afu1g07010	AN5166	An07g09570
OG0002994	F9C07_1542008	Afu1g07020	AN10640	An07g09580
OG0002995	F9C07_4089	Afu1g07040	AN10646	An07g09600
OG0002996	F9C07_2068793	Afu1g07050	AN5157	An07g09610
OG0002997	F9C07_4094	Afu1g07090	AN5154	An07g09710
OG0002998	F9C07_4095	Afu1g07100	AN5153	An07g09720
OG0002999	F9C07_2232724	Afu1g07110	AN5152	An07g09650
OG0003000	F9C07_4098	Afu1g07150	AN5185	An07g09700
OG0003001	F9C07_2202923	Afu1g07160	AN5186	An07g09730
OG0003002	F9C07_2283602	Afu1g07170	AN5187	An07g09740
OG0003003	F9C07_4110	Afu1g07250	AN10637	An07g09800
OG0003004	F9C07_2283611	Afu1g07260	AN10636	An07g09810
OG0003005	F9C07_2157931	Afu1g07270	AN10643	An07g09820
OG0003006	F9C07_4112	Afu1g07280	AN5141	An07g09830
OG0003007	F9C07_4113	Afu1g07300	AN5140	An07g09840
OG0003008	F9C07_1547828	Afu1g07310	AN10645	An07g09850
OG0003009	F9C07_4115	Afu1g07320	AN10635	An07g09860
OG0003010	F9C07_4118	Afu1g07360	AN5136	An07g09900
OG0003011	F9C07_1548311	Afu1g07370	AN5135	An07g09910
OG0003012	F9C07_4119	Afu1g07380	AN5134	An07g09920
OG0003013	F9C07_2232748	Afu1g07400	AN5133	An07g09950
OG0003014	F9C07_2232749	Afu1g07420	AN5127	An07g09960
OG0003015	F9C07_4122	Afu1g07430	AN5128	An07g09970
OG0003016	F9C07_4124	Afu1g07450	AN5132	An07g10010
OG0003017	F9C07_4125	Afu1g07470	AN5131	An07g10020
OG0003018	F9C07_2232754	Afu1g07480	AN5130	An07g10040
OG0003019	F9C07_4127	Afu1g07490	AN5126	An07g10050
OG0003020	F9C07_4129	Afu1g07500	AN5125	An07g10060
OG0003021	F9C07_2232756	Afu1g07510	AN5124	An07g10080
OG0003022	F9C07_4132	Afu1g07530	AN5122	An07g10100
OG0003023	F9C07_4133	Afu1g07540	AN5121	An07g10110
OG0003024	F9C07_2106691	Afu1g07550	AN5120	An07g10120
OG0003025	F9C07_4137	Afu1g07570	AN5119	An07g10200
OG0003026	F9C07_2158086	Afu1g07590	AN5115	An07g10220
OG0003027	F9C07_4138	Afu1g07580	AN5116	An07g10210
OG0003028	F9C07_2232766	Afu1g07600	AN5114	An07g10230
OG0003029	F9C07_1547794	Afu1g07610	AN5113	An07g10240
OG0003030	F9C07_4142	Afu1g07620	AN5112	An07g10250
OG0003031	F9C07_2202938	Afu1g07625	AN12179	An07g10260
OG0003032	F9C07_2283635	Afu1g07640	AN5110	An07g10280
OG0003033	F9C07_1561579	Afu1g07660	AN5108	An07g10310
OG0003034	F9C07_4147	Afu1g07670	AN5107	An07g10320
OG0003035	F9C07_4148	Afu1g07680	AN5106	An07g10340
OG0003036	F9C07_4149	Afu1g07690	AN5105	An07g10350
OG0003037	F9C07_4150	Afu1g07700	AN5104	An07g10370
OG0003038	F9C07_4151	Afu1g07710	AN5103	An07g10393
OG0003039	F9C07_4152	Afu1g07720	AN5102	An07g10400
OG0003040	F9C07_4154	Afu1g07740	AN5100	An07g10420
OG0003041	F9C07_4155	Afu1g07750	AN5099	An07g10430
OG0003042	F9C07_10784	Afu5g04390	AN9413	An09g06870
OG0003043	F9C07_1563727	Afu5g04380	AN10536	An09g06860
OG0003044	F9C07_2232793	Afu5g04370	AN4288	An09g06850
OG0003045	F9C07_2158202	Afu5g04360	AN4287	An09g06840
OG0003046	F9C07_2106718	Afu5g04340	AN4285	An09g06830
OG0003047	F9C07_2244380	Afu5g04336	AN4284	An09g06820
OG0003048	F9C07_1564990	Afu5g04333	AN4283	An09g06810
OG0003049	F9C07_2283650	Afu5g04330	AN4282	An09g06800
OG0003050	F9C07_2283652	Afu5g04320	AN4281	An09g06790
OG0003051	F9C07_2283653	Afu5g04300	AN8282	An09g06770
OG0003052	F9C07_10774	Afu5g04310	AN4280	An09g06780
OG0003053	F9C07_2090863	Afu5g04280	AN12207	An09g06750
OG0003054	F9C07_10770	Afu5g04270	AN8280	An09g06740
OG0003055	F9C07_10767	Afu5g04250	AN8277	An09g06710
OG0003056	F9C07_1564366	Afu5g04240	AN8276	An09g06695
OG0003057	F9C07_2283662	Afu5g04230	AN8275	An09g06680
OG0003058	F9C07_2068439	Afu5g04210	AN8273	An09g06650
OG0003059	F9C07_10762	Afu5g04200	AN8272	An09g06640
OG0003060	F9C07_10761	Afu5g04190	AN8271	An09g06630
OG0003061	F9C07_2283665	Afu5g04180	AN8270	An09g06610
OG0003062	F9C07_1565874	Afu5g04170	AN8269	An09g06590
OG0003063	F9C07_10758	Afu5g04160	AN8268	An09g06580
OG0003064	F9C07_1566743	Afu5g04155	AN8267	An09g06570
OG0003065	F9C07_2232819	Afu5g04150	AN8264	An09g06550
OG0003066	F9C07_2067810	Afu5g04120	AN11067	An09g06520
OG0003067	F9C07_10750	Afu5g04090	AN11071	An09g06500
OG0003068	F9C07_2067765	Afu5g04070	AN8259	An09g06100
OG0003069	F9C07_10747	Afu5g04060	AN8258	An09g06110
OG0003070	F9C07_10746	Afu5g04050	AN8257	An09g06120
OG0003071	F9C07_2283676	Afu5g04040	AN12205	An09g06130
OG0003072	F9C07_10744	Afu5g04030	AN8256	An09g06140
OG0003073	F9C07_2067510	Afu5g04020	AN12204	An09g06150
OG0003074	F9C07_10742	Afu5g04010	AN12203	An09g06160
OG0003075	F9C07_10740	Afu5g04000	AN8253	An09g06180
OG0003076	F9C07_2202991	Afu5g03990	AN11070	An09g06250
OG0003077	F9C07_10735	Afu5g03920	AN8251	An09g06280
OG0003078	F9C07_1567980	Afu5g03910	AN8248	An09g06290
OG0003079	F9C07_10732	Afu5g03900	AN12201	An09g06300
OG0003080	F9C07_10731	Afu5g03870	AN8247	An09g06310
OG0003081	F9C07_10730	Afu5g03880	AN8246	An09g06320
OG0003082	F9C07_10729	Afu5g03860	AN11069	An09g06330
OG0003083	F9C07_2158421	Afu5g03820	AN8244	An09g06350
OG0003084	F9C07_2244423	Afu5g03810	AN11068	An09g06360
OG0003085	F9C07_10724	Afu5g03770	AN8242	An09g06390
OG0003086	F9C07_2283698	Afu5g03760	AN8241	An09g06400
OG0003087	F9C07_1568299	Afu5g03750	AN9521	An09g06410
OG0003088	F9C07_10720	Afu5g03740	AN9522	An09g06420
OG0003089	F9C07_10719	Afu5g03730	AN8237	An09g06430
OG0003090	F9C07_2283701	Afu5g03720	AN8236	An09g06440
OG0003091	F9C07_2068476	Afu5g03710	AN8235	An09g06450
OG0003092	F9C07_10716	Afu5g03700	AN8234	An09g06460
OG0003093	F9C07_10715	Afu5g03690	AN8233	An09g06480
OG0003094	F9C07_1568716	Afu5g03680	AN8232	An09g06070
OG0003095	F9C07_10713	Afu5g03670	AN8231	An09g06050
OG0003096	F9C07_2158484	Afu5g03660	AN11056	An09g06040
OG0003097	F9C07_10709	Afu5g03640	AN8229	An09g06030
OG0003098	F9C07_2283711	Afu5g03610	AN11055	An09g06020
OG0003099	F9C07_10706	Afu5g03600	AN11060	An09g06010
OG0003100	F9C07_10705	Afu5g03590	AN8227	An09g06000
OG0003101	F9C07_2203021	Afu5g03580	AN8226	An09g05990
OG0003102	F9C07_2283715	Afu5g03570	AN8225	An09g05980
OG0003103	F9C07_1570696	Afu5g03520	AN11058	An09g05900
OG0003104	F9C07_10697	Afu5g03510	AN11057	An09g05890
OG0003105	F9C07_10696	Afu5g03500	AN11054	An09g05880
OG0003106	F9C07_2283722	Afu5g03490	AN8216	An09g05870
OG0003107	F9C07_10693	Afu5g03480	AN8215	An09g05860
OG0003108	F9C07_10692	Afu5g03470	AN8214	An09g05850
OG0003109	F9C07_10691	Afu5g03460	AN8213	An09g05840
OG0003110	F9C07_2232883	Afu5g03450	AN8212	An09g05830
OG0003111	F9C07_10689	Afu5g03430	AN8211	An09g05795
OG0003112	F9C07_2283728	Afu5g03400	AN12403	An09g05760
OG0003113	F9C07_10687	Afu5g03410	AN3779	An09g05770
OG0003114	F9C07_10681	Afu5g03390	AN8208	An09g05710
OG0003115	F9C07_2158582	Afu5g03380	AN8206	An09g05690
OG0003116	F9C07_2091057	Afu5g03370	AN8205	An09g05680
OG0003117	F9C07_10678	Afu5g03360	AN8204	An09g05670
OG0003118	F9C07_2257135	Afu5g03350	AN8203	An09g05660
OG0003119	F9C07_10676	Afu5g03340	AN8202	An09g05655
OG0003120	F9C07_10672	Afu5g03320	AN8201	An09g05640
OG0003121	F9C07_2283739	Afu5g03310	AN8200	An09g05630
OG0003122	F9C07_10670	Afu5g03300	AN11597	An09g05625
OG0003123	F9C07_2068717, F9C07_2283825	Afu2g00270		An09g05550
OG0003124	F9C07_2232902	Afu5g03290	AN8197	An09g05540
OG0003125	F9C07_1568948	Afu5g03280	AN8196	An09g05530
OG0003126	F9C07_10664	Afu5g03269	AN8195	An09g05520
OG0003127	F9C07_2283747	Afu5g03260	AN8194	An09g05490
OG0003128	F9C07_2283748	Afu5g03250	AN12427	An09g05480
OG0003129	F9C07_10661	Afu5g03240	AN9461	An09g05460
OG0003130	F9C07_10659	Afu5g03220	AN9460	An09g05420
OG0003131	F9C07_10658	Afu5g03210	AN8193	An09g05410
OG0003132	F9C07_2232911	Afu5g03195	AN8192	An09g05400
OG0003133	F9C07_2283751	Afu5g03180	AN8191	An09g05380
OG0003134	F9C07_2106827	Afu5g03160	AN8190	An09g05370
OG0003135	F9C07_2068554	Afu5g03150	AN8189	An09g05320
OG0003136	F9C07_2283758	Afu5g03130	AN8187	An09g05300
OG0003137	F9C07_10650	Afu5g03120	AN11052	An09g05290
OG0003138	F9C07_10647	Afu5g03090	AN8183	An09g05270
OG0003139	F9C07_2067666	Afu5g03080	AN8182	An09g05260
OG0003140	F9C07_2068091	Afu5g03060	AN8181	An09g05240
OG0003141	F9C07_10643, F9C07_2102733	Afu3g01345		An15g03300
OG0003142	F9C07_10642	Afu5g03050	AN8180	An09g05230
OG0003143	F9C07_2283766	Afu5g03040	AN8179	An09g05220
OG0003144	F9C07_2283768	Afu5g03030	AN8177	An09g05200
OG0003145	F9C07_2283769	Afu5g03020	AN8176	An09g05180
OG0003146	F9C07_2283770	Afu5g03010	AN8175	An09g05170
OG0003147	F9C07_1579061	Afu5g03000	AN8173	An09g05100
OG0003148	F9C07_10635	Afu5g02990	AN8172	An09g05080
OG0003149	F9C07_2257163	Afu5g02970	AN12172	An09g02540
OG0003150	F9C07_2283776	Afu5g02950	AN8167	An09g05040
OG0003151	F9C07_10627	Afu5g02920	AN8168	An09g04910
OG0003152	F9C07_10626	Afu5g02910	AN8170	An09g04900
OG0003153	F9C07_2283783	Afu5g02890	AN8165	An09g04870
OG0003154	F9C07_10617	Afu5g02800	AN8129	An02g09780
OG0003155	F9C07_2158878	Afu5g02780	AN12449	An02g09810
OG0003156	F9C07_2213175			An03g03680, An03g03690, An13g03400
OG0003157	F9C07_10604, F9C07_2280303, F9C07_7558			An13g03240
OG0003158	F9C07_2244532		AN3315	An05g02140, An12g06610
OG0003159	F9C07_2106909, F9C07_2204301, F9C07_7681			An14g01810
OG0003160	F9C07_10576		AN7862	An02g08780, An14g01170
OG0003161	F9C07_10564	Afu5g02770	AN8116	An02g09830
OG0003162	F9C07_2283835	Afu5g02750	AN8118	An02g09930
OG0003163	F9C07_2159089	Afu5g02740	AN8119	An02g09940
OG0003164	F9C07_2283837	Afu5g02730	AN8120	An02g09950
OG0003165	F9C07_2283838	Afu5g02720	AN8121	An02g09960
OG0003166	F9C07_2283840	Afu5g02690	AN8125	An02g09990
OG0003167	F9C07_2233017	Afu5g02655	AN8101	An02g10060
OG0003168	F9C07_10553	Afu5g02610	AN8004	An02g10080
OG0003169	F9C07_1582412	Afu5g02590	AN8002	An02g10180
OG0003170	F9C07_2283852	Afu5g02580	AN8001	An02g10190
OG0003171	F9C07_2283853	Afu5g02570	AN12431	An02g10200
OG0003172	F9C07_10542	Afu5g02560	AN9467	An02g10210
OG0003173	F9C07_2203138	Afu5g02550	AN7997	An02g10220
OG0003174	F9C07_2257314	Afu5g02540	AN7996	An02g10230
OG0003175	F9C07_10537	Afu5g02520	AN7994	An02g10260
OG0003176	F9C07_10536	Afu5g02510	AN7993	An02g10270
OG0003177	F9C07_2283859	Afu5g02500	AN7992	An02g10280
OG0003178	F9C07_2283862	Afu5g02480	AN8010	An02g10310
OG0003179	F9C07_2283863	Afu5g02470	AN8009	An02g10320
OG0003180	F9C07_10528	Afu5g02440	AN8013	An02g10360
OG0003181	F9C07_10525	Afu5g02400	AN8017	An02g10400
OG0003182	F9C07_2068075	Afu5g02370	AN8021	An02g10440
OG0003183	F9C07_2283874	Afu5g02360	AN8023	An02g10450
OG0003184	F9C07_2283875	Afu5g02310	AN8028	An02g10470
OG0003185	F9C07_2213266, F9C07_2279185		AN3640, AN4149	
OG0003186	F9C07_10473	Afu5g02200	AN8059	An02g10740
OG0003187	F9C07_2159434	Afu5g02210	AN8034	An02g10730
OG0003188	F9C07_10470	Afu5g02230	AN11045	An02g10670
OG0003189	F9C07_1585709	Afu5g02240	AN8032	An02g10660
OG0003190	F9C07_2067219	Afu5g02250	AN8031	An02g10580
OG0003191	F9C07_2283924	Afu5g02170	AN8056	An02g10760
OG0003192	F9C07_10458	Afu5g02180	AN8057	An02g10750
OG0003193	F9C07_2283925	Afu5g02160	AN8055	An02g10780
OG0003194	F9C07_2283926	Afu5g02150	AN8054	An02g10790
OG0003195	F9C07_2283928	Afu5g02140	AN8053	An02g10810
OG0003196	F9C07_2209953, F9C07_2283930		AN1790	An08g07250
OG0003197	F9C07_2283937	Afu4g09270	AN12126, AN9187	
OG0003198	F9C07_10439	Afu4g03100	AN2474	An14g02260
OG0003199	F9C07_2107050	Afu4g03120	AN3901	An14g02250
OG0003200	F9C07_2283946	Afu4g03130	AN2476	An14g02240
OG0003201	F9C07_10432	Afu4g03060	AN2483	An14g03190
OG0003202	F9C07_10430	Afu2g16210	AN2132	An15g02380
OG0003203	F9C07_1586885	Afu2g16250	AN2129	An15g06660
OG0003204	F9C07_2159604	Afu2g16260	AN2128	An15g06670
OG0003205	F9C07_10421	Afu2g16280	AN7361	An15g06680
OG0003206	F9C07_10420	Afu2g16290	AN7360	An15g06690
OG0003207	F9C07_10419	Afu2g16300	AN7358	An15g06700
OG0003208	F9C07_10417	Afu2g16340	AN7357	An15g06710
OG0003209	F9C07_2283962	Afu2g16360	AN10936	An15g06730
OG0003210	F9C07_10412	Afu2g16390	AN7352	An15g06770
OG0003211	F9C07_10410	Afu2g16400	AN7350	An15g06790
OG0003212	F9C07_2283968	Afu2g16420	AN7348	An15g06820
OG0003213	F9C07_1589150	Afu2g16462	AN7342	An15g06880
OG0003214	F9C07_10402, F9C07_2282743, F9C07_8062		AN2797	
OG0003215	F9C07_10394	Afu2g16470	AN7338	An15g06900
OG0003216	F9C07_2283982	Afu2g16480	AN10934	An15g06910
OG0003217	F9C07_10392	Afu2g16490	AN10929	An15g06920
OG0003218	F9C07_10391	Afu2g16500	AN7336	An15g06925
OG0003219	F9C07_2283985	Afu2g16510	AN7335	An15g06990
OG0003220	F9C07_2283993		AN9028	An01g11530, An12g07320
OG0003221	F9C07_2283996	Afu2g16530	AN7331	An15g07070
OG0003222	F9C07_2257523	Afu2g16540	AN7330	An15g07080
OG0003223	F9C07_2284001	Afu2g16550	AN7328	An03g03580
OG0003224	F9C07_10365	Afu2g16600	AN7325	An15g07150
OG0003225	F9C07_2068264	Afu2g16620	AN7321	An04g08580
OG0003226	F9C07_2233208	Afu2g16630	AN5270, AN7320	
OG0003227	F9C07_2257535		AN7318, AN7319	An04g08660
OG0003228	F9C07_10354	Afu2g16640	AN7314	An03g02670
OG0003229	F9C07_2233219	Afu5g13750	AN8591	An16g00710
OG0003230	F9C07_10347	Afu2g16660	AN10924	An04g08680
OG0003231	F9C07_2067856	Afu2g16670	AN7311	An04g08690
OG0003232	F9C07_2107138	Afu2g16692	AN7310	An04g08700
OG0003233	F9C07_2233226	Afu2g16700	AN7309	An04g08710
OG0003234	F9C07_2233227	Afu2g16710	AN7308	An04g08720
OG0003235	F9C07_2222022	Afu2g16730	AN10925	An04g08740
OG0003236	F9C07_10342	Afu2g16720	AN7307	An04g08730
OG0003237	F9C07_2159881	Afu2g16750	AN1711	An04g08760
OG0003238	F9C07_2284025	Afu2g16760	AN7305	An04g08790
OG0003239	F9C07_2091680	Afu2g16780	AN7303	An04g08810
OG0003240	F9C07_10336	Afu2g16790	AN7301	An04g08820
OG0003241	F9C07_2284029	Afu2g16800	AN7302	An04g08830
OG0003242	F9C07_10334	Afu2g16810	AN7300	An04g08840
OG0003243	F9C07_2284031	Afu2g16820	AN7299	An04g08860
OG0003244	F9C07_2069319	Afu7g06410	AN10274	An03g02080
OG0003245	F9C07_2284036	Afu2g16850	AN7296	An04g08940
OG0003246	F9C07_10327	Afu2g16840	AN7297	An04g08920
OG0003247	F9C07_2159953	Afu2g16870	AN7294	An04g08970
OG0003248	F9C07_10322	Afu2g16880	AN12246	An04g08980
OG0003249	F9C07_1593143	Afu2g16900	AN7292	An04g09000
OG0003250	F9C07_10317	Afu2g16920	AN7289	An04g09020
OG0003251	F9C07_2203315	Afu2g16930	AN7287	An04g09030
OG0003252	F9C07_10315	Afu2g16950	AN7285	An04g09060
OG0003253	F9C07_2284046	Afu2g16960	AN10928	An04g09062
OG0003254	F9C07_2284047	Afu2g16970	AN10922	An04g09065
OG0003255	F9C07_1595110	Afu2g17000	AN7262	An04g09080
OG0003256	F9C07_10309	Afu2g17040	AN7261	An04g09090
OG0003257	F9C07_2069970	Afu2g17050	AN7260	An04g09100
OG0003258	F9C07_10308	Afu2g17070	AN7259	An04g09120
OG0003259	F9C07_1594143	Afu2g17080	AN7258	An04g09130
OG0003260	F9C07_10306	Afu2g17090	AN7257	An04g09140
OG0003261	F9C07_2233266	Afu2g17120	AN7253	An04g09190
OG0003262	F9C07_2284058	Afu2g17130	AN7252	An04g09220
OG0003263	F9C07_10298	Afu2g17180	AN10918	An04g09250
OG0003264	F9C07_2284061	Afu2g17190	AN10917	An04g09260
OG0003265	F9C07_10296	Afu2g17200	AN7248	An04g09270
OG0003266	F9C07_2068370	Afu2g17220	AN9492	An04g09290
OG0003267	F9C07_1599510	Afu6g00670	AN4815	An02g13640
OG0003268	F9C07_2284076	Afu4g13860	AN10024	An03g05310
OG0003269	F9C07_10275	Afu2g17330	AN7231	An12g05960
OG0003270	F9C07_2069137	Afu2g17610	AN7229	An04g09440
OG0003271	F9C07_10253, F9C07_2235159	Afu2g17840	AN6418	
OG0003272	F9C07_10230	Afu2g00680	AN6472	An04g09650
OG0003273	F9C07_10224, F9C07_5020			An02g10900, An10g00180
OG0003274	F9C07_2284134	Afu1g01140	AN12287	An03g00980
OG0003275	F9C07_10191, F9C07_4195, F9C07_9384			An06g02030
OG0003276	F9C07_10188	Afu7g06610	AN9235	An03g01860
OG0003277	F9C07_1603332	Afu1g13230	AN0661	An08g06260
OG0003278	F9C07_1607214, F9C07_2233398, F9C07_6398			An11g00230
OG0003279	F9C07_2091974		AN7057	An16g00730, An18g00030
OG0003280	F9C07_10152	Afu4g14000		An06g00190, An08g04640
OG0003281	F9C07_10140		AN6812	An01g12090, An04g09980
OG0003282	F9C07_2233435, F9C07_2286865		AN3250, AN4626	
OG0003283	F9C07_10116, F9C07_1389864	Afu5g01050		An16g06460
OG0003284	F9C07_2059499, F9C07_2277275	Afu5g00620		An12g10780
OG0003285	F9C07_1000673		AN6105	An02g12810, An08g04800
OG0003286	F9C07_2133836		AN11818, AN2826, AN6030	
OG0003287	F9C07_2285831, F9C07_61		AN10768	An07g05010
OG0003288	F9C07_1484746, F9C07_2133907, F9C07_2278759, F9C07_9562			
OG0003289	F9C07_99	Afu2g14570	AN1795	An15g03900
OG0003290	F9C07_100	Afu2g14580	AN1796	An15g03910
OG0003291	F9C07_102	Afu2g14600	AN1798	An15g03950
OG0003292	F9C07_104	Afu2g14610	AN8099	An15g03980
OG0003293	F9C07_107	Afu2g14620	AN1801	An15g03880
OG0003294	F9C07_2227002	Afu7g04040	AN4255	An13g00510
OG0003295	F9C07_110	Afu7g04050	AN4254	An13g00520
OG0003296	F9C07_111	Afu7g04060	AN4253	An13g00540
OG0003297	F9C07_2199077	Afu7g04090	AN10713	An13g00600
OG0003298	F9C07_117	Afu7g04100	AN11788	An13g00610
OG0003299	F9C07_2199079	Afu7g04110	AN10702	An13g00620
OG0003300	F9C07_2134121	Afu7g04120	AN5695	An13g00640
OG0003301	F9C07_2248677	Afu7g04130	AN5694	An13g00650
OG0003302	F9C07_125	Afu7g04150	AN5693	An13g00670
OG0003303	F9C07_1003787	Afu7g04160	AN5692	An13g00680
OG0003304	F9C07_2248691	Afu7g04170	AN5691	An13g00690
OG0003305	F9C07_2278615	Afu7g04200	AN5687	An13g00750
OG0003306	F9C07_132	Afu7g04220	AN5685	An13g00770
OG0003307	F9C07_133	Afu7g04230	AN5684	An13g00780
OG0003308	F9C07_134	Afu7g04240	AN5683	An13g00790
OG0003309	F9C07_1003915	Afu7g04250	AN5682	An13g00793
OG0003310	F9C07_136	Afu7g04260	AN5681	An13g00800
OG0003311	F9C07_1004310	Afu7g04270	AN5680	An13g00810
OG0003312	F9C07_138	Afu7g04280	AN5679	An13g00820
OG0003313	F9C07_2278624	Afu7g04300	AN5677	An13g00850
OG0003314	F9C07_2278625	Afu7g04310	AN5676	An13g00860
OG0003315	F9C07_142	Afu7g04320	AN5675	An13g00870
OG0003316	F9C07_144		AN4573, AN7158, AN8314	
OG0003317	F9C07_146	Afu7g04330	AN5674	An13g00890
OG0003318	F9C07_148	Afu7g04350	AN5672	An13g00920
OG0003319	F9C07_150	Afu7g04370	AN3740	An13g00940
OG0003320	F9C07_152	Afu7g04390	AN3742	An13g00970
OG0003321	F9C07_2059142	Afu7g04400	AN3743	An13g00980
OG0003322	F9C07_154	Afu7g04420	AN3744	An13g01000
OG0003323	F9C07_2278637	Afu7g04430	AN3745	An13g01010
OG0003324	F9C07_2278638	Afu7g04450	AN3746	An13g01020
OG0003325	F9C07_2199110	Afu7g04460	AN3747	An13g01040
OG0003326	F9C07_158	Afu7g04470	AN3750	An13g01050
OG0003327	F9C07_159	Afu7g04480	AN3749	An13g01060
OG0003328	F9C07_2278641	Afu7g04510	AN3751	An13g01090
OG0003329	F9C07_2278648	Afu7g04580	AN3752	An13g01150
OG0003330	F9C07_1006496	Afu7g04590	AN3753	An13g01160
OG0003331	F9C07_171	Afu1g17650, Afu4g14800	AN2721	
OG0003332	F9C07_2278654	Afu1g17700	AN3400	An19g00390
OG0003333	F9C07_2134323	Afu7g04600	AN10442	An13g01180
OG0003334	F9C07_177	Afu7g04610	AN10456	An13g01190
OG0003335	F9C07_182	Afu7g04650	AN3756	An13g01210
OG0003336	F9C07_183	Afu7g04660	AN3757	An13g01220
OG0003337	F9C07_184	Afu7g04670	AN3758	An15g02320
OG0003338	F9C07_1009520	Afu7g04700	AN3760	An13g01230
OG0003339	F9C07_1007984	Afu7g04710	AN3761	An13g01240
OG0003340	F9C07_2059269	Afu7g04783	AN10443	An13g01310
OG0003341	F9C07_196	Afu7g04795	AN10457	An13g01320
OG0003342	F9C07_1007303	Afu7g04811		An01g14540, An13g01370
OG0003343	F9C07_1008958	Afu7g04820	AN3769	An13g01420
OG0003344	F9C07_2058146	Afu4g13940	AN0482	An01g01020
OG0003345	F9C07_219		AN1305	An07g03270, An11g07290
OG0003346	F9C07_224		AN7929	An03g00040, An15g04230
OG0003347	F9C07_2278707	Afu7g06350	AN3781	An02g00180
OG0003348	F9C07_2278708	Afu3g03820	AN9010	An03g05890
OG0003349	F9C07_253		AN1078, AN2716	An16g02290
OG0003350	F9C07_2278725		AN6757, AN6770	An11g01270
OG0003351	F9C07_2199198		AN6758, AN6768, AN9302	
OG0003352	F9C07_2059244	Afu7g05310	AN6681	An07g02900
OG0003353	F9C07_281	Afu7g05320	AN6682	An07g02890
OG0003354	F9C07_282	Afu7g05300	AN6680	An07g02930
OG0003355	F9C07_285	Afu7g05290	AN6679	An07g02960
OG0003356	F9C07_286	Afu7g05280	AN6678	An07g02970
OG0003357	F9C07_1012361	Afu7g05270	AN6677	An07g02980
OG0003358	F9C07_2248955	Afu7g05260	AN6676	An07g02990
OG0003359	F9C07_2278743	Afu7g05250	AN6675	An07g03000
OG0003360	F9C07_2278745	Afu7g05240	AN8780	An07g03020
OG0003361	F9C07_294	Afu7g05220	AN8785	An07g03070
OG0003362	F9C07_295	Afu5g09700	AN8784	An07g03080
OG0003363	F9C07_2278750	Afu5g09710	AN8783	An07g03090
OG0003364	F9C07_297	Afu5g09860	AN8782	An07g03100
OG0003365	F9C07_313	Afu4g01520		An02g12800, An18g01020
OG0003366	F9C07_2278771	Afu3g02770	AN3083	An01g01430
OG0003367	F9C07_2278795	Afu2g17550	AN9171	An14g05350
OG0003368	F9C07_1015096	Afu1g03250	AN8353	An14g04330
OG0003369	F9C07_2278813	Afu7g04860	AN3313	An02g14660
OG0003370	F9C07_1015751	Afu2g17660	AN7797	An16g00240
OG0003371	F9C07_2227263	Afu7g05340	AN6685	An07g02870
OG0003372	F9C07_2135109	Afu7g05360	AN6687	An07g02860
OG0003373	F9C07_1016481	Afu7g05370	AN6688	An07g02840
OG0003374	F9C07_2249065	Afu7g05380	AN6689	An07g02820
OG0003375	F9C07_391	Afu7g05390	AN6690	An07g02810
OG0003376	F9C07_2286600, F9C07_406		AN10913	An12g05720
OG0003377	F9C07_2278846, F9C07_2278998		AN8132	An14g01410
OG0003378	F9C07_2278859	Afu7g05420	AN11898	An07g02770
OG0003379	F9C07_2135221	Afu7g05430	AN6695	An07g02760
OG0003380	F9C07_2199323	Afu7g05440	AN6696	An07g02740
OG0003381	F9C07_425	Afu7g05450	AN6697	An07g02730
OG0003382	F9C07_2278863	Afu7g05460	AN6698	An07g02690
OG0003383	F9C07_2278864	Afu7g05480	AN6694	An07g02680
OG0003384	F9C07_427	Afu7g05470	AN6699	An07g02700
OG0003385	F9C07_2199328	Afu7g05510	AN6705	An07g02300
OG0003386	F9C07_432	Afu7g05520	AN6706	An07g02350
OG0003387	F9C07_433	Afu7g05530	AN6707	An03g03600
OG0003388	F9C07_2135305	Afu7g05540	AN6702	An07g02530
OG0003389	F9C07_2058618	Afu7g05620	AN6715	An07g02270
OG0003390	F9C07_439	Afu7g05630	AN6716	An07g02280
OG0003391	F9C07_2227312	Afu7g05650	AN6701	An07g02600
OG0003392	F9C07_443	Afu7g05600	AN6714	An07g02260
OG0003393	F9C07_444	Afu7g05680	AN6710	An07g02200
OG0003394	F9C07_2101387	Afu7g05670	AN6711	An07g02210
OG0003395	F9C07_446	Afu7g05580	AN6712	An07g02240
OG0003396	F9C07_2227318	Afu7g05590	AN6713	An07g02250
OG0003397	F9C07_449	Afu7g05700	AN6709	An07g02190
OG0003398	F9C07_2135359	Afu7g05720	AN6708	An07g02180
OG0003399	F9C07_2082478	Afu7g05735	AN11900	An07g02170
OG0003400	F9C07_453	Afu7g05740	AN6717	An07g02160
OG0003401	F9C07_2058473	Afu7g05752	AN6718	An07g02150
OG0003402	F9C07_456	Afu7g05780	AN10853	An07g02130
OG0003403	F9C07_457	Afu7g05785	AN11901	An07g02120
OG0003404	F9C07_458	Afu7g05790	AN10849	An07g02110
OG0003405	F9C07_1017939	Afu7g05800	AN10844	An07g02100
OG0003406	F9C07_463	Afu7g05850	AN6724	An07g02040
OG0003407	F9C07_1021581	Afu7g05860	AN6725	An07g02020
OG0003408	F9C07_2227336	Afu7g05870	AN6726	An07g02010
OG0003409	F9C07_1017612	Afu7g05890	AN6728	An07g01990
OG0003410	F9C07_472	Afu7g05940	AN10851	An07g01650
OG0003411	F9C07_2218668	Afu7g05960	AN6733	An07g01620
OG0003412	F9C07_2199363	Afu7g05950	AN6732	An07g01640
OG0003413	F9C07_2227346	Afu7g05970	AN6734	An07g01580
OG0003414	F9C07_476	Afu7g05980	AN6735	An07g01560
OG0003415	F9C07_2227348	Afu7g05990	AN11902	An07g01550
OG0003416	F9C07_2278906	Afu7g06020	AN6738	An07g01520
OG0003417	F9C07_479	Afu7g06010	AN6737	An07g01530
OG0003418	F9C07_481	Afu7g06030	AN6739	An07g01510
OG0003419	F9C07_483	Afu7g06040	AN6740	An07g01480
OG0003420	F9C07_2135561	Afu7g06060	AN5378	An01g00720
OG0003421	F9C07_491	Afu7g06110	AN6751	An02g00140
OG0003422	F9C07_2181120, F9C07_502, F9C07_8726	Afu3g03890		
OG0003423	F9C07_510	Afu5g09980	AN6755	An09g03730
OG0003424	F9C07_11499, F9C07_2101451		AN11949	An12g01570
OG0003425	F9C07_523	Afu7g06510	AN6761	An14g03240
OG0003426	F9C07_524	Afu7g06520	AN0058	An07g00760
OG0003427	F9C07_2057917		AN6762	An07g00750, An12g06580
OG0003428	F9C07_2278973	Afu3g01800	AN5328	An06g00210
OG0003429	F9C07_566	Afu8g06830	AN1602	An15g04900
OG0003430	F9C07_568	Afu8g06850	AN12027	An12g09650
OG0003431	F9C07_2059958	Afu8g06920	AN1290	An15g04050
OG0003432	F9C07_2278990		AN2034	An05g01400, An08g03760
OG0003433	F9C07_1481341, F9C07_2208690	Afu8g01290	AN7220	
OG0003434	F9C07_601	Afu8g05830	AN1565	An15g04690
OG0003435	F9C07_1034099	Afu8g05820	AN1564	An15g04680
OG0003436	F9C07_603	Afu8g05810	AN2404	An15g04670
OG0003437	F9C07_606	Afu8g05700	AN1562	An15g04650
OG0003438	F9C07_607	Afu8g05680	AN1560	An15g04520
OG0003439	F9C07_2279010	Afu8g05660	AN1558	An15g04490
OG0003440	F9C07_608	Afu8g05670	AN1559	An15g04510
OG0003441	F9C07_2239858	Afu8g05650	AN10219	An15g04480
OG0003442	F9C07_610	Afu8g05640	AN10216	An15g04470
OG0003443	F9C07_2136019	Afu8g05620	AN1554	An12g05030
OG0003444	F9C07_2279014	Afu8g05610	AN1551	An16g07040
OG0003445	F9C07_615	Afu8g05600	AN1549	An16g07080
OG0003446	F9C07_2279018	Afu8g05580	AN1547	An16g07110
OG0003447	F9C07_1034503	Afu8g05560	AN1545	An16g07130
OG0003448	F9C07_623	Afu8g05540	AN1544	An16g07140
OG0003449	F9C07_2279021	Afu8g05530	AN1543	An16g07150
OG0003450	F9C07_1034495	Afu8g05500	AN1539	An16g07210
OG0003451	F9C07_2136065	Afu8g05490	AN1538	An16g07220
OG0003452	F9C07_2060413	Afu8g05480	AN1537	An16g07230
OG0003453	F9C07_632	Afu8g05460	AN1536	An16g07260
OG0003454	F9C07_633	Afu8g05450	AN1535	An16g07280
OG0003455	F9C07_634	Afu8g05440	AN1534	An16g07290
OG0003456	F9C07_635	Afu8g05430	AN1533	An16g07300
OG0003457	F9C07_2279031	Afu8g05420	AN12133	An16g07310
OG0003458	F9C07_1037183		AN1314	An09g03760, An11g08070
OG0003459	F9C07_2199468	Afu8g05400	AN12471	An16g07340
OG0003460	F9C07_2279035	Afu8g05410	AN1532	An16g07330
OG0003461	F9C07_2059128	Afu8g05370	AN1528	An16g07360
OG0003462	F9C07_643	Afu8g05360	AN1527	An16g07370
OG0003463	F9C07_2058857	Afu8g05350	AN1526	An16g07380
OG0003464	F9C07_645	Afu8g05340	AN1525	An16g07390
OG0003465	F9C07_648	Afu8g05310	AN1522	An16g07420
OG0003466	F9C07_1038076	Afu8g05300	AN1521	An16g07430
OG0003467	F9C07_650	Afu8g05290	AN1520	An16g07440
OG0003468	F9C07_2279045	Afu8g05260	AN1517	An16g07470
OG0003469	F9C07_654	Afu8g05240	AN10215	An16g07480
OG0003470	F9C07_656	Afu8g05230	AN10214	An16g07490
OG0003471	F9C07_657	Afu8g05210	AN10212	An16g07510
OG0003472	F9C07_658	Afu8g05200	AN1513	An16g07520
OG0003473	F9C07_659	Afu8g05190	AN1514	An16g07530
OG0003474	F9C07_1043613	Afu8g05170	AN10213	An16g07540
OG0003475	F9C07_1036951	Afu8g05160	AN1511	An16g07610
OG0003476	F9C07_1037012	Afu8g05140	AN1510	An16g07620
OG0003477	F9C07_664	Afu8g05120	AN1509	An16g07630
OG0003478	F9C07_1039304	Afu8g05110	AN1508	An16g07640
OG0003479	F9C07_2279057	Afu8g05060	AN1504	An16g07690
OG0003480	F9C07_2061584	Afu8g05010	AN1500	An16g07795
OG0003481	F9C07_1046113	Afu8g05000	AN1498	An16g07800
OG0003482	F9C07_2199490	Afu8g04990	AN1497	An16g07810
OG0003483	F9C07_2227531	Afu8g04980	AN10209	An16g07830
OG0003484	F9C07_2227532	Afu8g04970	AN10211	An16g07840
OG0003485	F9C07_678	Afu8g04960	AN1495	An16g07850
OG0003486	F9C07_679	Afu8g04950	AN1494	An16g07860
OG0003487	F9C07_1045336	Afu8g04940	AN12452	An16g07870
OG0003488	F9C07_681	Afu8g04910	AN7392	An16g07900
OG0003489	F9C07_682	Afu8g04900	AN9515	An16g07910
OG0003490	F9C07_2279067	Afu8g04890	AN1493	An16g07920
OG0003491	F9C07_1046575	Afu8g04880	AN1491	An16g07940
OG0003492	F9C07_2061055	Afu8g04850	AN1489	An16g07960
OG0003493	F9C07_2279072	Afu8g04840	AN1488	An16g07970
OG0003494	F9C07_2136414	Afu8g04830	AN10196	An16g07980
OG0003495	F9C07_1047228	Afu8g04826	AN10201	An16g07990
OG0003496	F9C07_695	Afu8g04820	AN1486	An16g08000
OG0003497	F9C07_2136426	Afu8g04800	AN10195	An16g08020
OG0003498	F9C07_698	Afu8g04790	AN10200	An16g08030
OG0003499	F9C07_1047127	Afu8g04780	AN1483	An16g08040
OG0003500	F9C07_1106218, F9C07_709	Afu3g08060		An02g11550
OG0003501	F9C07_2231153, F9C07_2279102			An08g04820, An09g00450
OG0003502	F9C07_2279105	Afu5g10120	AN5318	An02g00210
OG0003503	F9C07_727	Afu8g04760	AN1480	An16g08100
OG0003504	F9C07_1047696	Afu8g04750	AN1479	An16g08110
OG0003505	F9C07_729	Afu8g04740	AN10194	An16g08120
OG0003506	F9C07_731	Afu8g04720	AN10199	An16g08160
OG0003507	F9C07_732	Afu8g04710	AN10919, AN1477	
OG0003508	F9C07_1047690	Afu8g04702	AN10207	An16g08170
OG0003509	F9C07_1048124	Afu3g12650	AN3107	An02g08610
OG0003510	F9C07_739	Afu3g12640	AN10353	An02g08600
OG0003511	F9C07_1048380	Afu3g12570	AN3103	An02g08530
OG0003512	F9C07_746	Afu3g12550	AN3102	An02g08510
OG0003513	F9C07_2136618	Afu3g12530	AN3101	An02g08490
OG0003514	F9C07_2279118	Afu3g12520	AN3100	An02g08470
OG0003515	F9C07_2136642	Afu3g12510	AN3098	An02g08447
OG0003516	F9C07_2279122	Afu3g12490	AN3096	An02g08430
OG0003517	F9C07_2227601	Afu3g12500	AN3097	An02g08440
OG0003518	F9C07_753	Afu3g12480	AN3095	An02g08420
OG0003519	F9C07_754	Afu3g12470	AN3094	An02g08410
OG0003520	F9C07_755	Afu3g12460	AN11707	An02g08400
OG0003521	F9C07_1049740	Afu3g12450	AN11706	An02g08390
OG0003522	F9C07_757	Afu3g12430	AN3092	An02g08380
OG0003523	F9C07_760	Afu3g12400	AN3090	An02g08000
OG0003524	F9C07_1050007	Afu3g12380	AN3089	An02g08010
OG0003525	F9C07_764	Afu3g12360	AN3087	An03g02910
OG0003526	F9C07_765	Afu3g12350	AN11705	An02g08030
OG0003527	F9C07_2101676	Afu3g12340	AN3086	An02g08040
OG0003528	F9C07_2279131	Afu3g12330	AN3085	An02g08050
OG0003529	F9C07_768	Afu3g12320	AN3084	An02g08060
OG0003530	F9C07_1050255	Afu3g12310	AN5013	An02g08070
OG0003531	F9C07_2227618	Afu3g12300	AN5014	An02g08080
OG0003532	F9C07_771	Afu3g12290	AN2848	An02g08090
OG0003533	F9C07_2279135	Afu3g12280	AN2847	An02g08100
OG0003534	F9C07_773	Afu3g12270	AN2846	An02g08110
OG0003535	F9C07_784	Afu1g03510	AN0252	An01g04630
OG0003536	F9C07_785	Afu1g03500	AN0253	An01g04640
OG0003537	F9C07_786	Afu1g03490	AN0254	An01g04650
OG0003538	F9C07_1050892	Afu1g03460	AN0255	An01g04670
OG0003539	F9C07_792	Afu1g03430	AN0258	An01g04700
OG0003540	F9C07_793	Afu1g03420	AN0259	An01g04710
OG0003541	F9C07_794	Afu1g03410	AN0260	An01g04720
OG0003542	F9C07_2279155	Afu1g03400	AN0261	An01g04730
OG0003543	F9C07_796	Afu1g03390	AN0262	An01g04740
OG0003544	F9C07_798	Afu1g03380	AN0265	An01g04760
OG0003545	F9C07_2279158	Afu1g03210	AN0279	An01g04830
OG0003546	F9C07_1053191	Afu1g03130	AN0266	An01g04900
OG0003547	F9C07_2227646	Afu1g03110	AN0278	An01g04920
OG0003548	F9C07_806	Afu1g03100	AN10032	An01g04930
OG0003549	F9C07_1053466	Afu1g02840	AN0276	An01g04950
OG0003550	F9C07_2136932	Afu1g02870	AN0273	An01g04990
OG0003551	F9C07_811	Afu1g02890	AN0271	An01g05040
OG0003552	F9C07_2227654	Afu1g02900	AN0270	An01g05050
OG0003553	F9C07_2279169	Afu1g02910	AN10031	An01g05060
OG0003554	F9C07_2227656	Afu1g02920	AN0268	An01g05070
OG0003555	F9C07_1053221	Afu1g02930	AN0267	An01g05080
OG0003556	F9C07_817	Afu1g02940	AN0281	An01g05090
OG0003557	F9C07_2227659	Afu1g02950	AN0282	An01g05100
OG0003558	F9C07_821	Afu1g02980	AN0285	An01g05150
OG0003559	F9C07_1054782	Afu1g02985	AN0286	An01g05160
OG0003560	F9C07_1054872	Afu1g02990	AN0287	An01g05180
OG0003561	F9C07_2061652	Afu1g03010	AN0289	An01g05190
OG0003562	F9C07_828	Afu1g03020	AN11234	An01g05200
OG0003563	F9C07_829	Afu1g03030	AN9448	An01g05220
OG0003564	F9C07_830	Afu1g03035	AN9449	An09g05700
OG0003565	F9C07_2279187	Afu1g03040	AN9450	An01g05230
OG0003566	F9C07_836	Afu1g03050	AN10063	An01g05260
OG0003567	F9C07_1055367	Afu1g03060	AN0290	An01g05290
OG0003568	F9C07_841	Afu1g03070	AN0292	An01g05300
OG0003569	F9C07_1055498	Afu1g03080	AN0293	An01g05310
OG0003570	F9C07_843	Afu1g03090	AN0294	An01g05320
OG0003571	F9C07_2061066	Afu1g02830	AN0295	An01g05330
OG0003572	F9C07_846	Afu1g02810	AN0298	An01g05350
OG0003573	F9C07_847	Afu1g02800	AN0299	An01g05360
OG0003574	F9C07_848	Afu1g02780	AN0300	An01g14960
OG0003575	F9C07_851	Afu1g02760	AN0302	An01g05390
OG0003576	F9C07_853	Afu1g02710	AN0303	An01g05410
OG0003577	F9C07_2279202	Afu1g02700	AN0304	An01g05470
OG0003578	F9C07_2279203	Afu1g02680	AN0305	An01g05500
OG0003579	F9C07_856	Afu1g02670	AN0306	An01g05510
OG0003580	F9C07_863	Afu1g02640	AN10064	An01g05540
OG0003581	F9C07_864	Afu1g02610	AN10052	An01g05560
OG0003582	F9C07_2279211	Afu1g02620	AN0309	An01g05570
OG0003583	F9C07_2279212	Afu1g02630	AN0310	An01g05580
OG0003584	F9C07_867	Afu1g02600	AN0311	An01g05600
OG0003585	F9C07_2059362	Afu1g02590	AN0312	An01g05610
OG0003586	F9C07_871	Afu1g02570	AN0314	An01g05630
OG0003587	F9C07_872	Afu1g02560	AN0315	An01g05640
OG0003588	F9C07_874	Afu1g02540	AN0317	An01g05660
OG0003589	F9C07_875	Afu1g02480	AN0318	An01g05670
OG0003590	F9C07_2279221	Afu1g02490	AN0319	An01g05680
OG0003591	F9C07_877	Afu1g02500	AN10072	An01g05690
OG0003592	F9C07_881	Afu1g02460	AN0321	An01g05740
OG0003593	F9C07_883	Afu1g02430	AN0329	An01g05760
OG0003594	F9C07_884	Afu1g02420	AN0328	An01g05770
OG0003595	F9C07_2279229	Afu1g02410	AN0327	An01g05780
OG0003596	F9C07_886	Afu1g02400	AN0326	An01g05790
OG0003597	F9C07_888	Afu1g02380	AN0331	An01g05810
OG0003598	F9C07_890	Afu1g02370	AN12484	An01g05820
OG0003599	F9C07_895	Afu1g02340	AN0334	An01g05840
OG0003600	F9C07_896	Afu1g02330	AN0335	An01g05850
OG0003601	F9C07_898	Afu1g02310	AN0336	An01g05880
OG0003602	F9C07_2279238	Afu1g02280	AN0339	An01g05970
OG0003603	F9C07_902	Afu1g02270	AN0340	An01g05990
OG0003604	F9C07_905	Afu1g02250	AN0343	An01g06020
OG0003605	F9C07_907	Afu1g02210	AN10055	An01g06040
OG0003606	F9C07_1058961	Afu1g02200	AN10073	An01g06050
OG0003607	F9C07_909	Afu1g02190	AN0347	An01g06060
OG0003608	F9C07_2101806	Afu1g02180	AN0348	An01g06070
OG0003609	F9C07_2058994	Afu1g02170	AN0349	An01g06080
OG0003610	F9C07_915	Afu1g02140	AN10060	An01g06120
OG0003611	F9C07_2279251	Afu1g02130	AN10056	An01g06130
OG0003612	F9C07_2061108	Afu1g02100	AN0355	An01g06160
OG0003613	F9C07_918	Afu1g02080	AN0356	An01g06170
OG0003614	F9C07_2279253	Afu1g02070	AN0357	An01g06180
OG0003615	F9C07_921	Afu1g02050	AN10061	An01g06210
OG0003616	F9C07_2101818	Afu1g02040	AN10057	An01g06220
OG0003617	F9C07_924	Afu1g02020	AN0360	An01g06240
OG0003618	F9C07_925	Afu1g02010	AN10068	An01g06250
OG0003619	F9C07_2058012	Afu1g01990	AN10058	An01g06270
OG0003620	F9C07_1059543	Afu1g01970	AN0363	An01g06290
OG0003621	F9C07_931	Afu1g01950	AN0365	An01g06340
OG0003622	F9C07_934	Afu1g01910	AN0367	An01g06350
OG0003623	F9C07_2279269	Afu1g01870	AN10067	An01g06370
OG0003624	F9C07_938	Afu1g01860	AN0372	An01g06380
OG0003625	F9C07_2137430	Afu1g01850	AN10059	An01g06390
OG0003626	F9C07_2137432	Afu1g01820	AN10069	An01g06400
OG0003627	F9C07_942	Afu1g01790	AN10070	An01g06420
OG0003628	F9C07_953	Afu1g01760	AN0379	An01g06460
OG0003629	F9C07_2227784	Afu1g01750	AN0380	An01g06470
OG0003630	F9C07_2101847	Afu1g01740	AN0381	An01g06480
OG0003631	F9C07_1064635		AN12146, AN5063	An09g03770
OG0003632	F9C07_966	Afu1g01720	AN0235	An01g06550
OG0003633	F9C07_2279293	Afu1g01700	AN0384	An01g06520
OG0003634	F9C07_2249769			An08g04560, An11g06490, An18g01440
OG0003635	F9C07_2279317	Afu3g14170	AN3261, AN6923	
OG0003636	F9C07_2227831	Afu4g09450	AN1817	An04g08430
OG0003637	F9C07_1009	Afu1g17000	AN0631	An01g09850
OG0003638	F9C07_1010	Afu1g16990	AN0632	An01g09860
OG0003639	F9C07_1011	Afu1g16980	AN0633	An01g09880
OG0003640	F9C07_2279328	Afu1g16970	AN0634	An01g09890
OG0003641	F9C07_2279329	Afu1g16950	AN0636	An01g09910
OG0003642	F9C07_2227841	Afu1g16960	AN0635	An01g09900
OG0003643	F9C07_2058732	Afu1g16940	AN0637	An01g09920
OG0003644	F9C07_1020	Afu1g16880, Afu3g12220		An01g10000
OG0003645	F9C07_1029	Afu1g16860	AN0639	An01g10020
OG0003646	F9C07_1030	Afu1g16850	AN0640	An01g10030
OG0003647	F9C07_1032	Afu1g16830	AN10105	An01g10060
OG0003648	F9C07_1033	Afu1g16820	AN0643	An01g10070
OG0003649	F9C07_1035	Afu1g16800	AN0990	An01g10140
OG0003650	F9C07_1036	Afu1g16790	AN0989	An01g10150
OG0003651	F9C07_1037	Afu1g16780	AN0988	An01g10170
OG0003652	F9C07_2279352	Afu1g16745	AN0986	An01g10200
OG0003653	F9C07_2279361	Afu1g16730	AN0984	An01g10270
OG0003654	F9C07_1067742	Afu1g16720	AN0982	An01g10310
OG0003655	F9C07_2137760	Afu1g16680	AN0979	An01g10380
OG0003656	F9C07_1061	Afu1g16650	AN0977	An01g10460
OG0003657	F9C07_1069264	Afu1g16600	AN11897	An01g10580
OG0003658	F9C07_1070	Afu1g16610	AN0966	An01g10600
OG0003659	F9C07_1076	Afu1g16640	AN0964	An01g10620
OG0003660	F9C07_1078	Afu8g00850	AN10131	An01g10650
OG0003661	F9C07_1079	Afu1g16570	AN0960	An01g10660
OG0003662	F9C07_1081	Afu1g16556	AN11894	An01g10680
OG0003663	F9C07_1082	Afu1g16553	AN11893	An01g10690
OG0003664	F9C07_2137851	Afu1g16550	AN0956	An01g10700
OG0003665	F9C07_2279393	Afu1g16540	AN10137	An01g10710
OG0003666	F9C07_1085	Afu1g16523	AN10130	An01g10720
OG0003667	F9C07_1086	Afu1g16510	AN0954	An01g10730
OG0003668	F9C07_2279395	Afu1g16500	AN0953	An01g10740
OG0003669	F9C07_1069915	Afu1g16480	AN0952	An01g10750
OG0003670	F9C07_2059050	Afu1g16470	AN11892	An01g10760
OG0003671	F9C07_1093	Afu1g16440	AN0948	An14g02750
OG0003672	F9C07_2279402	Afu1g16375	AN0947	An03g02920
OG0003673	F9C07_1098	Afu1g16330	AN0946	An01g10820
OG0003674	F9C07_1099	Afu1g16320	AN10129	An01g10830
OG0003675	F9C07_1100	Afu1g16310	AN10134	An01g10840
OG0003676	F9C07_2279407	Afu1g16290	AN0944	An01g10870
OG0003677	F9C07_1101	Afu1g16300	AN10135	An01g10860
OG0003678	F9C07_1103	Afu1g16280	AN0943	An01g10880
OG0003679	F9C07_1111	Afu1g16240	AN0939	An01g10960
OG0003680	F9C07_1112	Afu1g16230	AN0938	An01g10970
OG0003681	F9C07_1114	Afu1g16210	AN0936	An01g10990
OG0003682	F9C07_1070149	Afu1g16200	AN0934	An01g11000
OG0003683	F9C07_2279415	Afu1g15960	AN0932	An03g03660
OG0003684	F9C07_1118	Afu1g15950	AN0931	An01g11080
OG0003685	F9C07_2227939	Afu1g15940	AN0930	An01g11100
OG0003686	F9C07_2227942	Afu1g15930	AN0929	An01g11150
OG0003687	F9C07_1124	Afu1g15920	AN0927	An01g11160
OG0003688	F9C07_1127	Afu7g04490	AN6632	An13g01070
OG0003689	F9C07_2279426	Afu1g15900	AN0926	An01g14330
OG0003690	F9C07_1131	Afu2g00360	AN10334	An12g10520
OG0003691	F9C07_1132	Afu1g15890	AN0925	An01g14310
OG0003692	F9C07_2279432	Afu1g15870	AN0923	An01g14280
OG0003693	F9C07_1135	Afu1g15860	AN0922	An01g14250
OG0003694	F9C07_1181159, F9C07_2227956	Afu1g15850		An09g02620
OG0003695	F9C07_1074763	Afu1g15840	AN0920	An01g14230
OG0003696	F9C07_1138	Afu1g15830	AN0919	An01g14210
OG0003697	F9C07_1139	Afu1g15820	AN0918	An01g14200
OG0003698	F9C07_1140	Afu1g15810	AN0917	An01g14180
OG0003699	F9C07_2059659	Afu1g15800	AN0914	An01g14160
OG0003700	F9C07_1144	Afu1g15780	AN0912	An01g14130
OG0003701	F9C07_1145	Afu1g15770	AN0911	An01g14120
OG0003702	F9C07_1146	Afu1g15760	AN0910	An01g14110
OG0003703	F9C07_1148	Afu1g15750	AN0909	An01g14100
OG0003704	F9C07_2279444	Afu1g15740	AN0908	An01g14090
OG0003705	F9C07_11009, F9C07_2102023		AN2197, AN3139	
OG0003706	F9C07_1154	Afu1g15730	AN0907	An01g14080
OG0003707	F9C07_2279450	Afu1g15720	AN0906	An01g14070
OG0003708	F9C07_2279451	Afu1g15710	AN0905	An01g14050
OG0003709	F9C07_2227975	Afu1g15700	AN0904	An01g14040
OG0003710	F9C07_2102030	Afu1g15690	AN0903	An01g14030
OG0003711	F9C07_1164	Afu1g15650	AN0899	An01g13980
OG0003712	F9C07_1165	Afu1g15640	AN0898	An01g13960
OG0003713	F9C07_1167	Afu1g15580	AN0897	An01g13940
OG0003714	F9C07_1168	Afu1g15590	AN0896	An01g13930
OG0003715	F9C07_2279464	Afu1g15620	AN0894	An14g03630
OG0003716	F9C07_2279465	Afu2g01100	AN6420	An09g04970
OG0003717	F9C07_2279466	Afu1g15450	AN0893	An01g13920
OG0003718	F9C07_1174	Afu1g15470	AN0891	An01g13890
OG0003719	F9C07_2279470	Afu1g15490	AN0890	An01g13880
OG0003720	F9C07_1178	Afu1g15500	AN0889	An01g13830
OG0003721	F9C07_1179	Afu1g15510	AN0888	An01g13820
OG0003722	F9C07_2227997	Afu1g15530	AN0886	An12g07670
OG0003723	F9C07_1183	Afu1g15560	AN0884	An01g13780
OG0003724	F9C07_1185	Afu1g15570	AN0883	An01g13770
OG0003725	F9C07_2059249	Afu1g15410	AN0881	An01g13750
OG0003726	F9C07_1195	Afu1g15400	AN0880	An01g13690
OG0003727	F9C07_2279479	Afu1g15390	AN0879	An01g13680
OG0003728	F9C07_2060207	Afu1g15370	AN10128	An01g13640
OG0003729	F9C07_2228013	Afu1g15350	AN0875	An01g13580
OG0003730	F9C07_2199781	Afu1g15340	AN0874	An01g13560
OG0003731	F9C07_2228016	Afu1g15310	AN0872	An01g13540
OG0003732	F9C07_1207	Afu1g15130	AN0871	An01g13530
OG0003733	F9C07_2279497	Afu1g15180	AN0867	An01g13480
OG0003734	F9C07_1218	Afu1g15210	AN0865	An01g13460
OG0003735	F9C07_1079386	Afu1g15220	AN0864	An01g13450
OG0003736	F9C07_2138500	Afu1g15230	AN0863	An01g13410
OG0003737	F9C07_1221	Afu1g15240	AN0862	An01g13400
OG0003738	F9C07_1223	Afu1g15250	AN0861	An01g13390
OG0003739	F9C07_1225	Afu1g15270	AN0858	An01g13350
OG0003740	F9C07_1079734	Afu1g15280	AN8606	An01g13340
OG0003741	F9C07_1079136	Afu1g15120	AN0855	An01g13280
OG0003742	F9C07_2279511	Afu1g15110	AN0854	An01g13270
OG0003743	F9C07_2228041	Afu1g15090	AN0850	An01g13250
OG0003744	F9C07_1236	Afu1g15080	AN0849	An01g13240
OG0003745	F9C07_2279513	Afu1g15070	AN0848	An01g13230
OG0003746	F9C07_2279514	Afu1g15050	AN0847	An01g13220
OG0003747	F9C07_2279515	Afu1g15040	AN0846	An01g13210
OG0003748	F9C07_2279516	Afu1g15030	AN0844	An01g13200
OG0003749	F9C07_2279517	Afu1g15020	AN0843	An01g13190
OG0003750	F9C07_2279518	Afu1g15010	AN0842	An01g13170
OG0003751	F9C07_2279520	Afu4g14010, Afu6g06930	AN5737	
OG0003752	F9C07_2058167	Afu1g14990	AN10125	An01g13150
OG0003753	F9C07_1087156	Afu1g14970	AN12112	An01g13120
OG0003754	F9C07_2138586	Afu1g14960	AN0837	An01g13100
OG0003755	F9C07_1250	Afu1g14950	AN0836	An03g03460
OG0003756	F9C07_1252	Afu1g14940	AN0834	An01g13070
OG0003757	F9C07_1253	Afu1g14930	AN0833	An01g13060
OG0003758	F9C07_1087316	Afu1g14920	AN0832	An01g13040
OG0003759	F9C07_1255	Afu1g14910	AN0831	An01g13030
OG0003760	F9C07_1256	Afu1g14890	AN0829	An01g13010
OG0003761	F9C07_1258	Afu1g14870	AN0827	An01g12990
OG0003762	F9C07_1261	Afu1g14850	AN0824	An01g12960
OG0003763	F9C07_1263	Afu1g14830	AN0823	An01g12940
OG0003764	F9C07_1264	Afu1g14810	AN0822	An01g12910
OG0003765	F9C07_1265	Afu1g14800	AN0820	An01g12850
OG0003766	F9C07_1267	Afu1g14790	AN0821	An01g12820
OG0003767	F9C07_2199817	Afu3g09900	AN4998	An16g03580
OG0003768	F9C07_1089426	Afu3g09890	AN5000	An16g03550
OG0003769	F9C07_2138703	Afu3g09880	AN11773	An16g03540
OG0003770	F9C07_2228076	Afu3g09860	AN10611	An16g03530
OG0003771	F9C07_2060451	Afu3g09850	AN10621	An16g03520
OG0003772	F9C07_1274	Afu3g09830	AN5004	An16g03500
OG0003773	F9C07_1276	Afu3g09820	AN5003	An16g03490
OG0003774	F9C07_2279547	Afu3g09810	AN11774	An16g03450
OG0003775	F9C07_1282	Afu3g09790	AN11775	An16g03420
OG0003776	F9C07_1283	Afu3g09780	AN5008	An16g03410
OG0003777	F9C07_1284	Afu3g09770	AN5009	An16g03400
OG0003778	F9C07_1285	Afu3g09760	AN11776	An16g03390
OG0003779	F9C07_1286	Afu3g09750	AN5010	An16g03380
OG0003780	F9C07_2228088	Afu3g09740	AN5011	An16g03370
OG0003781	F9C07_2228090	Afu3g09720	AN3082	An16g03340
OG0003782	F9C07_1292	Afu3g09700	AN3080	An16g03320
OG0003783	F9C07_2279561	Afu3g09670	AN3075	An16g03290
OG0003784	F9C07_1299	Afu3g09640	AN3074	An16g03190
OG0003785	F9C07_2279568	Afu3g09620	AN3072	An16g03120
OG0003786	F9C07_1305	Afu3g09610	AN3071	An16g03110
OG0003787	F9C07_1306	Afu3g09590	AN3070	An16g03100
OG0003788	F9C07_1307	Afu3g09600	AN10352	An16g03090
OG0003789	F9C07_1308	Afu3g09580	AN10364	An16g03080
OG0003790	F9C07_1309	Afu3g09570	AN3068	An16g03070
OG0003791	F9C07_1310	Afu3g09560	AN3067	An16g03060
OG0003792	F9C07_1311	Afu3g09550	AN3065	An16g03050
OG0003793	F9C07_1314	Afu3g09390	AN3064	An16g03040
OG0003794	F9C07_2279576	Afu3g09380	AN3063	An16g03030
OG0003795	F9C07_2228111	Afu3g09370	AN3062	An16g03020
OG0003796	F9C07_1317	Afu3g09360	AN3061	An16g03010
OG0003797	F9C07_1318	Afu3g09350	AN3060	An16g03000
OG0003798	F9C07_1319	Afu3g09290	AN3059	An16g02990
OG0003799	F9C07_1320	Afu3g09300	AN11704	An16g02980
OG0003800	F9C07_1322	Afu3g09330	AN3057	An16g02960
OG0003801	F9C07_2279582	Afu3g09340	AN3056	An16g02950
OG0003802	F9C07_2279583	Afu3g09280	AN3055	An16g02940
OG0003803	F9C07_1092618, F9C07_2070857	Afu3g09240		An11g10300
OG0003804	F9C07_2279604	Afu6g13400	AN6362	An05g01180
OG0003805	F9C07_2228147	Afu3g09130	AN3050	An16g02700
OG0003806	F9C07_2199858	Afu3g09100	AN3040	An16g02670
OG0003807	F9C07_1096028	Afu3g09080	AN3038	An16g02650
OG0003808	F9C07_1362	Afu3g08920	AN3021	An16g02420
OG0003809	F9C07_1363	Afu3g08900	AN3022	An16g02430
OG0003810	F9C07_2228157	Afu3g08870	AN3023	An16g02440
OG0003811	F9C07_2228159	Afu3g08880	AN3024	An16g02450
OG0003812	F9C07_1370	Afu3g08840	AN3026	An16g02460
OG0003813	F9C07_2279623	Afu3g08850	AN3027	An16g02470
OG0003814	F9C07_1372	Afu3g08860	AN3028	An16g02480
OG0003815	F9C07_1373	Afu3g08970	AN3029	An16g02490
OG0003816	F9C07_1376	Afu3g09020	AN3033	An16g02550
OG0003817	F9C07_1377	Afu3g09030	AN3034	An16g02570
OG0003818	F9C07_1378	Afu3g09040	AN11699	An16g02580
OG0003819	F9C07_2279630	Afu3g09050	AN3035	An16g02590
OG0003820	F9C07_2279639	Afu6g11520	AN12156	An03g06370
OG0003821	F9C07_1396	Afu3g08940	AN3019	An16g02210
OG0003822	F9C07_1096908	Afu3g08950	AN3018	An16g02200
OG0003823	F9C07_1096864	Afu3g08830	AN3016	An16g02060
OG0003824	F9C07_2279651	Afu3g08810	AN3014	An16g02090
OG0003825	F9C07_1402	Afu3g08790	AN3015	An16g02070
OG0003826	F9C07_1403	Afu3g08800	AN11696	An16g02080
OG0003827	F9C07_1405	Afu3g08820	AN3013	An16g02100
OG0003828	F9C07_2219099	Afu3g08780	AN3012	An16g02120
OG0003829	F9C07_2279654	Afu3g08770	AN3011	An16g02130
OG0003830	F9C07_2279655	Afu3g08760	AN3010	An16g02140
OG0003831	F9C07_2139219	Afu3g08750	AN3005	An16g02150
OG0003832	F9C07_1410	Afu3g08740	AN3004	An16g02160
OG0003833	F9C07_2102244	Afu3g08730	AN3003	An02g12490
OG0003834	F9C07_1412	Afu3g08720	AN3002	An02g12480
OG0003835	F9C07_1096728	Afu3g08710	AN3001	An02g12470
OG0003836	F9C07_1413	Afu3g08690	AN3000	An02g12460
OG0003837	F9C07_2279663	Afu3g08660	AN2999	An02g12430
OG0003838	F9C07_2139239	Afu3g08650	AN2998	An02g12420
OG0003839	F9C07_2279665	Afu3g08630	AN2996	An02g12390
OG0003840	F9C07_1423	Afu3g08620	AN2995	An02g12360
OG0003841	F9C07_2102257	Afu3g08610	AN2993	An02g12330
OG0003842	F9C07_1427	Afu3g08600	AN2992	An02g12320
OG0003843	F9C07_1360682, F9C07_1431		AN6929	An12g05700
OG0003844	F9C07_2279676	Afu3g08560	AN2988	An02g12260
OG0003845	F9C07_1435	Afu3g08550	AN2987	An02g12250
OG0003846	F9C07_1436	Afu3g08540	AN2986	An02g12230
OG0003847	F9C07_2279680	Afu3g08520	AN2984	An02g12210
OG0003848	F9C07_2279681	Afu3g08500	AN2983	An02g12170
OG0003849	F9C07_1098447	Afu3g08480	AN2982	An02g12160
OG0003850	F9C07_1441	Afu3g08470	AN2981	An02g12140
OG0003851	F9C07_1442	Afu3g08460	AN2980	An02g12120
OG0003852	F9C07_1443	Afu3g08450	AN2979	An02g12090
OG0003853	F9C07_1444	Afu3g08440	AN2978	An02g12080
OG0003854	F9C07_1446	Afu3g08420	AN2976	An02g12060
OG0003855	F9C07_1447	Afu3g08410	AN2975	An02g12050
OG0003856	F9C07_1448	Afu3g08400	AN2973	An02g12040
OG0003857	F9C07_2199896	Afu3g08390	AN2967	An02g12030
OG0003858	F9C07_1451	Afu3g08370	AN11693	An02g12000
OG0003859	F9C07_2228238	Afu3g08350	AN11694	An02g11990
OG0003860	F9C07_2228239	Afu3g08300	AN2969	An02g11980
OG0003861	F9C07_2279693	Afu3g08330	AN2972	An02g11960
OG0003862	F9C07_1456	Afu3g08340	AN10363	An02g11950
OG0003863	F9C07_1458	Afu3g08280	AN2965	An02g11920
OG0003864	F9C07_1461	Afu3g08270	AN2964	An02g11910
OG0003865	F9C07_2279700	Afu3g08260	AN2963	An02g11900
OG0003866	F9C07_1465	Afu3g08220	AN2938	An02g11790
OG0003867	F9C07_1466	Afu3g08230	AN2939	An02g11800
OG0003868	F9C07_1101404	Afu3g08240	AN2940	An02g11810
OG0003869	F9C07_2228256	Afu3g08200	AN2936	An02g11720
OG0003870	F9C07_1470	Afu3g08190	AN2935	An02g11710
OG0003871	F9C07_1098523	Afu3g08180	AN2934	An02g11700
OG0003872	F9C07_1472	Afu3g08170	AN2933	An02g11690
OG0003873	F9C07_2228261	Afu3g08150	AN2931	An02g11670
OG0003874	F9C07_1099459	Afu3g08140	AN2930	An02g11660
OG0003875	F9C07_1476	Afu3g08130	AN10374	An02g11650
OG0003876	F9C07_1477	Afu3g08120	AN10349	An02g11630
OG0003877	F9C07_2279713	Afu3g08110	AN2928	An02g11620
OG0003878	F9C07_1479	Afu3g08100	AN2927	An02g11590
OG0003879	F9C07_1484	Afu3g08080	AN11691	An02g11570
OG0003880	F9C07_1488	Afu3g08050	AN2944	An02g11480
OG0003881	F9C07_1490	Afu3g08040	AN10362	An02g11470
OG0003882	F9C07_1491	Afu3g08030	AN10361	An02g11460
OG0003883	F9C07_1106307	Afu3g08020	AN10350	An02g11440
OG0003884	F9C07_1495	Afu3g07850	AN2946	An02g11420
OG0003885	F9C07_2279725	Afu3g07870	AN2954	An02g11390
OG0003886	F9C07_2279729	Afu3g07920	AN2949	An02g11300
OG0003887	F9C07_1107016	Afu3g07940	AN2947	An02g11290
OG0003888	F9C07_2279732	Afu3g07945	AN10371	An16g01930
OG0003889	F9C07_1106490	Afu3g07970	AN2961	An16g01970
OG0003890	F9C07_1509	Afu3g07980	AN10370	An16g01990
OG0003891	F9C07_2139633	Afu3g08000	AN2925	An16g02010
OG0003892	F9C07_2279741	Afu3g08010	AN2919	An16g02040
OG0003893	F9C07_2279742	Afu5g08610	AN4714	An03g03000
OG0003894	F9C07_1515	Afu2g03760	AN3810	An07g08370
OG0003895	F9C07_1516	Afu2g03770	AN3809	An07g08360
OG0003896	F9C07_1108718	Afu2g03780	AN3808	An07g08350
OG0003897	F9C07_1518	Afu2g03790	AN3807	An07g08340
OG0003898	F9C07_1519	Afu2g03810	AN3806	An07g08380
OG0003899	F9C07_1522	Afu2g03840	AN3803	An07g08430
OG0003900	F9C07_1523	Afu2g03850	AN3802	An07g08470
OG0003901	F9C07_1525	Afu2g03860	AN3799	An01g06690
OG0003902	F9C07_1526	Afu2g03870	AN8343	An01g06670
OG0003903	F9C07_2228310	Afu2g03880	AN3798	An01g06660
OG0003904	F9C07_1108626	Afu2g03910	AN3797	An07g08490
OG0003905	F9C07_1530	Afu2g03920	AN3795	An07g08520
OG0003906	F9C07_2060636	Afu2g03930	AN3794	An07g08590
OG0003907	F9C07_1533	Afu2g03950	AN3793	An07g08600
OG0003908	F9C07_1535	Afu2g03955	AN3788	An07g08620
OG0003909	F9C07_2139774	Afu2g03970	AN3789	An07g08630
OG0003910	F9C07_1539	Afu2g04000	AN3787	An07g08690
OG0003911	F9C07_1543	Afu2g04030	AN3785	An07g08730
OG0003912	F9C07_2279766	Afu2g04040	AN5230	An07g08740
OG0003913	F9C07_2279767	Afu2g04050	AN5229	An07g08750
OG0003914	F9C07_1552	Afu2g04110	AN5224	An07g08830
OG0003915	F9C07_2228332	Afu2g04120	AN5223	An07g08840
OG0003916	F9C07_2279774	Afu2g04130	AN5222	An07g08850
OG0003917	F9C07_2228334	Afu2g04140	AN5221	An07g08860
OG0003918	F9C07_1556, F9C07_7503	Afu3g14665		An04g09490
OG0003919	F9C07_2279776	Afu2g04150	AN5220	An07g08870
OG0003920	F9C07_1559	Afu6g07530	AN5218	An07g08880
OG0003921	F9C07_2279780	Afu6g07500	AN5216	An03g02890
OG0003922	F9C07_1112652	Afu6g07490	AN5215	An07g08900
OG0003923	F9C07_2215416, F9C07_2228341, F9C07_2285036			An06g00430
OG0003924	F9C07_2279786	Afu6g07460	AN5212	An07g08970
OG0003925	F9C07_1568	Afu6g07430	AN5210	An07g08990
OG0003926	F9C07_2199953	Afu6g07420	AN5209	An07g09010
OG0003927	F9C07_2058219	Afu6g07410	AN5208	An07g09020
OG0003928	F9C07_1115923	Afu6g07400	AN5207	An09g01160
OG0003929	F9C07_1573	Afu6g07390	AN5206	An15g02490
OG0003930	F9C07_2058659	Afu6g07380	AN5205	An07g09040
OG0003931	F9C07_1576	Afu6g07370	AN5204	An07g09060
OG0003932	F9C07_1577	Afu6g07360	AN5203	An07g09070
OG0003933	F9C07_1578, F9C07_2108266, F9C07_2285210		AN11081	
OG0003934	F9C07_1116993	Afu6g07350	AN5201	An07g09090
OG0003935	F9C07_2279798	Afu6g07320	AN5198	An07g09130
OG0003936	F9C07_2083896	Afu6g07310	AN5197	An07g09140
OG0003937	F9C07_1583	Afu6g07300	AN5196	An07g09150
OG0003938	F9C07_2279802	Afu6g07280	AN5194	An07g09170
OG0003939	F9C07_1584	Afu6g07290	AN5195	An07g09160
OG0003940	F9C07_1587	Afu6g07270	AN5192	An07g09190
OG0003941	F9C07_1589	Afu6g07250	AN5191	An07g09220
OG0003942	F9C07_1592	Afu6g07220	AN10642	An07g09240
OG0003943	F9C07_1593	Afu6g07210	AN5148	An07g09250
OG0003944	F9C07_1594	Afu6g07200	AN5149	An07g09260
OG0003945	F9C07_1595	Afu6g07180	AN10639	An07g09270
OG0003946	F9C07_1597	Afu6g07160	AN5151	An07g09280
OG0003947	F9C07_1116410	Afu1g09400	AN1349	An08g00940
OG0003948	F9C07_1600	Afu1g09380	AN1350	An08g00920
OG0003949	F9C07_2279815	Afu1g09370	AN1351	An08g00910
OG0003950	F9C07_1117053	Afu1g09360	AN1352	An08g00900
OG0003951	F9C07_2279817	Afu1g09350	AN1353	An08g00890
OG0003952	F9C07_2240624	Afu1g09330	AN10182	An08g00880
OG0003953	F9C07_2279819	Afu1g09320	AN1354	An08g00870
OG0003954	F9C07_1118049	Afu1g09310	AN1355	An08g00860
OG0003955	F9C07_1607	Afu1g09300	AN1356	An08g00850
OG0003956	F9C07_2102428	Afu1g09280	AN1358	An08g00830
OG0003957	F9C07_2279823	Afu1g09070	AN1374	An08g00580
OG0003958	F9C07_2279824	Afu1g09080	AN12428	An08g00590
OG0003959	F9C07_2279825	Afu1g09090	AN9464	An08g00600
OG0003960	F9C07_1615	Afu1g09100	AN9465	An08g00610
OG0003961	F9C07_1616	Afu1g09110	AN12429	An08g00620
OG0003962	F9C07_1120971	Afu1g09130	AN12485	An08g00640
OG0003963	F9C07_2228394	Afu1g09140	AN1373	An08g00660
OG0003964	F9C07_1120968	Afu1g09150	AN1372	An08g00670
OG0003965	F9C07_2058867	Afu1g09160	AN1371	An08g00680
OG0003966	F9C07_1121017	Afu1g09170	AN1370	An08g00690
OG0003967	F9C07_1622	Afu1g09180	AN1369	An08g00700
OG0003968	F9C07_2279834	Afu1g09190	AN1368	An08g00710
OG0003969	F9C07_1624	Afu1g09200	AN1367	An08g00720
OG0003970	F9C07_1625	Afu1g09210	AN1366	An08g00730
OG0003971	F9C07_1626	Afu1g09220	AN1365	An08g00740
OG0003972	F9C07_1627	Afu1g09230	AN1364	An08g00750
OG0003973	F9C07_2279839	Afu1g09250	AN1362	An08g00770
OG0003974	F9C07_1631	Afu1g09270	AN1359	An08g00800
OG0003975	F9C07_2250421	Afu1g09060	AN1375	An08g00570
OG0003976	F9C07_2279843	Afu1g09040	AN1377	An08g00550
OG0003977	F9C07_2061608	Afu1g09050	AN1376	An08g00560
OG0003978	F9C07_1635	Afu1g09030	AN1378	An08g00540
OG0003979	F9C07_2279846	Afu1g09020	AN1379	An08g00520
OG0003980	F9C07_2279847	Afu1g09000	AN1381	An08g00500
OG0003981	F9C07_1640	Afu1g08980	AN4178	An08g00480
OG0003982	F9C07_1641	Afu1g08970	AN1382	An08g00470
OG0003983	F9C07_1643	Afu1g08960	AN1383	An08g00450
OG0003984	F9C07_2200006	Afu1g08940	AN10184	An08g00430
OG0003985	F9C07_2059976	Afu1g08930	AN1385	An08g00420
OG0003986	F9C07_1647	Afu1g08920	AN1386	An08g00410
OG0003987	F9C07_1648	Afu1g08900	AN10185	An08g00400
OG0003988	F9C07_2058195	Afu1g08870	AN1391	An08g00360
OG0003989	F9C07_2279857	Afu1g08860	AN1387	An08g00340
OG0003990	F9C07_2228428	Afu1g08850	AN1394	An08g00310
OG0003991	F9C07_1656	Afu1g08830	AN10186	An08g00290
OG0003992	F9C07_2060290	Afu1g08820	AN3771	An08g00280
OG0003993	F9C07_1659	Afu1g08810	AN1396	An08g00210
OG0003994	F9C07_1123171	Afu1g08800	AN1397	An08g00180
OG0003995	F9C07_2228435	Afu1g08795	AN1399	An08g00090
OG0003996	F9C07_1663	Afu1g08790	AN1401	An08g00070
OG0003997	F9C07_1664	Afu1g08767	AN1402	An08g00025
OG0003998	F9C07_1124850	Afu1g08760	AN1403	An08g00010
OG0003999	F9C07_2279867	Afu5g05450	AN8870	An17g02390
OG0004000	F9C07_1125322	Afu5g05470	AN11130	An17g02360
OG0004001	F9C07_10792	Afu5g05480	AN8868	An17g02350
OG0004002	F9C07_2279870	Afu5g05490	AN8867	An17g02340
OG0004003	F9C07_2140478	Afu5g05510	AN8865	An17g02320
OG0004004	F9C07_2279873	Afu5g05520	AN8864	An17g02310
OG0004005	F9C07_2228454	Afu5g05550	AN8862	An17g02290
OG0004006	F9C07_1125923	Afu5g05570	AN8860	An17g02286
OG0004007	F9C07_2140533	Afu5g05580	AN11632	An17g02284
OG0004008	F9C07_1126508	Afu5g05600	AN8858	An17g02270
OG0004009	F9C07_10804	Afu5g05610	AN8857	An17g02250
OG0004010	F9C07_2279882	Afu5g05630	AN8856	An17g02240
OG0004011	F9C07_2279883	Afu5g05670	AN8854	An17g02220
OG0004012	F9C07_10807	Afu5g05660	AN8855	An17g02230
OG0004013	F9C07_2279884	Afu5g05680	AN8853	An17g02210
OG0004014	F9C07_10810	Afu5g05690	AN11135	An17g02200
OG0004015	F9C07_10811	Afu5g05700	AN11129	An17g02190
OG0004016	F9C07_10812	Afu5g05710	AN8851	An17g02170
OG0004017	F9C07_10813	Afu5g05720	AN8850	An17g02160
OG0004018	F9C07_1127769	Afu5g05730	AN8849	An17g02150
OG0004019	F9C07_10816	Afu5g05760	AN8847	An17g02130
OG0004020	F9C07_1127889	Afu5g05770	AN8846	An17g02120
OG0004021	F9C07_1128425	Afu5g05780	AN8845	An17g02110
OG0004022	F9C07_10819	Afu5g05790	AN8844	An17g02100
OG0004023	F9C07_2279896	Afu5g05820	AN8843	An17g02090
OG0004024	F9C07_10822	Afu5g05830	AN11138	An17g02080
OG0004025	F9C07_2228478	Afu5g05850	AN8841	An17g02070
OG0004026	F9C07_1128104	Afu5g05860	AN8839	An17g02060
OG0004027	F9C07_2279899	Afu5g05870	AN11128	An17g02040
OG0004028	F9C07_2140609	Afu5g05880	AN11126	An17g02030
OG0004029	F9C07_2057928	Afu5g05890	AN8837	An17g02020
OG0004030	F9C07_2060152	Afu5g05900	AN8836	An17g02010
OG0004031	F9C07_2140617	Afu5g05930	AN8834	An17g01975
OG0004032	F9C07_1129686	Afu5g05940	AN8832	An17g01955
OG0004033	F9C07_10833	Afu5g05950	AN8831	An17g01945
OG0004034	F9C07_2279906	Afu2g14330	AN8829	An17g01885
OG0004035	F9C07_2228492	Afu5g05970	AN8828	An17g01875
OG0004036	F9C07_10838	Afu5g05980	AN8827	An17g01865
OG0004037	F9C07_2279909	Afu5g05990	AN8826	An17g01855
OG0004038	F9C07_2060363	Afu5g06000	AN8825	An17g01825
OG0004039	F9C07_10841	Afu5g06010	AN8824	An17g01815
OG0004040	F9C07_2279912	Afu5g06020	AN8823	An17g01805
OG0004041	F9C07_2140696	Afu5g06030	AN2305	An17g01795
OG0004042	F9C07_10849	Afu5g06100	AN2298	An17g01740
OG0004043	F9C07_2240724	Afu5g06110	AN2297	An17g01730
OG0004044	F9C07_1130590	Afu5g06120	AN2296	An17g01720
OG0004045	F9C07_10853	Afu5g06130	AN2295	An17g01670
OG0004046	F9C07_10854	Afu5g06140	AN2294	An17g01660
OG0004047	F9C07_10856	Afu5g06150	AN11332	An17g01650
OG0004048	F9C07_2102545	Afu5g06170	AN2292	An17g01630
OG0004049	F9C07_2279923	Afu5g06190	AN2290	An17g01580
OG0004050	F9C07_2279925	Afu5g06220	AN2288	An17g01550
OG0004051	F9C07_2279927	Afu5g06260	AN2285	An17g01490
OG0004052	F9C07_2279928	Afu5g06270	AN2284	An17g01480
OG0004053	F9C07_2279929	Afu5g06280	AN2283	An17g01470
OG0004054	F9C07_1133277	Afu5g06300	AN2281	An17g01440
OG0004055	F9C07_10867	Afu5g06310	AN2280	An17g01430
OG0004056	F9C07_10868	Afu5g06320	AN2279	An17g01420
OG0004057	F9C07_2279933	Afu5g06330	AN2278	An17g01410
OG0004058	F9C07_2140776	Afu5g06340	AN2277	An17g01390
OG0004059	F9C07_10873	Afu5g06360	AN2275	An17g01360
OG0004060	F9C07_2279937	Afu5g06370	AN2274	An17g01350
OG0004061	F9C07_2228528	Afu5g06380	AN2273	An17g01340
OG0004062	F9C07_10876	Afu5g06390	AN2272	An17g01330
OG0004063	F9C07_2228530	Afu5g06400	AN2271	An17g01320
OG0004064	F9C07_2200084	Afu5g06410	AN2270	An17g01300
OG0004065	F9C07_2140789	Afu5g06420	AN2269	An17g01280
OG0004066	F9C07_2279941	Afu5g06430	AN2268	An17g01270
OG0004067	F9C07_1134545	Afu5g06440	AN2267	An17g01260
OG0004068	F9C07_10883	Afu5g06450	AN2266	An17g01250
OG0004069	F9C07_2279944	Afu5g06460	AN3900	An03g03350
OG0004070	F9C07_10891, F9C07_1448208	Afu3g13550		An03g00880
OG0004071	F9C07_2140828	Afu5g06470	AN2265	An17g01180
OG0004072	F9C07_2140841	Afu5g06480	AN12337	An17g01170
OG0004073	F9C07_10893	Afu5g06490	AN12336	An17g01160
OG0004074	F9C07_10895	Afu5g06510	AN2263	An17g01140
OG0004075	F9C07_10896	Afu5g06520	AN2262	An17g01130
OG0004076	F9C07_10900	Afu6g03670	AN6643	An15g02000
OG0004077	F9C07_10901	Afu6g03660	AN6644	An15g01990
OG0004078	F9C07_10902	Afu6g03640	AN6645	An15g01980
OG0004079	F9C07_1135020, F9C07_2235144			An04g08000, An19g00010
OG0004080	F9C07_10907	Afu6g03630	AN6649	An15g01950
OG0004081	F9C07_2228560	Afu6g03600		An03g06280, An15g01930
OG0004082	F9C07_10915	Afu1g11020	AN4336	An16g01710
OG0004083	F9C07_2141016	Afu1g11000	AN10543	An16g01640
OG0004084	F9C07_10921	Afu6g03590	AN6650	An15g01920
OG0004085	F9C07_2279977	Afu6g03580	AN6651	An15g01910
OG0004086	F9C07_10928, F9C07_2218031	Afu8g00390		An11g08080
OG0004087	F9C07_2279984	Afu6g03540	AN6653	An15g01860
OG0004088	F9C07_1137405	Afu6g03570	AN6652	An15g01890
OG0004089	F9C07_10939	Afu6g03400	AN6657	An15g02040
OG0004090	F9C07_2141166	Afu5g00820, Afu6g14570	AN5500	
OG0004091	F9C07_2104432, F9C07_2141167			An01g15180, An02g00310
OG0004092	F9C07_2279997	Afu4g00560	AN7156	An03g05240
OG0004093	F9C07_10962	Afu8g06050	AN8521	An16g04210
OG0004094	F9C07_10963	Afu6g01820	AN6934	An12g09600
OG0004095	F9C07_10966	Afu6g01860	AN1577	An12g09270
OG0004096	F9C07_2228610	Afu6g01910	AN12029	An12g09190
OG0004097	F9C07_2228612		AN5036	An01g01160, An04g02360
OG0004098	F9C07_2102659, F9C07_9373	Afu6g02000		An12g08950
OG0004099	F9C07_1140659	Afu6g01970	AN8667	An12g08960
OG0004100	F9C07_2280022	Afu6g01960	AN8666	An12g09020
OG0004101	F9C07_2280024	Afu6g01950	AN7099	An12g09120
OG0004102	F9C07_2228620	Afu6g01940	AN8664	An12g09130
OG0004103	F9C07_1141113	Afu6g02010	AN11246	An12g08890
OG0004104	F9C07_10986	Afu6g02020	AN9500	An12g08900
OG0004105	F9C07_2141346	Afu1g05960	AN10522	An18g03780
OG0004106	F9C07_10991	Afu1g05980	AN4201	An18g03800
OG0004107	F9C07_2280032	Afu1g05990	AN4202	An18g03810
OG0004108	F9C07_1142143	Afu1g06000	AN10532	An18g03830
OG0004109	F9C07_10996	Afu1g06020	AN4206	An18g03870
OG0004110	F9C07_2280037	Afu1g06030	AN4207	An01g02600
OG0004111	F9C07_10998	Afu1g06040	AN4208	An18g04660
OG0004112	F9C07_10999	Afu1g06050	AN4209	An18g04670
OG0004113	F9C07_2280040	Afu1g06060	AN4210	An18g04690
OG0004114	F9C07_2141378	Afu1g06071	AN12104	An18g04730
OG0004115	F9C07_1142927	Afu1g06080	AN12105	An18g04750
OG0004116	F9C07_2280043	Afu1g06090	AN4214	An18g04780
OG0004117	F9C07_11004	Afu1g06100	AN4215	An18g04790
OG0004118	F9C07_1143005	Afu1g06130	AN10277	An18g04800
OG0004119	F9C07_11010	Afu4g12530	AN3681	An01g08010
OG0004120	F9C07_11013	Afu4g12500	AN3680	An01g07980
OG0004121	F9C07_1824465, F9C07_2102698			An11g07910, An18g04450
OG0004122	F9C07_11015	Afu4g12490	AN3678	An01g07920
OG0004123	F9C07_1143728	Afu4g12480	AN3677	An01g07910
OG0004124	F9C07_2209660	Afu4g12470	AN3675	An01g07900
OG0004125	F9C07_11019	Afu4g12450	AN3674	An01g07870
OG0004126	F9C07_1143848	Afu4g12440	AN3665	An01g07860
OG0004127	F9C07_1143772	Afu4g12430	AN3666	An01g07850
OG0004128	F9C07_2280059	Afu4g12410	AN3667	An01g07830
OG0004129	F9C07_2280060	Afu4g12400	AN3668	An01g07820
OG0004130	F9C07_11025	Afu4g12390	AN3669	An01g07810
OG0004131	F9C07_11026	Afu4g12380	AN3670	An01g07790
OG0004132	F9C07_1145312	Afu4g12370	AN3671	An01g07770
OG0004133	F9C07_11029	Afu4g12360	AN3673	An01g07750
OG0004134	F9C07_11034	Afu4g12340	AN3663	An01g07650
OG0004135	F9C07_1145622	Afu4g12330	AN10452	An01g07640
OG0004136	F9C07_2141529	Afu4g12310	AN10434	An01g07600
OG0004137	F9C07_1145664	Afu4g12290	AN11722	An01g07590
OG0004138	F9C07_11041	Afu4g12280	AN10451	An01g07580
OG0004139	F9C07_1145602	Afu4g12270	AN3659	An01g07550
OG0004140	F9C07_2280080	Afu4g12250	AN3657	An01g07520
OG0004141	F9C07_11046	Afu4g12220	AN3655	An01g07500
OG0004142	F9C07_1145901	Afu4g12200	AN3652	An01g07470
OG0004143	F9C07_2280084	Afu1g03590	AN4053	An18g04110
OG0004144	F9C07_1145913	Afu4g12190	AN3651	An01g07460
OG0004145	F9C07_11051	Afu1g03580	AN7960	An18g04120
OG0004146	F9C07_11054	Afu1g03560	AN4056	An18g04150
OG0004147	F9C07_11055	Afu1g03550	AN4058	An18g04160
OG0004148	F9C07_11056	Afu1g03540	AN4057	An18g04170
OG0004149	F9C07_11057	Afu1g05340	AN4060	An18g04180
OG0004150	F9C07_11058	Afu1g05350	AN4061	An18g04190
OG0004151	F9C07_11060	Afu1g05370	AN4062	An18g04210
OG0004152	F9C07_11061	Afu1g05390	AN4064	An18g04220
OG0004153	F9C07_2228693	Afu1g05410	AN4065	An18g04230
OG0004154	F9C07_2228694	Afu1g05420	AN4066	An18g04240
OG0004155	F9C07_11066	Afu1g05430	AN4067	An18g04250
OG0004156	F9C07_11067	Afu1g05440	AN4068	An18g04260
OG0004157	F9C07_1146974	Afu1g05450	AN4069	An18g04270
OG0004158	F9C07_11069	Afu1g05460	AN4070	An18g04280
OG0004159	F9C07_11070	Afu1g05470	AN4071	An18g04290
OG0004160	F9C07_2141618	Afu1g05490	AN4072	An18g04300
OG0004161	F9C07_2280103	Afu1g05500	AN4073	An18g04310
OG0004162	F9C07_1146757	Afu1g05510	AN4074	An18g04320
OG0004163	F9C07_2228703	Afu1g05530	AN4075	An18g04340
OG0004164	F9C07_2228704	Afu1g05540	AN4076	An18g04350
OG0004165	F9C07_2280108	Afu1g05550	AN4077	An18g04363
OG0004166	F9C07_11080	Afu1g05560	AN4080	An18g04400
OG0004167	F9C07_11082	Afu1g05595	AN4084	An18g04440
OG0004168	F9C07_2280112	Afu1g05610	AN4085	An18g03290
OG0004169	F9C07_1147610	Afu1g05620	AN4086	An18g03300
OG0004170	F9C07_11086	Afu1g05630	AN4087	An18g03310
OG0004171	F9C07_2280116	Afu1g05640	AN12322	An18g03320
OG0004172	F9C07_2059001	Afu1g05655	AN12324	An18g03340
OG0004173	F9C07_2280120	Afu1g05670	AN12461	An18g03360
OG0004174	F9C07_11092	Afu1g05660	AN9533	An18g03350
OG0004175	F9C07_2280121	Afu1g05680	AN4088	An18g03430
OG0004176	F9C07_2060132	Afu1g05690	AN4089	An18g03450
OG0004177	F9C07_1148451	Afu1g05700	AN4090	An18g03460
OG0004178	F9C07_11098	Afu1g05710	AN4093	An18g03470
OG0004179	F9C07_11100	Afu1g05730	AN4095	An18g03490
OG0004180	F9C07_11101	Afu1g05740	AN4096	An18g03530
OG0004181	F9C07_2102782	Afu1g05745	AN12094	An18g03540
OG0004182	F9C07_11105	Afu1g05770	AN4102	An18g03570
OG0004183	F9C07_2228735	Afu1g05870	AN10511	An18g03580
OG0004184	F9C07_2059989	Afu1g05860	AN4104	An18g03590
OG0004185	F9C07_2058892	Afu1g05850	AN4105	An18g03600
OG0004186	F9C07_11111	Afu1g05840	AN4112	An18g03610
OG0004187	F9C07_2141898	Afu1g05830	AN4187	An18g03770
OG0004188	F9C07_2280140	Afu1g05810	AN4188	An18g03755
OG0004189	F9C07_2280141	Afu1g05800	AN4189	An18g03740
OG0004190	F9C07_11116	Afu1g05790	AN4190	An18g03730
OG0004191	F9C07_11117	Afu1g05780	AN4191	An18g03720
OG0004192	F9C07_2280144	Afu1g05900	AN4192	An18g03700
OG0004193	F9C07_2141934	Afu4g12550	AN10436	An01g08040
OG0004194	F9C07_2280149	Afu4g12560	AN3683	An01g08050
OG0004195	F9C07_1153812	Afu4g12570	AN3684	An01g08060
OG0004196	F9C07_11127	Afu4g12590	AN3627	An01g08080
OG0004197	F9C07_11128	Afu4g12600	AN3626	An01g08090
OG0004198	F9C07_11129	Afu4g12610	AN3625	An01g08100
OG0004199	F9C07_11130	Afu4g12620	AN3624	An01g08110
OG0004200	F9C07_11131	Afu4g12630	AN3623	An01g08120
OG0004201	F9C07_1153971	Afu4g12640	AN3622	An01g08130
OG0004202	F9C07_11134	Afu4g12670	AN3620	An01g08170
OG0004203	F9C07_11139	Afu4g12910	AN3587	An01g08470
OG0004204	F9C07_11141	Afu4g12900	AN3588	An01g08460
OG0004205	F9C07_11142	Afu4g12890	AN3589	An01g08450
OG0004206	F9C07_2280164	Afu4g12850	AN3592	An01g08420
OG0004207	F9C07_2280165	Afu4g12830	AN3594	An01g08400
OG0004208	F9C07_11146	Afu4g12840	AN3593	An01g08410
OG0004209	F9C07_11148	Afu4g12810	AN3595	An01g08390
OG0004210	F9C07_11149	Afu4g12800	AN3596	An01g08380
OG0004211	F9C07_2059726	Afu4g12790	AN3597	An01g08310
OG0004212	F9C07_2142051	Afu4g12780	AN3599	An01g08300
OG0004213	F9C07_2228783	Afu4g12770	AN11716	An01g08290
OG0004214	F9C07_11153	Afu4g12760	AN3600	An01g08280
OG0004215	F9C07_11154	Afu4g12750	AN3602	An01g08240
OG0004216	F9C07_11155	Afu4g12740	AN3603	An01g08230
OG0004217	F9C07_11157	Afu4g12720	AN10446	An03g02770
OG0004218	F9C07_1155019	Afu4g12710	AN3605	An03g02780
OG0004219	F9C07_11159	Afu4g12700	AN3606	An03g02800
OG0004220	F9C07_2228791	Afu4g12690	AN3607	An01g08210
OG0004221	F9C07_11161	Afu4g12680	AN3619	An01g08180
OG0004222	F9C07_11162	Afu4g12920	AN0046	An01g08490
OG0004223	F9C07_11163	Afu4g12930	AN3586	An01g08500
OG0004224	F9C07_11164	Afu4g12940	AN3585	An01g08510
OG0004225	F9C07_11165	Afu4g12950	AN3584	An01g08520
OG0004226	F9C07_11166	Afu4g12970	AN3583	An01g08530
OG0004227	F9C07_11167	Afu4g12980	AN3582	An01g08560
OG0004228	F9C07_2280183	Afu4g12990	AN3581	An01g08570
OG0004229	F9C07_11169	Afu4g13000	AN3580	An01g08580
OG0004230	F9C07_2061944	Afu4g13010	AN3579	An01g08590
OG0004231	F9C07_11171	Afu4g13020	AN3578	An01g08600
OG0004232	F9C07_11172	Afu4g13030	AN3577	An01g08610
OG0004233	F9C07_11173	Afu4g13040	AN3576	An01g08620
OG0004234	F9C07_2250880	Afu4g13060	AN4133	An01g08710
OG0004235	F9C07_11183	Afu4g13090	AN4150	An01g08790
OG0004236	F9C07_2280198	Afu4g13120	AN4159	An01g08800
OG0004237	F9C07_1162065	Afu4g13130	AN4160	An01g08820
OG0004238	F9C07_11186	Afu4g13140	AN10510	An01g08830
OG0004239	F9C07_1162023	Afu4g13150	AN4161	An01g08840
OG0004240	F9C07_11188	Afu4g13160	AN4162	An03g03500
OG0004241	F9C07_11189	Afu4g13170	AN4163	An01g08850
OG0004242	F9C07_11190	Afu4g13180	AN4164	An01g08860
OG0004243	F9C07_2280203	Afu4g13190	AN4165	An01g08870
OG0004244	F9C07_11192	Afu4g13200	AN1940	An01g08880
OG0004245	F9C07_11193	Afu4g13210	AN1939	An01g08890
OG0004246	F9C07_11194	Afu4g13230	AN1937	An01g08900
OG0004247	F9C07_11195	Afu4g13240	AN1936	An01g08910
OG0004248	F9C07_1162398	Afu4g13250	AN1935	An01g08920
OG0004249	F9C07_2142195	Afu4g13260	AN1934	An01g08930
OG0004250	F9C07_11198	Afu4g13270	AN1933	An01g08980
OG0004251	F9C07_1162282	Afu4g13280	AN1944	An01g08990
OG0004252	F9C07_11201	Afu4g13290	AN1945	An01g09000
OG0004253	F9C07_2280214	Afu3g00960	AN6423	An16g08680
OG0004254	F9C07_2228834	Afu4g13300	AN1946	An01g09010
OG0004255	F9C07_2228836	Afu4g13320	AN1948	An01g09030
OG0004256	F9C07_11212	Afu4g13330	AN1949	An01g09040
OG0004257	F9C07_2250906	Afu4g13350	AN1951	An01g09060
OG0004258	F9C07_11216	Afu4g13380	AN1952	An01g09090
OG0004259	F9C07_11217	Afu4g13390	AN1953	An01g09100
OG0004260	F9C07_11218	Afu4g13400	AN11802	An01g09110
OG0004261	F9C07_2280225	Afu4g13410	AN1954	An01g09120
OG0004262	F9C07_2280226	Afu4g13440	AN1956	An01g09160
OG0004263	F9C07_11220	Afu4g13430	AN1955	An01g09140
OG0004264	F9C07_11222	Afu4g13450	AN1957	An01g09170
OG0004265	F9C07_2280230	Afu4g13460	AN5643	An01g09180
OG0004266	F9C07_11226	Afu4g13470	AN5642	An01g09190
OG0004267	F9C07_11228	Afu4g13490	AN5641	An01g09210
OG0004268	F9C07_11229	Afu4g13500	AN5644	An01g09260
OG0004269	F9C07_2280236	Afu4g13510	AN5634	An01g09270
OG0004270	F9C07_2060701	Afu4g13560	AN5638	An01g09320
OG0004271	F9C07_2142307	Afu4g13550	AN5637	An01g09310
OG0004272	F9C07_11234	Afu4g13530	AN5635	An01g09290
OG0004273	F9C07_11236	Afu4g13660	AN5656	An01g09350
OG0004274	F9C07_11237	Afu4g13630	AN5649	An01g09380
OG0004275	F9C07_11239	Afu4g13590	AN5657	An01g09400
OG0004276	F9C07_2280243	Afu4g13600	AN5659	An01g09410
OG0004277	F9C07_11244	Afu4g13680	AN10701	An01g09480
OG0004278	F9C07_11245	Afu4g13690	AN10712	An01g09490
OG0004279	F9C07_11246	Afu4g13700	AN5662	An01g09500
OG0004280	F9C07_11248	Afu4g13720	AN5666	An01g09520
OG0004281	F9C07_11249	Afu4g13730	AN5667	An06g01350
OG0004282	F9C07_11250	Afu4g13740	AN5668	An06g01360
OG0004283	F9C07_11253	Afu6g12270	AN10722	An06g01380
OG0004284	F9C07_11254	Afu6g12280	AN5670	An06g01390
OG0004285	F9C07_2142425	Afu6g12290	AN5671	An06g01400
OG0004286	F9C07_2280259	Afu6g12300	AN3739	An06g01440
OG0004287	F9C07_2280260	Afu6g12310	AN3738	An06g01460
OG0004288	F9C07_1166284	Afu6g12320	AN3736	An06g01470
OG0004289	F9C07_2200347	Afu6g12330	AN3737	An06g01480
OG0004290	F9C07_11262	Afu6g12340	AN3735	An06g01490
OG0004291	F9C07_2280265	Afu6g12360	AN3733	An06g01510
OG0004292	F9C07_2280266	Afu6g12370	AN3732	An06g01520
OG0004293	F9C07_11269	Afu6g12380	AN3727	An06g01530
OG0004294	F9C07_11270	Afu6g12390	AN3728	An06g01540
OG0004295	F9C07_2280269	Afu6g12400	AN3729	An06g01550
OG0004296	F9C07_11274	Afu6g12420	AN3731	An06g01580
OG0004297	F9C07_2280272	Afu6g12430	AN11730	An06g01590
OG0004298	F9C07_2280273	Afu6g12440	AN11729	An06g01600
OG0004299	F9C07_11278	Afu6g12460	AN3724	An06g01620
OG0004300	F9C07_1168830	Afu6g12470	AN10441	An06g01630
OG0004301	F9C07_2059213	Afu6g12480	AN10437	An06g01640
OG0004302	F9C07_2059939	Afu6g12490	AN3686	An06g01650
OG0004303	F9C07_2280287	Afu6g12500	AN3687	An06g01660
OG0004304	F9C07_11300	Afu3g07800	AN2915	An02g12780
OG0004305	F9C07_2084972	Afu2g00210, Afu7g06340		An01g11590
OG0004306	F9C07_1171372	Afu1g00700, Afu5g00155, Afu7g08430		
OG0004307	F9C07_2183519	Afu3g00270	AN7950	An03g05290
OG0004308	F9C07_2058489	Afu8g01890	AN8962	An02g06520
OG0004309	F9C07_1769, F9C07_2061110	Afu8g05030	AN10816	
OG0004310	F9C07_11358	Afu8g07160	AN6881	An03g01630
OG0004311	F9C07_2058557	Afu3g01020	AN11082	An13g02710
OG0004312	F9C07_11371	Afu3g01010	AN4111	An13g02700
OG0004313	F9C07_11373	Afu3g00980	AN4109	An13g02680
OG0004314	F9C07_2280366	Afu3g01340	AN8497	An15g02650
OG0004315	F9C07_11389	Afu3g01330	AN8496	An13g02780
OG0004316	F9C07_2061143	Afu3g01360	AN8499	An13g02810
OG0004317	F9C07_2280396	Afu1g12510	AN8968	An16g00440
OG0004318	F9C07_11425	Afu5g10360	AN1306	An16g00960
OG0004319	F9C07_2280415, F9C07_2284612, F9C07_9289			An09g05060
OG0004320	F9C07_4167	Afu6g14620	AN1571	An15g02300
OG0004321	F9C07_4203	Afu5g10020	AN7945	An10g00250
OG0004322	F9C07_4219	Afu7g06630	AN7773	An09g03210
OG0004323	F9C07_4226	Afu2g14520	AN2395	An02g00610
OG0004324	F9C07_2147579	Afu2g14420	AN10346	An02g00730
OG0004325	F9C07_2166380, F9C07_2281363	Afu3g01990, Afu7g01105		
OG0004326	F9C07_4269	Afu6g04970	AN10298	An02g00890
OG0004327	F9C07_1365955	Afu2g14240	AN10801	An02g01250
OG0004328	F9C07_4273	Afu2g14250	AN10809	An02g01240
OG0004329	F9C07_4274	Afu2g14260	AN6342	An02g01220
OG0004330	F9C07_4275	Afu2g14270	AN6341	An02g01210
OG0004331	F9C07_2065651	Afu2g14280	AN6340	An02g01200
OG0004332	F9C07_2147821	Afu2g14200	AN6347	An02g01290
OG0004333	F9C07_1366892	Afu2g14190	AN6348	An02g01360
OG0004334	F9C07_2066920	Afu2g14180	AN6349	An02g01370
OG0004335	F9C07_2201382, F9C07_2234872			An04g02520, An18g03890
OG0004336	F9C07_4313	Afu8g06470	AN8654	An15g02590
OG0004337	F9C07_4314, F9C07_7890		AN11086	An05g01820
OG0004338	F9C07_4320	Afu4g03585	AN7152	An14g01800
OG0004339	F9C07_4325	Afu3g01760	AN11180	An05g01480
OG0004340	F9C07_4332	Afu2g14160	AN6351	An02g01390
OG0004341	F9C07_1370173, F9C07_2104236, F9C07_2174			An01g00670
OG0004342	F9C07_4341	Afu2g14130	AN6354	An02g01420
OG0004343	F9C07_2104242	Afu3g02610, Afu4g14230	AN5284	
OG0004344	F9C07_4348	Afu3g13760	AN5362	An16g00900
OG0004345	F9C07_4351		AN5327	An02g13500, An04g07970
OG0004346	F9C07_2254031	Afu6g10800	AN6389	An11g00440
OG0004347	F9C07_2067163	Afu6g10790	AN6387	An11g00450
OG0004348	F9C07_2201426	Afu6g10770	AN9498	An11g00650
OG0004349	F9C07_4362	Afu6g10750	AN2429	An11g00630
OG0004350	F9C07_1370626	Afu6g10740	AN2430	An11g00620
OG0004351	F9C07_4364	Afu6g10730	AN2431	An11g00610
OG0004352	F9C07_2148065, F9C07_4366	Afu6g10710		An11g00590
OG0004353	F9C07_4367	Afu6g10700	AN2432	An11g00550
OG0004354	F9C07_2281470	Afu6g10690	AN2433	An11g00560
OG0004355	F9C07_2064660	Afu6g10680	AN2434	An11g00570
OG0004356	F9C07_4371	Afu6g10660	AN2435	An11g00530
OG0004357	F9C07_2185828	Afu6g10650	AN2436	An11g00510
OG0004358	F9C07_4373	Afu6g10630	AN2438	An11g00490
OG0004359	F9C07_2201440	Afu6g10620	AN2439	An11g00480
OG0004360	F9C07_2281477	Afu6g10610	AN2440	An11g00470
OG0004361	F9C07_4376	Afu6g10600	AN2441	An11g00460
OG0004362	F9C07_2281484	Afu6g10550	AN2447	An11g00740
OG0004363	F9C07_4384	Afu6g10540	AN10304	An11g00750
OG0004364	F9C07_4386	Afu6g10520	AN10308	An11g00760
OG0004365	F9C07_4387	Afu6g10510	AN2450	An11g00770
OG0004366	F9C07_1371534	Afu6g10500	AN2451	An11g00780
OG0004367	F9C07_4390	Afu6g10490	AN2452	An11g00790
OG0004368	F9C07_2148208	Afu6g10480	AN2453	An11g00800
OG0004369	F9C07_4392	Afu6g10470	AN2455	An08g11040
OG0004370	F9C07_2066848	Afu6g10380	AN2458	An11g00860
OG0004371	F9C07_2281493	Afu6g10370	AN2457	An11g00840
OG0004372	F9C07_2281494	Afu6g10360	AN2456	An11g00830
OG0004373	F9C07_2230300	Afu6g10390	AN2459	An11g00870
OG0004374	F9C07_1372792	Afu6g10400	AN2460	An11g00970
OG0004375	F9C07_4403	Afu6g10440	AN10306	An11g00910
OG0004376	F9C07_1372453	Afu6g10420	AN12236	An11g00930
OG0004377	F9C07_4406	Afu6g10410	AN12235	An11g00940
OG0004378	F9C07_2281503	Afu6g10450	AN8641	An11g00890
OG0004379	F9C07_4408	Afu6g10460	AN2464	An11g00990
OG0004380	F9C07_4412	Afu6g10340	AN2467	An11g01080
OG0004381	F9C07_2220459	Afu6g10140	AN7189	An11g01060
OG0004382	F9C07_2281520	Afu6g10260	AN7193	An11g01120
OG0004383	F9C07_4434	Afu6g10280	AN7192	An11g01180
OG0004384	F9C07_4436	Afu6g10320	AN7205	An11g01300
OG0004385	F9C07_4437	Afu6g10330	AN7206	An11g01310
OG0004386	F9C07_2281536	Afu1g06540	AN3502	An18g05600
OG0004387	F9C07_1375220	Afu1g06560	AN3504	An18g05620
OG0004388	F9C07_4449	Afu6g10090	AN9514	An11g01390
OG0004389	F9C07_2281549	Afu6g10060	AN2126	An11g05460
OG0004390	F9C07_2281553	Afu6g10030	AN2124	An11g05330
OG0004391	F9C07_4462	Afu6g10020	AN2123	An11g05320
OG0004392	F9C07_4464	Afu8g04670	AN10193	An16g08180
OG0004393	F9C07_4465	Afu8g04660	AN1475	An16g08200
OG0004394	F9C07_4466	Afu8g04650	AN11252	An16g08210
OG0004395	F9C07_4467	Afu8g04640	AN1474	An16g08220
OG0004396	F9C07_4468	Afu8g04620	AN1470	An16g08360
OG0004397	F9C07_4470	Afu8g04630	AN1472	An16g08330
OG0004398	F9C07_4471	Afu8g04610	AN1469	An16g08370
OG0004399	F9C07_1376680	Afu8g04590	AN1468	An16g08380
OG0004400	F9C07_2230367	Afu8g04580	AN1467	An16g08390
OG0004401	F9C07_2281565	Afu8g04570	AN1466	An16g08410
OG0004402	F9C07_2148665	Afu8g04520	AN1462	An16g08460
OG0004403	F9C07_2148668	Afu8g04530	AN1461	An16g08470
OG0004404	F9C07_2281572	Afu8g04510	AN1460	An16g08480
OG0004405	F9C07_4482	Afu8g04500	AN1459	An16g08490
OG0004406	F9C07_1377248	Afu8g04490	AN1458	An16g08500
OG0004407	F9C07_2211073	Afu8g04470	AN1457	An16g08510
OG0004408	F9C07_2281579	Afu3g01490	AN8552	An14g03510
OG0004409	F9C07_2201542		AN5947, AN8914	An11g05770
OG0004410	F9C07_2281581	Afu3g01450	AN8559	An13g03150
OG0004411	F9C07_2281611		AN3278, AN9265	An18g01540
OG0004412	F9C07_1379700, F9C07_9975		AN7530	An11g07875
OG0004413	F9C07_1380137, F9C07_2197788		AN10819, AN2373	
OG0004414	F9C07_1380593	Afu6g11620	AN0495	An01g11650
OG0004415	F9C07_2148919		AN3198, AN8939	An12g02380
OG0004416	F9C07_4571	Afu6g11570	AN10520	An13g01940
OG0004417	F9C07_4575	Afu6g11510	AN0502	An01g11720
OG0004418	F9C07_4577	Afu6g11490	AN10096	An01g11780
OG0004419	F9C07_2211139	Afu6g11480	AN10084	An01g11800
OG0004420	F9C07_4580	Afu6g11470	AN0504	An01g11810
OG0004421	F9C07_4581	Afu6g11460	AN0505	An01g11820
OG0004422	F9C07_11494, F9C07_2254380		AN5291	An12g01620
OG0004423	F9C07_1382775			An01g15070, An03g06510, An07g01720
OG0004424	F9C07_2104495, F9C07_6567		AN5383	An07g04335
OG0004425	F9C07_4618	Afu6g11410	AN0556	An08g07330
OG0004426	F9C07_1384503	Afu6g11400	AN0557	An08g07340
OG0004427	F9C07_4621	Afu6g11390	AN0558	An08g07350
OG0004428	F9C07_4623	Afu6g11380	AN0559	An08g07360
OG0004429	F9C07_2281687	Afu6g11370	AN0560	An08g07370
OG0004430	F9C07_2064621	Afu6g11360	AN0561	An03g03470
OG0004431	F9C07_4629	Afu6g11330	AN0564	An09g00310
OG0004432	F9C07_2065717	Afu6g11320	AN0993	An08g07400
OG0004433	F9C07_2230517	Afu6g11310	AN0565	An08g07420
OG0004434	F9C07_2281693	Afu6g11300	AN0566	An08g07460
OG0004435	F9C07_2281694	Afu6g11290	AN0572	An08g07465
OG0004436	F9C07_4634	Afu6g11270	AN0571	An08g07470
OG0004437	F9C07_2281696	Afu6g11250	AN0569	An08g07480
OG0004438	F9C07_1383853	Afu6g11220	AN0573	An08g07510
OG0004439	F9C07_2201639	Afu6g11210	AN0574	An08g07520
OG0004440	F9C07_4645	Afu6g11200	AN0575	An08g07530
OG0004441	F9C07_4646	Afu6g11190	AN0576	An08g07540
OG0004442	F9C07_1384223	Afu6g11170	AN0578	An08g07560
OG0004443	F9C07_2281708	Afu6g11140	AN0581	An08g07590
OG0004444	F9C07_4653	Afu6g11130	AN0582	An08g07600
OG0004445	F9C07_4654	Afu6g11120	AN0583	An08g07610
OG0004446	F9C07_2149282	Afu6g11110	AN0585	An08g07710
OG0004447	F9C07_4659	Afu6g11070	AN0589	An08g07790
OG0004448	F9C07_4660	Afu6g11060	AN0590	An08g07800
OG0004449	F9C07_2104540	Afu6g11040	AN0591	An08g07810
OG0004450	F9C07_4665	Afu6g11030	AN0592	An08g07820
OG0004451	F9C07_2281721	Afu6g11010	AN0594	An08g07870
OG0004452	F9C07_4669	Afu6g10990	AN0595	An08g07840
OG0004453	F9C07_1386694	Afu6g10980	AN0596	An08g07830
OG0004454	F9C07_4671	Afu6g10970	AN0597	An08g07940
OG0004455	F9C07_1386696	Afu6g10965	AN0598	An08g07950
OG0004456	F9C07_4673	Afu6g10940	AN0600	An06g01260
OG0004457	F9C07_2281727	Afu6g10900	AN0604	An06g01270
OG0004458	F9C07_4680	Afu1g17170	AN11090	An01g09560
OG0004459	F9C07_2065703, F9C07_9272			An02g01350, An13g02360
OG0004460	F9C07_4719	Afu1g14250, Afu3g07540		An09g04840
OG0004461	F9C07_2281766	Afu1g17110	AN0623	An01g09620
OG0004462	F9C07_4723	Afu1g17100	AN0624	An01g09630
OG0004463	F9C07_4724	Afu1g17090	AN0625	An01g09640
OG0004464	F9C07_4725	Afu1g17070	AN0627	An01g09650
OG0004465	F9C07_4727	Afu1g17040	AN0628	An01g09780
OG0004466	F9C07_2230615	Afu4g09520	AN8488	An04g08480
OG0004467	F9C07_2281780	Afu3g13610, Afu7g06260	AN2351	
OG0004468	F9C07_4744	Afu4g09340	AN11882	An04g08210
OG0004469	F9C07_4747	Afu4g09360	AN1624	An04g08190
OG0004470	F9C07_2149616, F9C07_2276716	Afu4g09330		An04g08160
OG0004471	F9C07_1389851	Afu4g09230	AN1610	An04g10240
OG0004472	F9C07_2230645	Afu4g09180	AN0219	An01g01800
OG0004473	F9C07_4771	Afu4g09190	AN1614	An04g04210
OG0004474	F9C07_1390452	Afu4g09200	AN1613	An04g04230
OG0004475	F9C07_2149740	Afu4g09210	AN1612	An04g04240
OG0004476	F9C07_4778	Afu4g09130	AN1811	An04g04110
OG0004477	F9C07_2281812	Afu4g09120	AN1629	An04g04100
OG0004478	F9C07_2281813	Afu4g09010	AN1635	An04g03910
OG0004479	F9C07_4781	Afu4g09000	AN1636	An04g03900
OG0004480	F9C07_1390665	Afu4g08980	AN1633	An04g03880
OG0004481	F9C07_2230658	Afu4g08970	AN1671	An04g03870
OG0004482	F9C07_4786	Afu4g08910	AN1669	An04g03820
OG0004483	F9C07_4787	Afu4g08900	AN1668	An04g03810
OG0004484	F9C07_4788	Afu4g08940	AN1667	An04g03800
OG0004485	F9C07_4789	Afu4g08930	AN1666	An04g03790
OG0004486	F9C07_4790	Afu4g08920	AN1665	An04g03780
OG0004487	F9C07_2087963	Afu4g09020	AN1634	An04g03920
OG0004488	F9C07_1391412	Afu4g09030	AN1638	An04g03930
OG0004489	F9C07_2281825	Afu4g09040	AN1631	An04g03940
OG0004490	F9C07_2149822	Afu4g09050	AN1632	An04g03950
OG0004491	F9C07_4797	Afu4g09060	AN11886	An04g03960
OG0004492	F9C07_1391407	Afu4g09070	AN11885	An04g03970
OG0004493	F9C07_1391405	Afu4g09080	AN1652	An04g03980
OG0004494	F9C07_2281831	Afu4g09090	AN1639	An04g04040
OG0004495	F9C07_4802	Afu4g09100	AN10224	An04g04050
OG0004496	F9C07_2281833	Afu4g09110	AN10220	An04g04060
OG0004497	F9C07_4811	Afu4g08810	AN1662	An04g03700
OG0004498	F9C07_2230686	Afu3g02830	AN8767	An02g09440
OG0004499	F9C07_1392608	Afu4g08820	AN1661	An04g03710
OG0004500	F9C07_2149874	Afu4g08830	AN1660	An04g03720
OG0004501	F9C07_4815	Afu4g08880	AN10222	An04g03750
OG0004502	F9C07_4820	Afu4g08780	AN11887	An04g03650
OG0004503	F9C07_4824	Afu4g08770	AN10225	An04g03640
OG0004504	F9C07_2281853	Afu4g08750	AN1654	An04g03610
OG0004505	F9C07_2230701	Afu4g08760	AN1673	An04g03620
OG0004506	F9C07_2281855	Afu4g08730	AN1674	An04g03600
OG0004507	F9C07_4834	Afu4g08680	AN1682	An04g03500
OG0004508	F9C07_2281861	Afu4g08660	AN1683	An04g03495
OG0004509	F9C07_2150022	Afu4g08650	AN1684	An04g03490
OG0004510	F9C07_2281864	Afu4g08630	AN1685	An04g03460
OG0004511	F9C07_4837	Afu4g08640	AN11312	An04g03470
OG0004512	F9C07_2066789	Afu4g08620	AN1686	An04g03440
OG0004513	F9C07_4840	Afu4g08610	AN1688	An04g03420
OG0004514	F9C07_4842	Afu4g08590	AN1690	An04g03380
OG0004515	F9C07_4845	Afu4g08570	AN10227	An04g03350
OG0004516	F9C07_2150094	Afu4g08560	AN1693	An04g03340
OG0004517	F9C07_2201746	Afu4g08550	AN1694	An04g03330
OG0004518	F9C07_2254613	Afu4g08530	AN1695	An04g03320
OG0004519	F9C07_4850	Afu4g08510	AN1697	An04g03310
OG0004520	F9C07_1395220	Afu4g08500	AN1698	An04g03300
OG0004521	F9C07_4853	Afu4g08490	AN1699	An04g03290
OG0004522	F9C07_1395496	Afu6g12970	AN6197	An07g08010
OG0004523	F9C07_4855	Afu4g08480	AN1700	An04g03270
OG0004524	F9C07_4856	Afu4g08470	AN1701	An04g03260
OG0004525	F9C07_1395279	Afu4g08460	AN1712	An04g03240
OG0004526	F9C07_4858	Afu4g08440	AN1713	An04g03220
OG0004527	F9C07_4859	Afu4g08420	AN1714	An04g03210
OG0004528	F9C07_4860	Afu4g08410	AN1715	An04g03200
OG0004529	F9C07_1395893	Afu4g08380	AN1718	An04g03190
OG0004530	F9C07_4863	Afu4g08370	AN1719	An04g03180
OG0004531	F9C07_2281888	Afu4g08360	AN1720	An04g03140
OG0004532	F9C07_2281889	Afu4g08350	AN1721	An04g03130
OG0004533	F9C07_2281890	Afu4g08340	AN1722	An04g03120
OG0004534	F9C07_2281891	Afu4g08330	AN1710	An04g03110
OG0004535	F9C07_2281892	Afu4g08320	AN1709	An04g03060
OG0004536	F9C07_4870	Afu4g08300	AN1708	An04g03050
OG0004537	F9C07_4872	Afu4g08295	AN1707	An04g02900
OG0004538	F9C07_2150170	Afu4g08290	AN11889	An04g02890
OG0004539	F9C07_2281901	Afu4g00260	AN4640	An04g02720
OG0004540	F9C07_2186632	Afu4g08250	AN3874	An04g02700
OG0004541	F9C07_1397238	Afu6g11450	AN0507	An01g11860
OG0004542	F9C07_4892			An03g05640, An08g11230, An08g11410
OG0004543	F9C07_2230760	Afu4g08210	AN3825	An04g02660
OG0004544	F9C07_1397317	Afu4g08200	AN3826	An04g02650
OG0004545	F9C07_2281914	Afu4g08190	AN3827	An04g02640
OG0004546	F9C07_2150249	Afu4g08180	AN3828	An04g02620
OG0004547	F9C07_2281918	Afu4g08130	AN3831	An04g02570
OG0004548	F9C07_4902	Afu4g08110	AN3832	An04g02550
OG0004549	F9C07_2230772	Afu4g08090	AN3834	An04g02530
OG0004550	F9C07_4905	Afu4g08080	AN3838	An04g02510
OG0004551	F9C07_4906	Afu4g08070	AN3839	An04g02500
OG0004552	F9C07_4908	Afu4g08050	AN3841	An04g02480
OG0004553	F9C07_2201776	Afu4g08040	AN3842	An04g02470
OG0004554	F9C07_1397859	Afu4g08030	AN3843	An04g02460
OG0004555	F9C07_2281930	Afu4g08020	AN3844	An04g02450
OG0004556	F9C07_4915	Afu4g07990	AN10480	An04g02410
OG0004557	F9C07_1400741	Afu4g07880	AN3851	An04g02350
OG0004558	F9C07_2220726	Afu4g07910	AN3853	An04g02320
OG0004559	F9C07_4922	Afu4g07890	AN3852	An04g02340
OG0004560	F9C07_4925	Afu4g07930	AN3854	An04g02310
OG0004561	F9C07_1400318	Afu4g07970	AN10470	An04g02280
OG0004562	F9C07_4929	Afu4g07980	AN10478	An04g02270
OG0004563	F9C07_4932	Afu4g07845	AN11419	An04g02260
OG0004564	F9C07_2281950	Afu4g07820	AN3865	An04g02230
OG0004565	F9C07_4933	Afu4g07835	AN3864	An04g02240
OG0004566	F9C07_4936	Afu4g07800	AN3867	An04g02210
OG0004567	F9C07_4937	Afu4g07790	AN3868	An04g02200
OG0004568	F9C07_4938	Afu4g07780	AN3869	An04g02190
OG0004569	F9C07_4939	Afu4g07770	AN4478	An04g02160
OG0004570	F9C07_4940	Afu4g07760	AN4477	An04g02150
OG0004571	F9C07_4941	Afu4g07750	AN10568	An04g02140
OG0004572	F9C07_2242699	Afu4g07740	AN10561	An04g02130
OG0004573	F9C07_2281958	Afu4g07730	AN4475	An04g02120
OG0004574	F9C07_2281959	Afu4g07725	AN4474	An04g02110
OG0004575	F9C07_4945	Afu4g07720	AN4473	An04g02100
OG0004576	F9C07_2281961	Afu4g07710	AN4462	An04g02090
OG0004577	F9C07_2150530	Afu4g07700	AN4463	An04g02070
OG0004578	F9C07_2281963	Afu4g07690	AN4464	An04g02060
OG0004579	F9C07_4950	Afu4g07680	AN4465	An04g02050
OG0004580	F9C07_1397769	Afu4g07670	AN10560	An04g02040
OG0004581	F9C07_4952	Afu4g07660	AN10557	An04g02030
OG0004582	F9C07_2150578	Afu4g07650	AN4467	An04g02020
OG0004583	F9C07_2150579	Afu4g07640	AN4468	An04g02010
OG0004584	F9C07_2281969	Afu4g07620	AN9435	An04g01990
OG0004585	F9C07_4955	Afu4g07630	AN4469	An04g02000
OG0004586	F9C07_4957	Afu4g07610	AN9434	An04g01980
OG0004587	F9C07_4958	Afu4g07605	AN11230	An04g01970
OG0004588	F9C07_2281971	Afu4g07590	AN11231	An04g01950
OG0004589	F9C07_4959	Afu4g07600	AN9433	An04g01960
OG0004590	F9C07_4961	Afu4g07580	AN4470	An04g01940
OG0004591	F9C07_4962	Afu4g07570	AN4471	An04g01930
OG0004592	F9C07_4963	Afu4g07560	AN4472	An04g01920
OG0004593	F9C07_4964	Afu4g07550	AN4461	An04g01910
OG0004594	F9C07_4965	Afu4g07540	AN4460	An04g01900
OG0004595	F9C07_2064379	Afu4g07530	AN4459	An04g01890
OG0004596	F9C07_1400221	Afu4g07520	AN4458	An04g01880
OG0004597	F9C07_4968	Afu4g07510	AN4457	An04g01870
OG0004598	F9C07_4969	Afu4g07500	AN4456	An04g01860
OG0004599	F9C07_1398854	Afu4g07490	AN4455	An04g01850
OG0004600	F9C07_2230837	Afu4g07460	AN4453	An04g01830
OG0004601	F9C07_2281983	Afu4g07430	AN4450	An04g01810
OG0004602	F9C07_4973	Afu4g07435	AN4452	An04g01820
OG0004603	F9C07_1405805	Afu4g07420	AN4449	An04g01800
OG0004604	F9C07_4977	Afu4g07400	AN4447	An04g01790
OG0004605	F9C07_4978	Afu4g07390	AN4446	An04g01780
OG0004606	F9C07_4979	Afu4g07380	AN4445	An04g01770
OG0004607	F9C07_1406028	Afu4g07370	AN4444	An04g01760
OG0004608	F9C07_2281987	Afu4g07360	AN4443	An04g01750
OG0004609	F9C07_4982	Afu4g07350	AN10559	An04g01740
OG0004610	F9C07_4983	Afu4g07340	AN10556	An04g01730
OG0004611	F9C07_4984	Afu4g07330	AN4441	An04g01720
OG0004612	F9C07_4985	Afu4g07320	AN4440	An04g01710
OG0004613	F9C07_4986	Afu4g07310	AN4439	An04g01700
OG0004614	F9C07_4989	Afu4g07290	AN10555	An04g01680
OG0004615	F9C07_2281993	Afu4g07280	AN10558	An04g01670
OG0004616	F9C07_2281995	Afu4g07260	AN4435	An04g01660
OG0004617	F9C07_4994	Afu4g07250	AN4434	An04g01650
OG0004618	F9C07_2281997	Afu4g07240	AN4433	An04g01640
OG0004619	F9C07_2281998	Afu4g07230	AN4432	An04g01630
OG0004620	F9C07_2281999	Afu4g07220	AN4431	An04g01620
OG0004621	F9C07_2282000	Afu4g07210	AN4430	An04g01610
OG0004622	F9C07_2282001	Afu4g07200	AN4408	An04g01600
OG0004623	F9C07_5000	Afu4g07190	AN4409	An14g03400
OG0004624	F9C07_5001	Afu4g07180	AN4410	An04g01590
OG0004625	F9C07_1407622	Afu4g07170	AN4411	An04g01580
OG0004626	F9C07_2064665	Afu4g07160	AN4412	An04g01570
OG0004627	F9C07_2282004	Afu4g07150	AN10553	An04g01560
OG0004628	F9C07_2230870	Afu4g07140	AN10551	An04g01550
OG0004629	F9C07_5006	Afu4g07130	AN4414	An04g01540
OG0004630	F9C07_5007	Afu4g07120	AN4415	An04g01535
OG0004631	F9C07_5008	Afu4g07110	AN4416	An04g01530
OG0004632	F9C07_5009	Afu4g07100	AN4417	An04g01520
OG0004633	F9C07_2150734	Afu4g07090	AN4418	An04g01500
OG0004634	F9C07_1408359	Afu4g07080	AN4419	An04g01480
OG0004635	F9C07_2230877	Afu4g07070	AN10554	An04g01470
OG0004636	F9C07_5013	Afu4g07060	AN10552	An04g01460
OG0004637	F9C07_1407666	Afu4g07050	AN4421	An04g01450
OG0004638	F9C07_2230880	Afu4g07040	AN4422	An04g01440
OG0004639	F9C07_5025	Afu4g07030	AN4423	An04g01430
OG0004640	F9C07_1410639	Afu4g07010	AN4425	An04g01420
OG0004641	F9C07_1410641	Afu4g07000	AN4426	An04g01410
OG0004642	F9C07_5030	Afu4g06990	AN4428	An04g01390
OG0004643	F9C07_2230897	Afu4g06980	AN4429	An04g01380
OG0004644	F9C07_5032	Afu4g06970	AN4407	An04g01290
OG0004645	F9C07_2282024	Afu4g06960	AN12229	An04g01300
OG0004646	F9C07_2282025	Afu4g06950	AN4406	An04g01310
OG0004647	F9C07_2282026	Afu4g06940	AN4405	An04g01320
OG0004648	F9C07_2065723	Afu4g06900	AN4401	An04g01340
OG0004649	F9C07_5040	Afu4g06830	AN4399	An04g01350
OG0004650	F9C07_2282032	Afu4g06840	AN4398	An04g01360
OG0004651	F9C07_5044	Afu4g06870	AN4395	An04g01260
OG0004652	F9C07_2282036	Afu4g06820	AN4390	An04g01230
OG0004653	F9C07_5047	Afu4g06800	AN4389	An04g01210
OG0004654	F9C07_5048	Afu4g06790	AN4388	An04g01200
OG0004655	F9C07_2282039	Afu4g06780	AN4387	An04g01190
OG0004656	F9C07_2150936	Afu4g06750	AN4385	An04g01130
OG0004657	F9C07_5051	Afu4g06770	AN4655	An04g01170
OG0004658	F9C07_5052	Afu4g06760	AN4386	An04g01160
OG0004659	F9C07_2282044	Afu4g06740	AN4384	An04g01120
OG0004660	F9C07_5056	Afu4g06730	AN4383	An04g01110
OG0004661	F9C07_5057	Afu4g06710	AN4382	An04g01100
OG0004662	F9C07_5058	Afu4g06700	AN4381	An04g01090
OG0004663	F9C07_2282048	Afu4g06690	AN4380	An04g01080
OG0004664	F9C07_2282049	Afu1g00810, Afu4g06670	AN4379	
OG0004665	F9C07_2150982	Afu4g06630	AN4378	An04g00960
OG0004666	F9C07_5066	Afu4g06620	AN4376	An04g00990
OG0004667	F9C07_2230935	Afu4g06600	AN4377	An04g00910
OG0004668	F9C07_5074	Afu4g06570	AN4369	An04g00880
OG0004669	F9C07_1419648	Afu4g06490	AN4365	An04g00870
OG0004670	F9C07_1421149	Afu4g06520	AN4364	An04g00860
OG0004671	F9C07_5077	Afu1g00800, Afu4g06510	AN4371	
OG0004672	F9C07_2282067	Afu4g06530	AN4361	An04g00850
OG0004673	F9C07_2230943	Afu4g06540	AN4360	An04g00840
OG0004674	F9C07_2254851	Afu4g06560	AN4358	An04g00820
OG0004675	F9C07_2282070	Afu4g06480	AN4349	An04g00800
OG0004676	F9C07_2282071	Afu4g06460	AN10544	An04g00790
OG0004677	F9C07_2282072	Afu4g06420	AN10548	An04g00780
OG0004678	F9C07_5090	Afu4g06400	AN4351	An04g00760
OG0004679	F9C07_2151154	Afu4g06390	AN4352	An04g00750
OG0004680	F9C07_5094	Afu4g06360	AN4347	An04g00690
OG0004681	F9C07_5095	Afu4g06350	AN4346	An04g00680
OG0004682	F9C07_2282082	Afu4g06340	AN4342	An04g00670
OG0004683	F9C07_2151182	Afu4g06330	AN4341	An04g00660
OG0004684	F9C07_5102	Afu4g06300	AN4333	An04g00630
OG0004685	F9C07_5105	Afu4g06260	AN4331	An04g00580
OG0004686	F9C07_5106	Afu4g06250	AN4330	An04g00570
OG0004687	F9C07_5107	Afu4g06240	AN4329	An04g00560
OG0004688	F9C07_2230971	Afu4g06220	AN10547	An04g00520
OG0004689	F9C07_2230973	Afu4g06190	AN10541	An04g00500
OG0004690	F9C07_2088453	Afu4g06180	AN10546	An04g00490
OG0004691	F9C07_5116	Afu4g06150	AN4322	An04g00420
OG0004692	F9C07_1424777	Afu4g06120	AN4320	An04g00390
OG0004693	F9C07_5121	Afu4g06110	AN4319	An04g00380
OG0004694	F9C07_2282103	Afu4g06100	AN4318	An04g00370
OG0004695	F9C07_5123	Afu4g06090	AN4317	An04g00360
OG0004696	F9C07_2201900	Afu4g06080	AN4316	An04g00340
OG0004697	F9C07_5126	Afu4g06070	AN4315	An15g02440
OG0004698	F9C07_2282107	Afu4g06060	AN4314	An04g00300
OG0004699	F9C07_5128	Afu4g06040	AN4312	An04g00270
OG0004700	F9C07_5130	Afu4g06030	AN4311	An04g00250
OG0004701	F9C07_5132	Afu4g06020	AN4310	An04g00230
OG0004702	F9C07_5133	Afu4g06010	AN4309	An04g00220
OG0004703	F9C07_5134	Afu4g06000	AN4308	An04g00210
OG0004704	F9C07_5135	Afu4g05990	AN4307	An04g00200
OG0004705	F9C07_2230994	Afu4g05980	AN4306	An04g00180
OG0004706	F9C07_5139	Afu4g05940	AN4303	An04g00140
OG0004707	F9C07_1427221	Afu4g05930	AN4302	An03g02750
OG0004708	F9C07_5141	Afu4g05920	AN4295	An04g00130
OG0004709	F9C07_5142	Afu4g05915	AN4301	An04g00120
OG0004710	F9C07_2151418	Afu4g05910	AN4300	An04g00110
OG0004711	F9C07_2231002	Afu4g05900	AN4299	An04g00100
OG0004712	F9C07_13472	Afu4g05890	AN10539	An04g00080
OG0004713	F9C07_2254947	Afu4g05880	AN4298	An04g00070
OG0004714	F9C07_2282124	Afu4g05840	AN4293	An04g00020
OG0004715	F9C07_1428193	Afu7g03670	AN8289	An13g00010
OG0004716	F9C07_1428255	Afu7g03680	AN8288	An13g00020
OG0004717	F9C07_6992	Afu7g03690	AN11066	An13g00030
OG0004718	F9C07_1429083	Afu7g03710	AN8286	An13g00050
OG0004719	F9C07_6993	Afu7g03720	AN8285	An13g00070
OG0004720	F9C07_6994	Afu7g03730	AN8284	An13g00080
OG0004721	F9C07_1428686	Afu7g03750	AN4279	An13g00100
OG0004722	F9C07_2282135	Afu7g03760	AN4278	An13g00110
OG0004723	F9C07_2064530	Afu7g03780	AN10537	An13g00140
OG0004724	F9C07_7000	Afu7g03790	AN4274	An13g00210
OG0004725	F9C07_1432464	Afu7g03800	AN4273	An13g00220
OG0004726	F9C07_2151537	Afu7g03820	AN4272	An13g00240
OG0004727	F9C07_1428525	Afu7g03830	AN4271	An13g00250
OG0004728	F9C07_2231036	Afu7g03840	AN4267	An13g00270
OG0004729	F9C07_2231037	Afu7g03860	AN4269	An13g00280
OG0004730	F9C07_7007	Afu7g03870	AN4270	An13g00290
OG0004731	F9C07_2066186	Afu7g03880	AN4266	An13g00300
OG0004732	F9C07_7009	Afu7g03890	AN4265	An13g00310
OG0004733	F9C07_7010	Afu7g03900	AN4264	An13g00320
OG0004734	F9C07_1430044	Afu7g03910	AN4263	An13g00370
OG0004735	F9C07_7014	Afu7g03930	AN2188	An13g00390
OG0004736	F9C07_1429605	Afu7g03940	AN10533	An13g00400
OG0004737	F9C07_7018	Afu7g03960	AN4261	An13g00420
OG0004738	F9C07_7020	Afu7g03980	AN4259	An13g00430
OG0004739	F9C07_7025	Afu2g14661	AN7539	An15g03800
OG0004740	F9C07_2282162	Afu2g14670	AN7540	An15g03780
OG0004741	F9C07_7030	Afu2g14690	AN7543	An15g03680
OG0004742	F9C07_2065903	Afu2g14710	AN7544	An15g03670
OG0004743	F9C07_7032	Afu2g14720	AN7545	An15g03650
OG0004744	F9C07_1433747	Afu2g14730	AN7547	An15g03580
OG0004745	F9C07_7035	Afu2g14740	AN7548	An15g03570
OG0004746	F9C07_7038	Afu2g14770	AN7550	An15g03530
OG0004747	F9C07_7043	Afu2g14800	AN7553	An15g03490
OG0004748	F9C07_7046	Afu2g14810	AN7554	An15g03420
OG0004749	F9C07_7047	Afu2g14820	AN7555	An15g03410
OG0004750	F9C07_1434957, F9C07_2075165			An02g02860, An12g06270
OG0004751	F9C07_7051	Afu6g02930	AN8766	An12g07550
OG0004752	F9C07_2151697	Afu6g02940	AN8765	An12g07540
OG0004753	F9C07_2282183	Afu6g02950	AN8764	An03g02070
OG0004754	F9C07_2282184	Afu6g02960	AN8763	An12g07520
OG0004755	F9C07_7055	Afu6g02970	AN8762	An12g07510
OG0004756	F9C07_2231083	Afu6g03010	AN11112	An12g07370
OG0004757	F9C07_7079	Afu4g02760	AN10160	An12g09350
OG0004758	F9C07_2282209	Afu5g10990	AN0212	An14g02350
OG0004759	F9C07_2282211	Afu5g11000	AN0211	An14g02360
OG0004760	F9C07_2282212	Afu5g11010	AN0210	An14g02370
OG0004761	F9C07_1436519	Afu5g11020	AN0209	An14g02390
OG0004762	F9C07_2282216	Afu5g11030	AN0206	An18g01960
OG0004763	F9C07_2282217	Afu5g11040	AN0205	An18g01970
OG0004764	F9C07_7094	Afu5g11050	AN0204	An18g01980
OG0004765	F9C07_7095	Afu5g11060	AN0203	An18g01990
OG0004766	F9C07_2282219	Afu5g11070	AN0202	An01g02150
OG0004767	F9C07_2231127	Afu5g11080	AN0201	An01g02160
OG0004768	F9C07_7108	Afu5g11120	AN0192	An01g02200
OG0004769	F9C07_7109	Afu5g11130	AN0191	An01g02210
OG0004770	F9C07_7110	Afu5g11140	AN0190	An01g02220
OG0004771	F9C07_7111	Afu5g11150	AN0189	An01g02230
OG0004772	F9C07_7113	Afu5g11190	AN0186	An01g02280
OG0004773	F9C07_7115	Afu5g11200	AN0184	An01g02300
OG0004774	F9C07_2065670	Afu5g11210	AN0183	An01g02310
OG0004775	F9C07_1437071	Afu5g11230	AN0182	An01g02320
OG0004776	F9C07_1437505	Afu5g11260	AN0176	An01g02370
OG0004777	F9C07_7127	Afu5g11280	AN10025	An01g02420
OG0004778	F9C07_7129	Afu5g11300	AN0173	An01g02440
OG0004779	F9C07_2088668	Afu5g11310	AN0172	An01g02460
OG0004780	F9C07_2151969	Afu5g11330	AN0168	An01g02510
OG0004781	F9C07_2151979	Afu5g11340	AN0167	An18g04650
OG0004782	F9C07_7137	Afu5g11350	AN0166	An18g04640
OG0004783	F9C07_1438152	Afu5g11360	AN0165	An18g04610
OG0004784	F9C07_1438865	Afu5g11370	AN0164	An18g04600
OG0004785	F9C07_2255150	Afu5g11380	AN0163	An18g04590
OG0004786	F9C07_7142	Afu5g11390	AN0162	An18g04580
OG0004787	F9C07_7143	Afu5g11400	AN0161	An18g04570
OG0004788	F9C07_1438835	Afu5g11410	AN0160	An18g04560
OG0004789	F9C07_7145	Afu5g11420	AN0159	An18g04550
OG0004790	F9C07_2231168	Afu5g11440	AN0157	An18g04530
OG0004791	F9C07_2066512	Afu5g11450	AN0156	An18g04520
OG0004792	F9C07_7150	Afu5g11460	AN0154	An18g04480
OG0004793	F9C07_1439314	Afu5g11470	AN0153	An18g04470
OG0004794	F9C07_7153	Afu5g11520	AN0144	An18g03250
OG0004795	F9C07_7158	Afu5g11540	AN0142	An18g03230
OG0004796	F9C07_1439799	Afu5g11550	AN0141	An18g03220
OG0004797	F9C07_7163	Afu5g11560	AN0140	An18g03200
OG0004798	F9C07_2231185	Afu5g11570	AN0139	An18g03190
OG0004799	F9C07_1439989	Afu5g11580	AN0138	An18g03180
OG0004800	F9C07_7168	Afu5g11600	AN0135	An18g03150
OG0004801	F9C07_7169	Afu5g11610	AN0134	An18g03130
OG0004802	F9C07_7170	Afu5g11620	AN0133	An18g03120
OG0004803	F9C07_7171	Afu5g11630	AN0132	An18g03110
OG0004804	F9C07_7172	Afu5g11640	AN0131	An18g03100
OG0004805	F9C07_2231195	Afu2g03080	AN4518	An07g07480
OG0004806	F9C07_7175	Afu2g03070	AN4519	An07g07470
OG0004807	F9C07_1440379	Afu2g03060	AN4520	An07g07460
OG0004808	F9C07_7177	Afu2g03050	AN4521	An07g07450
OG0004809	F9C07_7178	Afu2g03040	AN4522	An07g07430
OG0004810	F9C07_2152180	Afu2g03030	AN4523	An07g07420
OG0004811	F9C07_7182	Afu2g03010	AN4525	An07g07390
OG0004812	F9C07_2282289	Afu2g02990	AN4527	An07g07370
OG0004813	F9C07_1440175	Afu2g02980	AN4528	An07g07340
OG0004814	F9C07_1441725	Afu2g02970	AN4529	An07g07320
OG0004815	F9C07_7188	Afu2g02960	AN4530	An07g07310
OG0004816	F9C07_2105176	Afu2g02880	AN10564	An07g07260
OG0004817	F9C07_1444254	Afu2g02870	AN4534	An07g07250
OG0004818	F9C07_7198	Afu2g02860	AN4535	An07g07240
OG0004819	F9C07_2282305	Afu2g02850	AN4536	An07g07210
OG0004820	F9C07_7199	Afu7g00510		An13g01780, An14g06900
OG0004821	F9C07_2152315	Afu2g02840	AN4537	An07g07190
OG0004822	F9C07_2231220	Afu2g02830	AN4538	An07g07180
OG0004823	F9C07_7206	Afu2g02820	AN4539	An07g07170
OG0004824	F9C07_7208	Afu2g02780	AN4546	An07g07150
OG0004825	F9C07_2282310	Afu2g02770	AN4545	An07g07140
OG0004826	F9C07_2152462	Afu2g02760	AN4544	An07g07110
OG0004827	F9C07_1444489	Afu2g02750	AN4543	An07g07100
OG0004828	F9C07_7212	Afu2g02730	AN4542	An07g07060
OG0004829	F9C07_7214	Afu2g02710	AN4560	An07g07010
OG0004830	F9C07_7215	Afu2g02700	AN4559	An07g07020
OG0004831	F9C07_2282318	Afu2g02680	AN4557	An07g07000
OG0004832	F9C07_2282319	Afu2g02670	AN4556	An07g06990
OG0004833	F9C07_2282320	Afu2g02660	AN4555	An07g06980
OG0004834	F9C07_1446452	Afu7g05210	AN0490	An03g01310
OG0004835	F9C07_1446258	Afu2g02620	AN4552	An07g05980
OG0004836	F9C07_7226	Afu2g02610	AN11913	An07g05990
OG0004837	F9C07_7229	Afu2g02580	AN4549	An07g06010
OG0004838	F9C07_1446331	Afu2g02560	AN4547	An07g06030
OG0004839	F9C07_7232	Afu2g02550	AN4561	An07g06040
OG0004840	F9C07_2231248	Afu2g02540	AN4562	An07g06050
OG0004841	F9C07_2152581	Afu2g02520	AN4564	An07g06100
OG0004842	F9C07_2282338	Afu2g02510	AN4639	An07g06130
OG0004843	F9C07_1448272	Afu2g02460	AN4638	An07g06160
OG0004844	F9C07_7248	Afu2g02470	AN4637	An07g06190
OG0004845	F9C07_7249	Afu2g02480	AN4636	An07g06140
OG0004846	F9C07_7259	Afu2g02450	AN10572	An07g06200
OG0004847	F9C07_2231274	Afu2g10950	AN5914	An02g02840
OG0004848	F9C07_7263	Afu2g11100	AN5900	An02g03000
OG0004849	F9C07_7264	Afu2g11110	AN5899	An02g03010
OG0004850	F9C07_1448878	Afu2g11000	AN5910	An02g02900
OG0004851	F9C07_7266	Afu2g10990	AN5911	An02g02890
OG0004852	F9C07_7267	Afu2g10980	AN5912	An02g02880
OG0004853	F9C07_7268	Afu2g11090	AN5901	An02g02990
OG0004854	F9C07_7269	Afu2g11080	AN5902	An02g02980
OG0004855	F9C07_2231283	Afu2g11070	AN5903	An02g02970
OG0004856	F9C07_7271	Afu2g11060	AN5904	An02g02960
OG0004857	F9C07_2282366	Afu2g11040	AN5906	An02g02940
OG0004858	F9C07_7274	Afu2g11020	AN5908	An02g02920
OG0004859	F9C07_2282369	Afu2g11010	AN5909	An02g02910
OG0004860	F9C07_2282370	Afu2g11130	AN5898	An02g03090
OG0004861	F9C07_2282371	Afu2g11140	AN5897	An02g03110
OG0004862	F9C07_7278	Afu2g11150	AN5895	An02g03120
OG0004863	F9C07_1449789	Afu1g00340, Afu2g11162		An02g03130
OG0004864	F9C07_1449599	Afu2g11170	AN5892	An02g03140
OG0004865	F9C07_2282376	Afu2g11180	AN5893	An02g03160
OG0004866	F9C07_2231295	Afu2g11190	AN5894	An02g03180
OG0004867	F9C07_2282378	Afu2g11210	AN5891	An02g03210
OG0004868	F9C07_7285	Afu2g11230	AN5889	An02g03230
OG0004869	F9C07_2282380	Afu2g11240	AN5888	An02g03240
OG0004870	F9C07_7288	Afu2g11260	AN5886	An02g03250
OG0004871	F9C07_2282384	Afu2g11290	AN5884	An04g08330
OG0004872	F9C07_2282385	Afu2g11300	AN5883	An02g03270
OG0004873	F9C07_2220973	Afu2g11310	AN5882	An02g03280
OG0004874	F9C07_1451555	Afu2g11320	AN5881	An02g03290
OG0004875	F9C07_2202065	Afu2g11330	AN5880	An02g03300
OG0004876	F9C07_2152796	Afu2g11340	AN5879	An02g03310
OG0004877	F9C07_7298	Afu2g11360	AN5877	An02g03330
OG0004878	F9C07_2243124	Afu2g11370	AN5876	An02g03340
OG0004879	F9C07_2282392	Afu2g11380	AN5875	An02g03350
OG0004880	F9C07_2105274	Afu2g11400	AN5874	An02g03360
OG0004881	F9C07_2236360, F9C07_7304		AN7386	An02g03380
OG0004882	F9C07_7306	Afu2g11430	AN5873	An02g03390
OG0004883	F9C07_7307	Afu2g11440	AN5872	An02g03400
OG0004884	F9C07_7308	Afu2g11450	AN5871	An02g03410
OG0004885	F9C07_2255353	Afu2g11460	AN5870	An02g03420
OG0004886	F9C07_1452952	Afu2g11470	AN10752	An02g03450
OG0004887	F9C07_7312	Afu2g11475	AN10743	An02g03460
OG0004888	F9C07_1450726	Afu2g11480	AN5868	An02g03480
OG0004889	F9C07_7315	Afu2g11490	AN5867	An03g02930
OG0004890	F9C07_2152871	Afu2g11510	AN5865	An02g03520
OG0004891	F9C07_7322	Afu2g11550	AN5862	An02g03580
OG0004892	F9C07_7323	Afu2g11560	AN6182	An02g03590
OG0004893	F9C07_1452803	Afu2g11570	AN6183	An02g03600
OG0004894	F9C07_7328		AN5039	An09g05600, An13g01270
OG0004895	F9C07_2282412	Afu2g11640	AN12049	An02g03700
OG0004896	F9C07_2282413	Afu2g11650	AN12050	An02g03710
OG0004897	F9C07_7331	Afu2g11660	AN6186	An02g03720
OG0004898	F9C07_7335	Afu2g11710	AN6190	An02g03728
OG0004899	F9C07_7336	Afu2g11720	AN6191	An02g03730
OG0004900	F9C07_7339	Afu2g11740	AN6193	An02g03760
OG0004901	F9C07_7340	Afu2g11750	AN10778	An02g03770
OG0004902	F9C07_1454358	Afu2g11760	AN10788	An02g03780
OG0004903	F9C07_7342	Afu2g11770	AN6196	An02g03790
OG0004904	F9C07_7346	Afu2g11780	AN6195	An02g03830
OG0004905	F9C07_1455856	Afu2g11790	AN6198	An02g03840
OG0004906	F9C07_7348	Afu2g11800	AN6199	An02g03850
OG0004907	F9C07_1456081	Afu2g11810	AN6200	An02g03860
OG0004908	F9C07_2282427	Afu2g11840	AN12054	An02g03940
OG0004909	F9C07_2282428	Afu2g11850	AN6202	An02g03950
OG0004910	F9C07_7353	Afu2g11860	AN6203	An02g03960
OG0004911	F9C07_7355	Afu2g11870	AN10779	An02g03980
OG0004912	F9C07_7356	Afu2g11880	AN6206	An02g03990
OG0004913	F9C07_1457540	Afu2g11900	AN6207	An02g04000
OG0004914	F9C07_2282434	Afu2g11920	AN6208	An02g04010
OG0004915	F9C07_1456588	Afu2g11940	AN6209	An02g04020
OG0004916	F9C07_2282436	Afu2g11960	AN6210	An02g04030
OG0004917	F9C07_2066328	Afu2g11970	AN6211	An02g04040
OG0004918	F9C07_7362	Afu2g11990	AN10780	An02g04050
OG0004919	F9C07_2231368	Afu2g12010	AN10784	An02g04070
OG0004920	F9C07_2282440	Afu2g12020	AN10781	An02g04080
OG0004921	F9C07_7366	Afu2g12030	AN6214	An02g04100
OG0004922	F9C07_7368	Afu2g12050	AN6216	An02g04120
OG0004923	F9C07_7369	Afu2g12060	AN6217	An02g04130
OG0004924	F9C07_7372	Afu2g12100	AN10785	An02g04170
OG0004925	F9C07_7373	Afu2g12110	AN10806	An02g04180
OG0004926	F9C07_7374	Afu2g12120	AN10798	An02g04190
OG0004927	F9C07_2282450	Afu2g12130	AN6312	An02g04200
OG0004928	F9C07_2282451	Afu2g12140	AN6311	An02g04210
OG0004929	F9C07_7377	Afu2g12150	AN6310	An02g04220
OG0004930	F9C07_7378	Afu2g12160	AN6309	An02g04230
OG0004931	F9C07_2282454	Afu2g12170	AN6308	An02g04240
OG0004932	F9C07_7380	Afu2g12180	AN6307	An02g04250
OG0004933	F9C07_2282455	Afu2g12190	AN6306	An02g04260
OG0004934	F9C07_2231386	Afu2g12200	AN6305	An02g04270
OG0004935	F9C07_7383	Afu2g12210	AN6304	An02g04280
OG0004936	F9C07_2153089	Afu2g12220	AN6303	An02g04290
OG0004937	F9C07_2282459	Afu2g12230	AN6302	An02g04300
OG0004938	F9C07_2282460	Afu2g12250	AN6300	An02g04320
OG0004939	F9C07_2153105	Afu2g12260	AN6297	An02g04330
OG0004940	F9C07_2282461	Afu2g12300	AN6296	An02g04340
OG0004941	F9C07_2153116	Afu2g12310	AN6295	An02g04350
OG0004942	F9C07_7390	Afu2g12320	AN6294	An02g04360
OG0004943	F9C07_2153141	Afu2g12330	AN6293	An02g04370
OG0004944	F9C07_2153189	Afu2g12520	AN6280	An02g04750
OG0004945	F9C07_7411	Afu2g12490	AN10805	An02g04680
OG0004946	F9C07_1460662	Afu2g12470	AN1150	An15g02360
OG0004947	F9C07_7413	Afu2g12460	AN1149	An02g04660
OG0004948	F9C07_2064982	Afu2g12450	AN10797	An02g04640
OG0004949	F9C07_7415	Afu2g12440	AN6283	An02g04630
OG0004950	F9C07_7416	Afu2g12430	AN6284	An02g04620
OG0004951	F9C07_7417	Afu2g12420	AN6285	An02g04555
OG0004952	F9C07_1759457, F9C07_7418	Afu2g17380, Afu7g01560		
OG0004953	F9C07_2282499	Afu2g12410	AN6286	An02g04540
OG0004954	F9C07_2282500	Afu2g12400	AN6287	An02g04520
OG0004955	F9C07_2282501	Afu2g12380	AN6289	An02g04500
OG0004956	F9C07_2066968	Afu2g12390	AN6288	An02g04510
OG0004957	F9C07_7435	Afu2g12370	AN6290	An02g04480
OG0004958	F9C07_2153330	Afu2g12360	AN6291	An02g04460
OG0004959	F9C07_1464377	Afu2g12540	AN6278	An02g01470
OG0004960	F9C07_1463028	Afu2g12570	AN6275	An02g01500
OG0004961	F9C07_1463133	Afu2g12590	AN6270	An02g01520
OG0004962	F9C07_7445	Afu2g12580	AN6269	An02g01510
OG0004963	F9C07_7448	Afu2g12630	AN6273	An02g01550
OG0004964	F9C07_2282514	Afu2g12600	AN6271	An02g01530
OG0004965	F9C07_7449	Afu2g12610	AN6272	An02g01540
OG0004966	F9C07_1464661	Afu2g12860	AN6268	An02g01570
OG0004967	F9C07_2282521	Afu2g12870	AN6267	An02g01580
OG0004968	F9C07_2231454	Afu2g12880	AN6266	An02g01590
OG0004969	F9C07_7459	Afu2g12890	AN6265	An02g01600
OG0004970	F9C07_2282524	Afu2g12910	AN6264	An02g01620
OG0004971	F9C07_7460	Afu2g12900	AN0232	An02g01610
OG0004972	F9C07_7463	Afu2g12930	AN6262	An02g01640
OG0004973	F9C07_7464	Afu2g12940	AN6261	An02g01650
OG0004974	F9C07_2282529	Afu2g12970	AN6258	An02g01680
OG0004975	F9C07_2282530	Afu2g12980	AN6257	An02g01690
OG0004976	F9C07_2231464	Afu2g12990	AN6256	An02g01700
OG0004977	F9C07_7469	Afu2g13000	AN10803	An02g01710
OG0004978	F9C07_7470	Afu2g13010	AN6255	An02g01720
OG0004979	F9C07_2153423	Afu2g13020	AN6254	An02g01730
OG0004980	F9C07_2282534	Afu2g13090	AN6252	An02g01800
OG0004981	F9C07_7473	Afu2g13080	AN6251	An02g01790
OG0004982	F9C07_2231470	Afu2g13070	AN6250	An02g01770
OG0004983	F9C07_2282537	Afu2g13060	AN6249	An02g01760
OG0004984	F9C07_1465780	Afu2g13490	AN10807	An02g02410
OG0004985	F9C07_1464971	Afu2g13480	AN10799	An02g02390
OG0004986	F9C07_2282540	Afu2g13450	AN6323	An02g02370
OG0004987	F9C07_7479	Afu2g13470	AN6325	An02g02380
OG0004988	F9C07_2282541	Afu2g13440	AN6318	An02g02360
OG0004989	F9C07_2231477	Afu2g13430	AN6317	An02g02340
OG0004990	F9C07_2211984	Afu2g13420	AN11854	An02g02310
OG0004991	F9C07_2153451	Afu2g13410	AN11853	An02g02280
OG0004992	F9C07_2282544	Afu2g13400	AN11244	An02g02270
OG0004993	F9C07_7487	Afu2g13390	AN6220	An02g02260
OG0004994	F9C07_1468094	Afu2g13380	AN6221	An02g02240
OG0004995	F9C07_7489	Afu2g13370	AN10791	An02g02230
OG0004996	F9C07_2282563	Afu2g13330	AN6224	An02g02200
OG0004997	F9C07_2282564	Afu2g13320	AN6225	An02g02190
OG0004998	F9C07_1468847	Afu2g13310	AN10792	An02g02180
OG0004999	F9C07_2153546	Afu2g13290	AN6228	An02g02040
OG0005000	F9C07_7515	Afu2g13270	AN10793	An02g02060
OG0005001	F9C07_7516	Afu2g13265	AN10796	An02g02070
OG0005002	F9C07_2153579	Afu2g13260	AN6230	An02g02150
OG0005003	F9C07_7521	Afu2g13240	AN6232	An02g02020
OG0005004	F9C07_7522	Afu2g13230	AN12360	An02g02000
OG0005005	F9C07_7523	Afu2g13210	AN6233	An02g01990
OG0005006	F9C07_7524	Afu2g13200	AN9471	An02g01980
OG0005007	F9C07_2282584	Afu2g13160	AN6241	An02g01890
OG0005008	F9C07_7528	Afu2g13170	AN6240	An02g01880
OG0005009	F9C07_1469873	Afu2g13140	AN6243	An02g01950
OG0005010	F9C07_1469471	Afu2g13130	AN6244	An02g01970
OG0005011	F9C07_7534	Afu2g13120	AN6245	An02g01860
OG0005012	F9C07_2202181	Afu2g13100	AN6247	An02g01810
OG0005013	F9C07_7537	Afu2g13030	AN6253	An02g01740
OG0005014	F9C07_7538	Afu2g13040	AN6248	An02g01750
OG0005015	F9C07_7539	Afu2g13500	AN6327	An02g05760
OG0005016	F9C07_2255602	Afu2g13512	AN6328	An02g05750
OG0005017	F9C07_7541	Afu2g13520	AN6329	An02g05740
OG0005018	F9C07_7542	Afu2g13530	AN6330	An02g05700
OG0005019	F9C07_2231535	Afu2g13540	AN6331	An02g05690
OG0005020	F9C07_7544	Afu2g13550	AN6332	An02g05670
OG0005021	F9C07_1471773	Afu2g13560	AN6333	An02g05660
OG0005022	F9C07_7548	Afu2g13570	AN6334	An02g05650
OG0005023	F9C07_7549	Afu2g13580	AN6335	An02g05640
OG0005024	F9C07_1472906	Afu2g13600	AN10800	An02g05610
OG0005025	F9C07_2282606	Afu2g13615	AN10699	An02g05600
OG0005026	F9C07_2231548	Afu2g13620	AN10808	An02g05590
OG0005027	F9C07_2202199	Afu2g13640	AN6339	An02g05530
OG0005028	F9C07_2153755	Afu2g13660	AN2411	An02g05520
OG0005029	F9C07_2282625	Afu2g13680	AN2412	An02g05490
OG0005030	F9C07_2282626	Afu2g13690	AN2413	An02g05480
OG0005031	F9C07_2282627	Afu2g13710	AN2414	An02g05470
OG0005032	F9C07_7580	Afu2g13720	AN2415	An02g05460
OG0005033	F9C07_1473474	Afu2g13730	AN2416	An02g05450
OG0005034	F9C07_2231571	Afu2g13740	AN2417	An02g05440
OG0005035	F9C07_7583	Afu2g13750	AN2418	An02g05380
OG0005036	F9C07_7584	Afu2g13760	AN2419	An02g05390
OG0005037	F9C07_7603	Afu1g01812	AN10075	An01g06410
OG0005038	F9C07_7607	Afu2g13780	AN2420	An02g05400
OG0005039	F9C07_1474001		AN2608, AN6133	An02g05410
OG0005040	F9C07_2282647	Afu2g13770	AN2421	An02g05420
OG0005041	F9C07_7616	Afu2g13800	AN2423	An02g05360
OG0005042	F9C07_2282653	Afu2g13810	AN7633	An05g00990
OG0005043	F9C07_7619	Afu2g13820	AN9509	An02g05340
OG0005044	F9C07_7620	Afu2g13830	AN9510	An02g05320
OG0005045	F9C07_7621	Afu2g13870	AN10303	An02g05230
OG0005046	F9C07_2282658	Afu2g13850	AN2425	An02g05260
OG0005047	F9C07_1474872	Afu2g13880	AN10307	An02g05220
OG0005048	F9C07_7629	Afu2g13910	AN9496	An02g05150
OG0005049	F9C07_2282663	Afu2g13930	AN6380	An02g05120
OG0005050	F9C07_7632	Afu2g13940	AN6379	An02g05100
OG0005051	F9C07_7644	Afu2g13950	AN6377	An02g05020
OG0005052	F9C07_2064722	Afu2g13960	AN11859	An02g05000
OG0005053	F9C07_1475673	Afu2g13980	AN6374	An02g04980
OG0005054	F9C07_7650	Afu2g13990	AN6372	An02g04970
OG0005055	F9C07_7651	Afu2g14000	AN6371	An02g04960
OG0005056	F9C07_7655	Afu2g14020	AN6369	An02g04910
OG0005057	F9C07_2286594, F9C07_7670		AN8985	An08g08510
OG0005058	F9C07_2282695	Afu3g01110	AN5566	An02g14520
OG0005059	F9C07_7674	Afu2g14040	AN6367	An02g04870
OG0005060	F9C07_7675	Afu2g14060	AN6366	An02g04860
OG0005061	F9C07_7677	Afu2g14080	AN6364	An02g04840
OG0005062	F9C07_7678	Afu2g14090	AN6363	An02g04830
OG0005063	F9C07_7679	Afu2g14100	AN6360	An02g04820
OG0005064	F9C07_7680	Afu2g14110	AN6359	An02g04800
OG0005065	F9C07_2282705	Afu5g14380	AN9286	An14g05800
OG0005066	F9C07_2276907, F9C07_2282711	Afu3g01470		An13g03140
OG0005067	F9C07_2231679	Afu6g12110		An08g01420, An12g07110
OG0005068	F9C07_1178021, F9C07_2221172			An02g07740, An12g10700
OG0005069	F9C07_7735	Afu3g01210	AN11985	An01g10950
OG0005070	F9C07_12006, F9C07_2282750	Afu3g07560	AN0180	
OG0005071	F9C07_2282757	Afu4g00680	AN2822	An13g02350
OG0005072	F9C07_2282785		AN10005, AN10933, AN7128	
OG0005073	F9C07_2105729	Afu4g14520	AN10044, AN7810	
OG0005074	F9C07_1481706	Afu1g12580	AN11021, AN11290	
OG0005075	F9C07_7810	Afu4g14550	AN10021, AN7819	
OG0005076	F9C07_6983		AN6381, AN8423	An12g09490
OG0005077	F9C07_6982	Afu7g05090	AN11078, AN3991	
OG0005078	F9C07_2284230		AN11197	An03g01480, An12g06480
OG0005079	F9C07_2092101		AN5310, AN9161	An03g01540
OG0005080	F9C07_6962	Afu3g14900	AN8580	An06g00500
OG0005081	F9C07_2071124		AN2632, AN7908	An03g00960
OG0005082	F9C07_2203888, F9C07_2233475	Afu1g16900		An11g04010
OG0005083	F9C07_2222206, F9C07_9367, F9C07_9368	Afu3g03720		
OG0005084	F9C07_2284265			An02g10120, An03g00600, An07g01070
OG0005085	F9C07_2053498, F9C07_6914		AN12039, AN7317	
OG0005086	F9C07_2070224, F9C07_2284279		AN7669	An03g05070
OG0005087	F9C07_2284290	Afu2g01400		An03g05050, An06g02710
OG0005088	F9C07_2284298	Afu2g01410, Afu4g08890, Afu7g04850		
OG0005089	F9C07_2284307	Afu2g01430	AN7670	An03g05030
OG0005090	F9C07_2284308	Afu2g01440	AN7671	An03g05020
OG0005091	F9C07_2161214	Afu2g01450	AN7672	An03g05010
OG0005092	F9C07_2284310	Afu2g01500	AN7676	An03g04970
OG0005093	F9C07_6877	Afu2g01460	AN7673	An03g05000
OG0005094	F9C07_6876	Afu2g01480	AN7674	An03g04990
OG0005095	F9C07_6875	Afu2g01490	AN7675	An03g04980
OG0005096	F9C07_2284322	Afu2g01520	AN7678	An03g04960
OG0005097	F9C07_2284323	Afu2g01530	AN7679	An03g04940
OG0005098	F9C07_2284324	Afu2g01540	AN7680	An03g04930
OG0005099	F9C07_2284325	Afu2g01550	AN7681	An03g04920
OG0005100	F9C07_6858	Afu2g01570	AN7682	An03g04910
OG0005101	F9C07_2284328	Afu2g01590	AN7683	An03g04860
OG0005102	F9C07_1611224	Afu2g01610	AN7690	An03g04840
OG0005103	F9C07_2284333	Afu2g01630	AN10983	An03g04810
OG0005104	F9C07_6847	Afu2g01650	AN10991	An03g04800
OG0005105	F9C07_2284336	Afu2g01660	AN7687	An03g04790
OG0005106	F9C07_2284337	Afu2g01670	AN7686	An03g04770
OG0005107	F9C07_6843	Afu8g07350	AN11002	An03g04760
OG0005108	F9C07_2284341	Afu2g01690	AN10530	An14g03330
OG0005109	F9C07_6834	Afu2g01700	AN7695	An03g04720
OG0005110	F9C07_1611190	Afu5g08450	AN12000	An03g04710
OG0005111	F9C07_6832	Afu5g08430	AN12001	An03g04700
OG0005112	F9C07_6831	Afu5g08420	AN7698	An03g04690
OG0005113	F9C07_6830	Afu5g08390	AN7697	An03g04670
OG0005114	F9C07_2284350	Afu5g08380	AN7699	An03g04660
OG0005115	F9C07_6828	Afu5g08330	AN7700	An03g04650
OG0005116	F9C07_2071544	Afu5g08350	AN7701	An03g04620
OG0005117	F9C07_2284353	Afu5g08360	AN11001	An03g04610
OG0005118	F9C07_2284354	Afu5g08370	AN7704	An03g04600
OG0005119	F9C07_2107497	Afu5g08320	AN7705	An03g04590
OG0005120	F9C07_2203590	Afu5g08300	AN7707	An03g04570
OG0005121	F9C07_2161417	Afu5g08290	AN7708	An03g04560
OG0005122	F9C07_2107502	Afu5g08280	AN7709	An03g04550
OG0005123	F9C07_6819	Afu5g08270	AN7710	An03g04530
OG0005124	F9C07_2203596	Afu5g08235	AN7712	An03g04500
OG0005125	F9C07_1615031	Afu5g08230	AN7713	An03g04470
OG0005126	F9C07_1617965	Afu5g08210	AN7715	An03g04410
OG0005127	F9C07_6808	Afu5g08200	AN11006	An03g04400
OG0005128	F9C07_6806	Afu5g08190	AN7717	An03g04390
OG0005129	F9C07_2107517	Afu5g08170	AN11004	An03g04380
OG0005130	F9C07_6802	Afu5g08140	AN7720	An03g04350
OG0005131	F9C07_2284378	Afu5g08130	AN7721	An03g04340
OG0005132	F9C07_6800	Afu5g08120	AN7722	An03g04330
OG0005133	F9C07_2284380	Afu5g08110	AN7723	An03g04320
OG0005134	F9C07_2284381	Afu5g08100	AN7724	An03g04310
OG0005135	F9C07_2284382	Afu5g08090	AN7725	An03g04280
OG0005136	F9C07_2092408	Afu5g08060	AN7731	An03g04250
OG0005137	F9C07_6792	Afu5g08040	AN11007	An03g04215
OG0005138	F9C07_6790	Afu5g08030	AN7735	An03g04190
OG0005139	F9C07_1622065	Afu5g08020	AN7734	An03g04180
OG0005140	F9C07_6787	Afu5g08010	AN7733	An03g04140
OG0005141	F9C07_6786	Afu5g08000	AN7726	An03g03940
OG0005142	F9C07_6784	Afu5g07970	AN7729	An03g04060
OG0005143	F9C07_6783	Afu5g07960	AN7736	An03g04080
OG0005144	F9C07_2203617	Afu5g07950	AN7737	An03g04090
OG0005145	F9C07_6779	Afu5g07940	AN7739	An03g04110
OG0005146	F9C07_6778	Afu5g07930	AN7741	An03g04120
OG0005147	F9C07_6777	Afu5g07920	AN11019	An03g04130
OG0005148	F9C07_2161661	Afu5g07902	AN11018	An03g03930
OG0005149	F9C07_6772	Afu5g07890	AN7742	An03g03900
OG0005150	F9C07_6771	Afu5g07880	AN7743	An03g03890
OG0005151	F9C07_6768	Afu5g07870	AN7744	An03g03870
OG0005152	F9C07_6767	Afu5g07860	AN7745	An03g03860
OG0005153	F9C07_6766	Afu5g07850	AN7746	An03g03850
OG0005154	F9C07_2284408	Afu5g07830	AN7750	An03g03830
OG0005155	F9C07_6765	Afu5g07840	AN7747	An03g03840
OG0005156	F9C07_6761	Afu5g07800	AN7749	An03g03800
OG0005157	F9C07_6759	Afu5g07780	AN11008	An03g03770
OG0005158	F9C07_2203631	Afu5g07770	AN11022	An15g02670
OG0005159	F9C07_2191021	Afu5g07750	AN7752	An15g02690
OG0005160	F9C07_2284417	Afu5g07740	AN7753	An15g02700
OG0005161	F9C07_6752	Afu5g07720	AN7755	An02g05190
OG0005162	F9C07_2233661	Afu5g07710	AN7757	An15g02740
OG0005163	F9C07_2284426	Afu5g07680	AN7759	An15g02750
OG0005164	F9C07_2073235	Afu5g07670	AN7760	An15g02760
OG0005165	F9C07_6744	Afu5g07660	AN7761	An15g02770
OG0005166	F9C07_2107571	Afu5g07570	AN11009	An15g02820
OG0005167	F9C07_6740	Afu5g07580	AN7764	An15g02830
OG0005168	F9C07_2284438	Afu5g07480	AN7771	An15g02850
OG0005169	F9C07_2284439	Afu5g07470	AN7770	An15g02860
OG0005170	F9C07_6729	Afu5g07450	AN7785	An15g02880
OG0005171	F9C07_1626390	Afu5g07440	AN11010	An15g02890
OG0005172	F9C07_6726	Afu5g07430	AN7783	An15g02900
OG0005173	F9C07_2071774	Afu2g00370	AN8361	An12g10280
OG0005174	F9C07_6698	Afu2g00310	AN7777	An09g03250
OG0005175	F9C07_6689	Afu1g01640	AN3970	An05g02200
OG0005176	F9C07_6687		AN8006	An03g02360, An03g02400
OG0005177	F9C07_2233716	Afu3g14310	AN2517	An09g04145
OG0005178	F9C07_6684	Afu3g14320	AN2518	An09g04170
OG0005179	F9C07_6683	Afu3g14330	AN2520	An09g04180
OG0005180	F9C07_2233719	Afu3g14380	AN2521	An09g04190
OG0005181	F9C07_2284484	Afu2g01920	AN9157	An03g01280
OG0005182	F9C07_6672		AN10390	An12g00980, An18g01730
OG0005183	F9C07_2284487	Afu3g14410	AN2522	An09g04050
OG0005184	F9C07_6667	Afu3g14430	AN10324	An09g04000
OG0005185	F9C07_2233733	Afu3g14440	AN11347	An09g03990
OG0005186	F9C07_6665	Afu3g14445	AN10317	An09g03980
OG0005187	F9C07_6663	Afu3g14460	AN10322	An09g03970
OG0005188	F9C07_6639	Afu3g14490	AN2526	An09g03940
OG0005189	F9C07_6638	Afu3g14500	AN2527	An09g02120
OG0005190	F9C07_2233766	Afu3g14550	AN11961	An09g01660
OG0005191	F9C07_2233767	Afu3g14560	AN2531	An09g01650
OG0005192	F9C07_6632	Afu6g11880	AN1835	An11g01430
OG0005193	F9C07_6624	Afu6g11260	AN0570	An11g09120
OG0005194	F9C07_2284562	Afu3g14570	AN8389	An09g01630
OG0005195	F9C07_6584	Afu8g07260	AN11697	An09g01560
OG0005196	F9C07_2107724, F9C07_7923		AN12148	An03g06580
OG0005197	F9C07_6568	Afu3g14590	AN2532	An09g01550
OG0005198	F9C07_2054692, F9C07_2284580	Afu1g17290		An15g02470
OG0005199	F9C07_2072875	Afu3g14600	AN11962	An09g01540
OG0005200	F9C07_2092793	Afu3g14650	AN2326	An09g01220
OG0005201	F9C07_6554	Afu5g01380	AN5938	An16g00850
OG0005202	F9C07_2203774, F9C07_7912			An03g00890, An04g10290
OG0005203	F9C07_6545	Afu3g00490, Afu8g05800		An11g09040
OG0005204	F9C07_2284604			An08g09580, An14g06160, An15g04010
OG0005205	F9C07_1638002	Afu3g15050	AN2558	An14g03430
OG0005206	F9C07_2258619	Afu3g15020	AN2560	An09g01090
OG0005207	F9C07_1638097	Afu2g01360	AN7668	An03g05080
OG0005208	F9C07_2070964	Afu2g01350	AN7666	An03g05090
OG0005209	F9C07_6471	Afu2g01270	AN7662	An03g05160
OG0005210	F9C07_6470	Afu2g01260	AN7661	An03g05170
OG0005211	F9C07_2284662	Afu2g01210	AN7659	An10g00360
OG0005212	F9C07_2233921	Afu2g01200	AN10999	An10g00370
OG0005213	F9C07_2125655, F9C07_6464	Afu2g01190		An10g00380
OG0005214	F9C07_6457	Afu2g01170	AN7657	An10g00400
OG0005215	F9C07_6450	Afu2g01140	AN7654	An10g00430
OG0005216	F9C07_2222509	Afu2g01120	AN10978	An10g00440
OG0005217	F9C07_1640219	Afu2g01090	AN7652	An10g00460
OG0005218	F9C07_6445	Afu2g01080	AN7651	An10g00470
OG0005219	F9C07_6444	Afu2g01070	AN11995	An10g00480
OG0005220	F9C07_2284681	Afu2g01060	AN11994	An10g00490
OG0005221	F9C07_6442	Afu2g01050	AN7649	An10g00500
OG0005222	F9C07_2233951		AN12482, AN3216, AN6937	
OG0005223	F9C07_6424	Afu2g01010	AN7625	An10g00530
OG0005224	F9C07_2284699	Afu2g01000	AN7626	An10g00540
OG0005225	F9C07_2222536	Afu2g00820	AN9287	An10g00790
OG0005226	F9C07_6408	Afu2g00810	AN10683	An10g00800
OG0005227	F9C07_2284713	Afu2g00790	AN10977	An10g00810
OG0005228	F9C07_2070197	Afu5g13710	AN7407	An02g14290
OG0005229	F9C07_2284730	Afu2g00760	AN7646	An10g00870
OG0005230	F9C07_6385	Afu2g00750	AN2668	An10g00860
OG0005231	F9C07_2284738	Afu2g00630, Afu4g14700	AN1792	
OG0005232	F9C07_2245449	Afu5g07420	AN3951	An09g03880
OG0005233	F9C07_6370	Afu5g07360	AN7641	An17g00010
OG0005234	F9C07_6355	Afu5g06970	AN10975	An17g00170
OG0005235	F9C07_6349	Afu5g07010	AN2209	An17g00230
OG0005236	F9C07_2284763	Afu5g07020	AN2210	An17g00240
OG0005237	F9C07_6347	Afu5g07030	AN2211	An17g00250
OG0005238	F9C07_6346	Afu5g07040	AN2212	An17g00260
OG0005239	F9C07_2284766	Afu5g07050	AN2213	An17g00270
OG0005240	F9C07_2284767	Afu5g07060	AN2214	An17g00280
OG0005241	F9C07_6343	Afu5g07070	AN2218	An17g00290
OG0005242	F9C07_6340	Afu5g07080	AN2217	An17g00300
OG0005243	F9C07_6339	Afu5g07090	AN2216	An17g00310
OG0005244	F9C07_6336	Afu5g07100	AN2215	An17g00320
OG0005245	F9C07_6335	Afu5g07110	AN2219	An17g00330
OG0005246	F9C07_2284775	Afu5g07120	AN12475	An17g00370
OG0005247	F9C07_6332	Afu5g07130	AN2222	An17g00400
OG0005248	F9C07_6331	Afu5g07140	AN2223	An17g00570
OG0005249	F9C07_6330	Afu5g07150	AN2224	An17g00560
OG0005250	F9C07_2284784	Afu5g07180	AN2226	An17g00530
OG0005251	F9C07_6308	Afu7g00720	AN8443	An12g10400
OG0005252	F9C07_1647511	Afu5g07200	AN2228	An17g00620
OG0005253	F9C07_2163056	Afu5g07210	AN2229	An17g00630
OG0005254	F9C07_6301	Afu5g07240	AN2231	An17g00670
OG0005255	F9C07_2234079	Afu5g07250	AN2232	An17g00680
OG0005256	F9C07_6299	Afu5g07260	AN2233	An17g00690
OG0005257	F9C07_2284804	Afu5g07265	AN2234	An17g00700
OG0005258	F9C07_6297	Afu5g07270	AN2235	An17g00710
OG0005259	F9C07_2284807	Afu5g07290	AN10283	An17g00720
OG0005260	F9C07_6294	Afu5g07300	AN10278	An17g00730
OG0005261	F9C07_2284813	Afu5g07340	AN2238	An17g00770
OG0005262	F9C07_2284814	Afu5g06810	AN2240	An17g00780
OG0005263	F9C07_2284817	Afu5g06780	AN2243	An17g00820
OG0005264	F9C07_2284820	Afu5g06750	AN2246	An17g00860
OG0005265	F9C07_1647943	Afu5g06770	AN2244	An17g00840
OG0005266	F9C07_6282	Afu5g06760	AN2245	An17g00850
OG0005267	F9C07_2163116	Afu5g06740	AN2247	An17g00870
OG0005268	F9C07_2107990	Afu5g06700	AN10281	An17g00890
OG0005269	F9C07_6277	Afu5g06690	AN10280	An17g00900
OG0005270	F9C07_2284824	Afu5g06680	AN2248	An17g00910
OG0005271	F9C07_2163129	Afu5g06670	AN2249	An17g00940
OG0005272	F9C07_2163149, F9C07_2234483	Afu6g02170	AN8683	
OG0005273	F9C07_1651564	Afu5g06660	AN2251	An17g01000
OG0005274	F9C07_6271	Afu5g06653	AN2252	An17g01010
OG0005275	F9C07_6270	Afu5g06647	AN2253	An17g01020
OG0005276	F9C07_6266	Afu5g06610	AN12476	An09g03030
OG0005277	F9C07_2163206	Afu5g06600	AN2255	An17g01050
OG0005278	F9C07_2284836	Afu5g06590	AN2256	An17g01060
OG0005279	F9C07_6261	Afu5g06560	AN2258	An17g01090
OG0005280	F9C07_6260	Afu5g06550	AN2259	An17g01100
OG0005281	F9C07_6259	Afu5g06540	AN2260	An17g01110
OG0005282	F9C07_2284841	Afu5g06530	AN2261	An17g01120
OG0005283	F9C07_1651442	Afu3g03150	AN11809	An07g01700
OG0005284	F9C07_2163269	Afu6g03730	AN6639	An15g01780
OG0005285	F9C07_6245	Afu3g15060	AN7780	An09g03330
OG0005286	F9C07_2038056	Afu6g03740	AN6638	An15g01770
OG0005287	F9C07_6242	Afu6g03750	AN10837	An15g01760
OG0005288	F9C07_6241	Afu6g03760	AN10840	An15g01750
OG0005289	F9C07_6240	Afu6g03770	AN6636	An15g01740
OG0005290	F9C07_1658383	Afu6g03780	AN6634	An03g03510
OG0005291	F9C07_2284856	Afu6g03800	AN2183	An15g01720
OG0005292	F9C07_2093349	Afu6g03810	AN6631	An15g01710
OG0005293	F9C07_2284857	Afu6g03820	AN6630	An15g01700
OG0005294	F9C07_2284858	Afu6g03830	AN6629	An15g01690
OG0005295	F9C07_6232	Afu6g03840	AN6628	An15g01680
OG0005296	F9C07_6231	Afu6g03850	AN6627	An15g01670
OG0005297	F9C07_2163308	Afu6g03870	AN6624	An15g01640
OG0005298	F9C07_6230	Afu6g03860	AN6623	An15g01650
OG0005299	F9C07_6225	Afu6g03900	AN6625	An15g01620
OG0005300	F9C07_6223	Afu6g03910	AN6626	An15g01600
OG0005301	F9C07_2234151	Afu6g03930	AN10842	An15g01580
OG0005302	F9C07_6221	Afu6g03940	AN6618	An15g01560
OG0005303	F9C07_2234153	Afu6g03990	AN6617	An15g01550
OG0005304	F9C07_2284869	Afu6g03970	AN6616	An15g01530
OG0005305	F9C07_6218	Afu6g03960	AN6615	An15g01520
OG0005306	F9C07_2163396	Afu6g03950	AN6614	An15g01510
OG0005307	F9C07_6215	Afu6g04265	AN6613	An15g01490
OG0005308	F9C07_2284873	Afu6g04260	AN6612	An15g01480
OG0005309	F9C07_2284874	Afu6g04250	AN6611	An15g01470
OG0005310	F9C07_2163410	Afu6g04240	AN6610	An15g01460
OG0005311	F9C07_6211	Afu6g04230	AN6609	An15g01450
OG0005312	F9C07_1652926	Afu6g04190	AN6608	An15g01440
OG0005313	F9C07_2284878	Afu6g04210	AN6606	An15g01420
OG0005314	F9C07_2234164	Afu6g04200	AN6607	An15g01430
OG0005315	F9C07_6206	Afu6g04220	AN10839	An15g01410
OG0005316	F9C07_6205	Afu6g04180	AN10835	An15g01400
OG0005317	F9C07_2234168	Afu6g04170	AN6604	An15g01390
OG0005318	F9C07_2284882	Afu6g04140	AN6603	An15g01370
OG0005319	F9C07_2284883	Afu6g04120	AN6602	An15g01360
OG0005320	F9C07_2284884	Afu6g04110	AN6601	An15g01350
OG0005321	F9C07_2284887	Afu6g04080	AN6598	An15g01320
OG0005322	F9C07_1663101	Afu6g04100	AN6600	An15g01340
OG0005323	F9C07_6198	Afu6g04090	AN6599	An15g01330
OG0005324	F9C07_6196	Afu6g04070	AN6597	An15g01310
OG0005325	F9C07_6195	Afu6g04060	AN6596	An15g01300
OG0005326	F9C07_6194	Afu6g04050	AN6594	An15g01290
OG0005327	F9C07_6192	Afu6g04030	AN6593	An15g01270
OG0005328	F9C07_6190	Afu6g04020	AN12011	An15g01250
OG0005329	F9C07_6189	Afu6g04010	AN6591	An15g01240
OG0005330	F9C07_1663780	Afu6g04000	AN6590	An15g01230
OG0005331	F9C07_6186	Afu6g04300	AN6588	An15g01200
OG0005332	F9C07_2284896	Afu6g04310	AN6587	An15g01180
OG0005333	F9C07_2284897	Afu6g04320	AN6586	An15g01170
OG0005334	F9C07_2163533	Afu6g04330	AN6585	An15g01160
OG0005335	F9C07_6181	Afu6g04350	AN6583	An15g01140
OG0005336	F9C07_2234192	Afu6g04360	AN6581	An15g01130
OG0005337	F9C07_2071416	Afu6g04490	AN6578	An15g01110
OG0005338	F9C07_2070308	Afu6g04470	AN6579	An15g01120
OG0005339	F9C07_1664506	Afu6g04460	AN6580	An15g01020
OG0005340	F9C07_6170	Afu6g04440	AN6577	An15g01000
OG0005341	F9C07_2284912	Afu6g04420	AN9528	An15g00980
OG0005342	F9C07_6169	Afu6g04430	AN6576	An15g00990
OG0005343	F9C07_2108087	Afu6g04410	AN9529	An15g00970
OG0005344	F9C07_6166	Afu6g04400	AN6575	An15g00960
OG0005345	F9C07_2093449	Afu6g04390	AN6574	An15g00950
OG0005346	F9C07_1665500	Afu6g04380	AN6572	An15g00930
OG0005347	F9C07_2284917	Afu6g04500	AN6570	An15g00910
OG0005348	F9C07_2284918	Afu6g04510	AN6569	An15g00900
OG0005349	F9C07_6159	Afu6g04520	AN6568	An15g00890
OG0005350	F9C07_6158	Afu6g04530	AN6567	An15g00880
OG0005351	F9C07_2163643	Afu6g04540	AN6566	An15g00870
OG0005352	F9C07_1666098	Afu6g04550	AN6565	An15g00790
OG0005353	F9C07_6155	Afu6g04560	AN6564	An15g00770
OG0005354	F9C07_2234215	Afu6g04580	AN6562	An15g00740
OG0005355	F9C07_6152	Afu6g04590	AN6561	An15g00730
OG0005356	F9C07_6151	Afu6g04600	AN6560	An15g00728
OG0005357	F9C07_2234218	Afu6g04610	AN6558	An15g00700
OG0005358	F9C07_6149	Afu6g04620	AN6557	An15g00690
OG0005359	F9C07_6148	Afu6g04630	AN6556	An15g00680
OG0005360	F9C07_6147	Afu6g04640	AN6555	An15g00670
OG0005361	F9C07_1666499	Afu6g04650	AN6553	An15g00660
OG0005362	F9C07_6143	Afu6g04660	AN6554	An15g00650
OG0005363	F9C07_6142	Afu6g04670	AN12122	An15g00640
OG0005364	F9C07_2234228	Afu6g04690	AN6535	An15g00620
OG0005365	F9C07_6137	Afu6g04700	AN6536	An15g00610
OG0005366	F9C07_2108117	Afu6g04705	AN6537	An15g00600
OG0005367	F9C07_6135	Afu6g04710	AN6538	An15g00590
OG0005368	F9C07_6134	Afu6g04720	AN6540	An15g00580
OG0005369	F9C07_2284940	Afu6g04730	AN6541	An15g00570
OG0005370	F9C07_6131	Afu6g04750	AN6543	An15g00550
OG0005371	F9C07_2234236	Afu6g04760	AN6544	An15g00540
OG0005372	F9C07_2234237	Afu6g04770	AN6545	An15g00530
OG0005373	F9C07_2284943	Afu6g04780	AN6546	An15g00520
OG0005374	F9C07_2284944	Afu6g04790	AN6547	An15g00510
OG0005375	F9C07_6126	Afu6g04810	AN6549	An15g00490
OG0005376	F9C07_6125	Afu6g04820	AN6550	An03g03130
OG0005377	F9C07_6124	Afu6g04830	AN6551	An15g00480
OG0005378	F9C07_6123	Afu6g04840	AN6533	An15g00470
OG0005379	F9C07_6122	Afu6g04850	AN6532	An15g02390
OG0005380	F9C07_6121	Afu6g04870	AN6531	An15g00460
OG0005381	F9C07_2284950	Afu6g04860	AN6530	An15g00450
OG0005382	F9C07_2093518	Afu6g04880	AN6529	An15g00440
OG0005383	F9C07_2234249	Afu6g04890	AN6528	An14g03420
OG0005384	F9C07_1667823	Afu6g04900	AN6527	An14g03410
OG0005385	F9C07_2163787	Afu6g04910	AN6526	An15g00420
OG0005386	F9C07_6114	Afu6g04930	AN6524	An15g00400
OG0005387	F9C07_2204068	Afu6g04940	AN6523	An15g00390
OG0005388	F9C07_6110	Afu5g08890	AN6521	An15g00350
OG0005389	F9C07_6109	Afu6g04990	AN10825	An15g00330
OG0005390	F9C07_1667298	Afu6g05010	AN3835	An15g00300
OG0005391	F9C07_1671563	Afu6g05040	AN6517	An15g00270
OG0005392	F9C07_1672171	Afu6g05045	AN6516	An15g00260
OG0005393	F9C07_6102	Afu6g05050	AN6515	An15g00250
OG0005394	F9C07_1671346	Afu6g05060	AN6514	An15g00240
OG0005395	F9C07_6100	Afu6g05070	AN6513	An15g00230
OG0005396	F9C07_2284969	Afu6g05080	AN6512	An15g00220
OG0005397	F9C07_2108154	Afu6g05090	AN10832	An15g00210
OG0005398	F9C07_1671364	Afu6g05100	AN10824	An15g00200
OG0005399	F9C07_6095	Afu6g05110	AN6510	An15g00190
OG0005400	F9C07_6093	Afu6g05120	AN6508	An15g00170
OG0005401	F9C07_2284975	Afu6g05130	AN6507	An15g00160
OG0005402	F9C07_2284978	Afu6g05160	AN6503	An15g00120
OG0005403	F9C07_2284979	Afu6g05170	AN10823	An15g00110
OG0005404	F9C07_6087	Afu6g05180	AN6501	An15g00100
OG0005405	F9C07_6086	Afu6g05190	AN10827	An15g00090
OG0005406	F9C07_6085	Afu6g05200	AN6500	An15g00080
OG0005407	F9C07_6084	Afu6g05210	AN6499	An15g00070
OG0005408	F9C07_6083	Afu6g05220	AN10826	An15g00060
OG0005409	F9C07_2163969	Afu6g05240	AN10822	An15g00050
OG0005410	F9C07_2093600	Afu6g05260	AN6496	An15g00030
OG0005411	F9C07_2234288	Afu6g05270	AN6495	An15g00025
OG0005412	F9C07_2234289	Afu6g05280	AN6494	An15g00020
OG0005413	F9C07_1674300	Afu6g05290	AN6493	An15g00010
OG0005414	F9C07_2164035, F9C07_2285401	Afu3g04300	AN5797	
OG0005415	F9C07_1676300	Afu3g04260	AN9409	An01g00030
OG0005416	F9C07_2204106	Afu3g04200	AN9406	An01g00070
OG0005417	F9C07_8606	Afu3g04180	AN9404	An01g00090
OG0005418	F9C07_8607	Afu3g04170	AN9403	An01g00100
OG0005419	F9C07_8608	Afu3g04160	AN9402	An01g00110
OG0005420	F9C07_1677267	Afu3g04130	AN9400	An01g00130
OG0005421	F9C07_8611	Afu3g04120	AN9399	An01g00140
OG0005422	F9C07_2285006	Afu3g04110	AN9398	An01g00150
OG0005423	F9C07_2164095	Afu3g04070	AN9397	An01g00160
OG0005424	F9C07_2164096	Afu3g04060	AN9396	An01g00170
OG0005425	F9C07_8615	Afu3g04040	AN9395	An01g00190
OG0005426	F9C07_8617	Afu3g04030	AN9394	An01g00200
OG0005427	F9C07_1677618	Afu3g04020	AN12386	An03g03650
OG0005428	F9C07_8623	Afu3g04000	AN9393	An01g00220
OG0005429	F9C07_2259293	Afu4g01242	AN3303	An13g01870
OG0005430	F9C07_8632	Afu3g03990		An01g00800, An16g00670
OG0005431	F9C07_8661	Afu5g10640	AN0057	An02g02010
OG0005432	F9C07_8680	Afu6g10300	AN8571	An03g02980
OG0005433	F9C07_2070808, F9C07_2285717	Afu3g02430		An02g10610
OG0005434	F9C07_8695	Afu7g01750	AN1239	An12g00960
OG0005435	F9C07_8717	Afu3g02390	AN11828	An01g01050
OG0005436	F9C07_8718	Afu3g02380	AN9362	An01g01060
OG0005437	F9C07_2285094	Afu3g02320	AN9360	An01g01500
OG0005438	F9C07_2285095	Afu3g02330	AN9359	An01g01390
OG0005439	F9C07_8724	Afu3g02340	AN9358	An01g01090
OG0005440	F9C07_8728	Afu3g02360	AN9356	An01g01070
OG0005441	F9C07_8729	Afu3g02310	AN4355	An01g01520
OG0005442	F9C07_8734	Afu3g02280	AN9340	An01g01540
OG0005443	F9C07_1680754	Afu5g14750	AN0198	An14g07220
OG0005444	F9C07_2218327, F9C07_8755		AN6772	An01g01560
OG0005445	F9C07_2234461	Afu1g06370	AN4220	An18g04870
OG0005446	F9C07_2285128	Afu1g06380	AN4219	An18g04850
OG0005447	F9C07_8764	Afu1g05920	AN4193	An18g03670
OG0005448	F9C07_2285131	Afu1g05930	AN10515	An18g03660
OG0005449	F9C07_2164558	Afu1g05940	AN10521	An18g03640
OG0005450	F9C07_8768	Afu6g02040	AN8669	An12g08830
OG0005451	F9C07_2164573	Afu6g02050	AN8670	An12g08820
OG0005452	F9C07_2234472	Afu6g02060	AN8671	An12g08800
OG0005453	F9C07_1683383	Afu6g02080	AN8673	An12g08770
OG0005454	F9C07_8774	Afu6g02090	AN8674	An12g08760
OG0005455	F9C07_1683385	Afu6g02100	AN8675	An12g08750
OG0005456	F9C07_8776	Afu6g02110	AN8676	An12g08730
OG0005457	F9C07_8777	Afu6g02120	AN8677	An12g08720
OG0005458	F9C07_2285141	Afu6g02130	AN8679	An12g08690
OG0005459	F9C07_8779	Afu6g02140	AN8680	An12g08680
OG0005460	F9C07_8780	Afu6g02150	AN8681	An15g02400
OG0005461	F9C07_2070284	Afu6g02160	AN8682	An12g08670
OG0005462	F9C07_8782	Afu6g02180	AN8684	An12g08660
OG0005463	F9C07_8783	Afu6g02190	AN8685	An12g08650
OG0005464	F9C07_2285145	Afu6g02200	AN8687	An12g08640
OG0005465	F9C07_8785	Afu6g02210	AN9007	An12g08630
OG0005466	F9C07_2285149	Afu6g02270	AN8691	An12g08580
OG0005467	F9C07_8788	Afu6g02260	AN8690	An12g08590
OG0005468	F9C07_2285152	Afu6g02300	AN11101	An12g08530
OG0005469	F9C07_1684078	Afu6g02350	AN8696	An12g08400
OG0005470	F9C07_2245862	Afu6g02360	AN8697	An12g08390
OG0005471	F9C07_8803	Afu6g02370	AN8698	An12g08380
OG0005472	F9C07_8804	Afu6g02380	AN11102	An12g08370
OG0005473	F9C07_8805	Afu6g02390	AN11106	An12g08360
OG0005474	F9C07_8806	Afu6g02400	AN11103	An12g08350
OG0005475	F9C07_8807	Afu6g02410	AN8701	An12g07800
OG0005476	F9C07_8808	Afu6g02420	AN8702	An12g07810
OG0005477	F9C07_2093938	Afu6g02440	AN8704	An12g07830
OG0005478	F9C07_8811	Afu6g02460	AN8706	An12g07840
OG0005479	F9C07_8812	Afu6g02470	AN8707	An12g07850
OG0005480	F9C07_8815	Afu6g02510	AN8710	An12g07880
OG0005481	F9C07_2108387	Afu6g02515	AN8711	An12g07890
OG0005482	F9C07_2285169	Afu6g02520	AN8712	An12g07900
OG0005483	F9C07_2285170	Afu6g02530	AN8713	An12g07910
OG0005484	F9C07_1684461	Afu6g02540	AN11104	An12g07930
OG0005485	F9C07_8818	Afu6g02535	AN8714	An12g07920
OG0005486	F9C07_8820	Afu6g02550	AN11107	An12g07950
OG0005487	F9C07_8821	Afu6g02570	AN8721	An12g07960
OG0005488	F9C07_1683767	Afu6g02620	AN8718	An12g08000
OG0005489	F9C07_2164831	Afu6g02630	AN8722	An12g08030
OG0005490	F9C07_8828	Afu6g02650	AN8723	An12g08060
OG0005491	F9C07_8829	Afu6g02660	AN8724	An12g08090
OG0005492	F9C07_1689886	Afu6g02670	AN9504	An12g08100
OG0005493	F9C07_2285186	Afu6g02690	AN8741	An12g08230
OG0005494	F9C07_2164954	Afu6g02700	AN8742	An12g08240
OG0005495	F9C07_2234534	Afu6g02705	AN11630	An12g08250
OG0005496	F9C07_8840	Afu6g02710	AN8743	An12g08260
OG0005497	F9C07_8841	Afu6g02720	AN8744	An12g08270
OG0005498	F9C07_2285193		AN11111	An04g02600, An08g11030
OG0005499	F9C07_2285194	Afu6g02740	AN11115	An12g08340
OG0005500	F9C07_8848	Afu6g02780	AN8748	An12g07760
OG0005501	F9C07_2234547	Afu6g02820		An02g13160, An12g07720
OG0005502	F9C07_8853	Afu6g02870	AN11119	An12g07600
OG0005503	F9C07_2285203	Afu6g02860	AN8755	An12g07630
OG0005504	F9C07_2165031	Afu6g02840	AN8751	An12g07710
OG0005505	F9C07_2285209	Afu6g02830	AN8750	An12g07715
OG0005506	F9C07_2285211	Afu2g01860	AN4565	An07g05550
OG0005507	F9C07_8869	Afu5g08500	AN4663	An07g05160
OG0005508	F9C07_1692963	Afu5g08510	AN4664	An07g05150
OG0005509	F9C07_8872	Afu5g08520	AN4665	An07g05140
OG0005510	F9C07_2072665	Afu5g08530	AN4666	An07g05130
OG0005511	F9C07_8873	Afu5g08540	AN4667	An07g05110
OG0005512	F9C07_8874	Afu5g08550	AN4719	An07g05090
OG0005513	F9C07_8876	Afu5g08570	AN4717	An07g05060
OG0005514	F9C07_1692754	Afu5g08580	AN4716	An07g04940
OG0005515	F9C07_8879	Afu2g03750	AN3811	An07g08330
OG0005516	F9C07_8880	Afu2g03740	AN3812	An07g08320
OG0005517	F9C07_2285226	Afu2g03710	AN3815	An07g08290
OG0005518	F9C07_8887	Afu2g03690	AN3818	An07g08250
OG0005519	F9C07_2204292	Afu2g03680	AN3819	An07g08240
OG0005520	F9C07_1694325	Afu2g03650	AN3821	An07g08220
OG0005521	F9C07_2071955	Afu2g03640	AN9463	An07g08210
OG0005522	F9C07_8893	Afu2g03630	AN9462	An07g08200
OG0005523	F9C07_2285232	Afu2g03620	AN9002	An07g08190
OG0005524	F9C07_2285233	Afu2g03610	AN12478	An07g08170
OG0005525	F9C07_2285234	Afu2g03600	AN3822	An07g08160
OG0005526	F9C07_8898	Afu2g03580	AN3824	An07g08140
OG0005527	F9C07_8909	Afu2g03490	AN4483	An07g07970
OG0005528	F9C07_8910	Afu2g03480	AN4484	An07g07940
OG0005529	F9C07_2165172	Afu2g03460	AN4486	An07g07930
OG0005530	F9C07_1696332	Afu2g03440	AN4488	An07g07910
OG0005531	F9C07_2285250	Afu2g03420	AN4490	An07g07880
OG0005532	F9C07_8919	Afu2g03410	AN4491	An07g07870
OG0005533	F9C07_8920	Afu2g03400	AN4492	An07g07860
OG0005534	F9C07_1695827	Afu2g03380	AN4494	An07g07840
OG0005535	F9C07_2072960	Afu2g03360	AN4496	An07g07820
OG0005536	F9C07_8927	Afu2g03350	AN4497	An07g07810
OG0005537	F9C07_8928	Afu2g03320	AN4498	An07g07800
OG0005538	F9C07_2234619	Afu2g03310	AN4499	An07g07790
OG0005539	F9C07_2234620	Afu2g03300	AN4500	An07g07780
OG0005540	F9C07_8931	Afu2g03280	AN4502	An07g07740
OG0005541	F9C07_8932	Afu2g03270	AN4504	An07g07700
OG0005542	F9C07_8933	Afu2g03260	AN4505	An07g07690
OG0005543	F9C07_1695849	Afu2g03250	AN4506	An07g07680
OG0005544	F9C07_8935	Afu2g03220	AN4508	An07g07670
OG0005545	F9C07_2285261	Afu2g03210	AN11910	An07g07660
OG0005546	F9C07_8937	Afu2g03200	AN4509	An07g07650
OG0005547	F9C07_8939	Afu2g03170	AN4510	An07g07610
OG0005548	F9C07_8941	Afu2g03160	AN4511	An07g07590
OG0005549	F9C07_2285267	Afu2g03150	AN4513	An07g07570
OG0005550	F9C07_8942	Afu2g03155	AN4512	An07g07580
OG0005551	F9C07_1699704	Afu2g03140	AN10562	An07g07560
OG0005552	F9C07_2070811	Afu2g03130	AN10566	An07g07550
OG0005553	F9C07_2285271	Afu2g03100	AN10569	An07g07510
OG0005554	F9C07_8952	Afu5g11650	AN0130	An18g03090
OG0005555	F9C07_2234642	Afu5g11660	AN0127	An18g03070
OG0005556	F9C07_2222919	Afu5g11670	AN0128	An18g03060
OG0005557	F9C07_8955	Afu5g11690	AN0129	An18g03040
OG0005558	F9C07_1700014	Afu5g11700	AN0126	An18g03030
OG0005559	F9C07_8957	Afu5g11710	AN10016	An18g03020
OG0005560	F9C07_2234647	Afu5g11720	AN10020	An18g03010
OG0005561	F9C07_1699952	Afu5g11730	AN0124	An18g03000
OG0005562	F9C07_2285279	Afu5g11740	AN0123	An18g02990
OG0005563	F9C07_8960	Afu5g11750	AN0122	An18g02980
OG0005564	F9C07_8962	Afu5g11780	AN0120	An18g02960
OG0005565	F9C07_2285283	Afu5g11790	AN0119	An18g02950
OG0005566	F9C07_2285285	Afu5g11810	AN0118	An18g02940
OG0005567	F9C07_2285286	Afu5g11900	AN0112	An18g02490
OG0005568	F9C07_8968	Afu5g11890	AN0113	An18g02510
OG0005569	F9C07_2204346	Afu5g11870	AN10017	An18g02830
OG0005570	F9C07_2165384	Afu5g11860	AN8145	An18g02840
OG0005571	F9C07_2285291	Afu5g11850	AN10018	An18g02850
OG0005572	F9C07_2165393	Afu5g11840	AN10019	An18g02860
OG0005573	F9C07_8974	Afu5g11830	AN0116	An18g02890
OG0005574	F9C07_2072339	Afu5g11820	AN0117	An18g02900
OG0005575	F9C07_2165407	Afu5g11910	AN0111	An18g02480
OG0005576	F9C07_2234667	Afu5g11920	AN0110	An18g02470
OG0005577	F9C07_1701899	Afu5g11930	AN0109	An18g02460
OG0005578	F9C07_8982	Afu5g11940	AN0108	An18g02440
OG0005579	F9C07_8983	Afu5g11960	AN0107	An18g02410
OG0005580	F9C07_2072484	Afu5g11970	AN0106	An18g02400
OG0005581	F9C07_8986	Afu5g11985	AN0105	An18g02370
OG0005582	F9C07_8987	Afu5g11990	AN0104	An18g02360
OG0005583	F9C07_2285307	Afu5g12020	AN0098	An18g02330
OG0005584	F9C07_2285308	Afu5g12040	AN9523	An18g02305
OG0005585	F9C07_2165455	Afu5g12050	AN0097	An03g02640
OG0005586	F9C07_2285312	Afu5g12070	AN0095	An18g02270
OG0005587	F9C07_2071146	Afu5g12080	AN0094	An18g02250
OG0005588	F9C07_1703629	Afu5g12090	AN0093	An18g02240
OG0005589	F9C07_8998	Afu5g12100	AN0092	An18g02230
OG0005590	F9C07_8999	Afu5g12110	AN0091	An09g02720
OG0005591	F9C07_2165501	Afu5g12120	AN0090	An18g02220
OG0005592	F9C07_2070875	Afu5g12130	AN0089	An18g02210
OG0005593	F9C07_9002	Afu5g12140	AN0088	An18g02200
OG0005594	F9C07_1703620	Afu5g12150	AN0087	An18g02190
OG0005595	F9C07_2165515	Afu5g12160	AN0086	An18g02170
OG0005596	F9C07_2165518	Afu5g12170	AN0085	An18g02150
OG0005597	F9C07_2165520	Afu5g12180	AN0084	An18g02140
OG0005598	F9C07_9008	Afu5g12200	AN0082	An18g02110
OG0005599	F9C07_2165556	Afu5g12210	AN0081	An18g02090
OG0005600	F9C07_9010	Afu5g12230	AN0078	An18g02060
OG0005601	F9C07_1702721	Afu5g12242	AN0077	An18g02050
OG0005602	F9C07_1704598	Afu5g12250	AN0076	An18g02010
OG0005603	F9C07_2285329	Afu5g12260	AN0075	An18g02020
OG0005604	F9C07_9015	Afu5g12270	AN0074	An01g02120
OG0005605	F9C07_9016	Afu5g12302	AN0073	An01g02110
OG0005606	F9C07_2072669	Afu5g12310	AN0072	An01g02100
OG0005607	F9C07_9018	Afu5g12320	AN0071	An01g02090
OG0005608	F9C07_9019	Afu5g12325	AN0070	An01g02080
OG0005609	F9C07_1703353	Afu5g12330	AN0069	An14g06880
OG0005610	F9C07_9022	Afu5g12350	AN0067	An14g06870
OG0005611	F9C07_9023	Afu5g12360	AN0066	An14g06860
OG0005612	F9C07_2165612	Afu5g12380	AN0064	An14g06840
OG0005613	F9C07_9024	Afu5g12370	AN0065	An14g06850
OG0005614	F9C07_2094325			An01g11190, An08g06190, An16g08590
OG0005615	F9C07_9029	Afu5g12390	AN0063	An14g06830
OG0005616	F9C07_9030	Afu5g12400	AN0062	An14g06820
OG0005617	F9C07_9031	Afu5g12410	AN0061	An14g06810
OG0005618	F9C07_2234716	Afu5g12420	AN10010	An14g06800
OG0005619	F9C07_9033	Afu5g12430	AN10012	An14g06790
OG0005620	F9C07_9034	Afu5g12440	AN0059	An14g06780
OG0005621	F9C07_2071915	Afu5g12450	AN12269	An14g06770
OG0005622	F9C07_2234722	Afu5g12460	AN0050	An14g06760
OG0005623	F9C07_9038	Afu5g12470	AN0051	An14g06750
OG0005624	F9C07_9041	Afu5g12500	AN0053	An14g06720
OG0005625	F9C07_9044	Afu5g12530	AN0056	An14g06670
OG0005626	F9C07_9047	Afu5g12550	AN0049	An14g06640
OG0005627	F9C07_1711394	Afu5g12560	AN0048	An14g06630
OG0005628	F9C07_2234733	Afu5g12570	AN10007	An14g06620
OG0005629	F9C07_9050	Afu5g12580	AN10003	An14g06610
OG0005630	F9C07_9051	Afu5g12590	AN0045	An14g06600
OG0005631	F9C07_9052	Afu5g12600	AN0044	An09g02250
OG0005632	F9C07_9053	Afu5g12610	AN0043	An09g02470
OG0005633	F9C07_2165705	Afu5g12620	AN0042	An14g06580
OG0005634	F9C07_9055	Afu5g12630	AN10006	An14g06570
OG0005635	F9C07_2070863	Afu5g12640	AN0040	An14g06560
OG0005636	F9C07_1711070	Afu5g12650	AN0039	An14g06550
OG0005637	F9C07_1712037	Afu5g12660	AN0038	An14g06540
OG0005638	F9C07_1711946	Afu5g12670	AN10002	An14g06530
OG0005639	F9C07_9062	Afu5g12680	AN10008	An14g06520
OG0005640	F9C07_9064	Afu5g12690	AN0034	An14g06500
OG0005641	F9C07_9065	Afu5g12910	AN1802	An14g06480
OG0005642	F9C07_2285375	Afu5g12900	AN6828	An14g06470
OG0005643	F9C07_9067	Afu5g12895	AN6827	An14g06460
OG0005644	F9C07_9070	Afu5g12890	AN6826	An14g06450
OG0005645	F9C07_9071	Afu5g12880	AN6825	An14g06440
OG0005646	F9C07_2285380	Afu5g12870	AN6824	An14g06430
OG0005647	F9C07_2285381	Afu5g12850	AN6822	An14g06350
OG0005648	F9C07_9074	Afu5g12860	AN6823	An14g06360
OG0005649	F9C07_2073045	Afu5g12840	AN6840	An14g06340
OG0005650	F9C07_9077	Afu5g12830	AN7959	An14g06330
OG0005651	F9C07_2234761	Afu5g12820	AN6841	An14g06320
OG0005652	F9C07_2285387	Afu5g12810	AN6842	An14g06310
OG0005653	F9C07_9080	Afu5g12800	AN6843	An14g06300
OG0005654	F9C07_1713153	Afu5g12790	AN6844	An14g06290
OG0005655	F9C07_1713155	Afu5g12930	AN6846	An14g06270
OG0005656	F9C07_2259832	Afu5g12980	AN6850	An14g06230
OG0005657	F9C07_9088	Afu5g12990	AN10854	An14g06220
OG0005658	F9C07_9089	Afu5g13000	AN6853	An14g06210
OG0005659	F9C07_9090	Afu5g13020	AN10855	An14g06200
OG0005660	F9C07_9092	Afu5g13040	AN6864	An14g06190
OG0005661	F9C07_2285398	Afu5g13050	AN6863	An14g06180
OG0005662	F9C07_2165875	Afu5g13070	AN6859	An14g06090
OG0005663	F9C07_9101	Afu5g13080	AN6858	An14g06070
OG0005664	F9C07_9103	Afu5g13100	AN6856	An14g06050
OG0005665	F9C07_9105	Afu5g13120	AN6865	An14g06020
OG0005666	F9C07_9106	Afu5g13130	AN6866	An14g06010
OG0005667	F9C07_1714895	Afu5g13140	AN6867	An14g06000
OG0005668	F9C07_1714752	Afu5g13150	AN6868	An14g05990
OG0005669	F9C07_2285415	Afu5g13180	AN6869	An14g05960
OG0005670	F9C07_2285417	Afu5g13160	AN6871	An14g05980
OG0005671	F9C07_2193046	Afu4g00235	AN7617	An16g01350
OG0005672	F9C07_2234798	Afu5g13190	AN6875	An14g05920
OG0005673	F9C07_9120	Afu5g13210	AN6874	An14g05910
OG0005674	F9C07_9121	Afu5g13220	AN6878	An14g05900
OG0005675	F9C07_9122	Afu5g13230	AN6879	An14g04560
OG0005676	F9C07_1715648	Afu5g13240	AN6880	An14g04590
OG0005677	F9C07_1715669	Afu5g13250	AN6885	An14g04640
OG0005678	F9C07_1715671	Afu5g13270	AN6886	An14g04650
OG0005679	F9C07_1715792	Afu5g13280	AN6887	An14g04670
OG0005680	F9C07_2070500	Afu5g13310	AN6889	An14g04720
OG0005681	F9C07_9132	Afu5g13320	AN6890	An14g04730
OG0005682	F9C07_9133	Afu5g13330	AN6891	An14g04740
OG0005683	F9C07_9134	Afu5g13340	AN6892	An14g04770
OG0005684	F9C07_2223051	Afu5g13350	AN6894	An14g04790
OG0005685	F9C07_2234816	Afu5g13380	AN6896	An14g04860
OG0005686	F9C07_2234817	Afu5g13392	AN6897	An14g04870
OG0005687	F9C07_2108683	Afu5g13410	AN6898	An14g04880
OG0005688	F9C07_2285445	Afu5g13440	AN6899	An14g04910
OG0005689	F9C07_2285446	Afu5g13450	AN6900	An14g04920
OG0005690	F9C07_9149	Afu5g13460	AN6901	An14g04930
OG0005691	F9C07_9150	Afu5g13470	AN6902	An14g04940
OG0005692	F9C07_9151	Afu5g13480	AN6903	An14g04950
OG0005693	F9C07_2285449	Afu5g13490	AN6904	An14g04960
OG0005694	F9C07_2070397	Afu5g13500	AN6905	An14g04970
OG0005695	F9C07_9154	Afu5g13510	AN6906	An14g04980
OG0005696	F9C07_2285455	Afu5g13530	AN11250	An14g05010
OG0005697	F9C07_9163	Afu5g13650	AN9451	An14g05190
OG0005698	F9C07_2285461	Afu5g13640	AN6915	An14g05170
OG0005699	F9C07_2234843	Afu5g13630	AN6914	An14g05160
OG0005700	F9C07_9166	Afu5g13620	AN6913	An14g05150
OG0005701	F9C07_9167	Afu5g13610	AN6912	An14g05140
OG0005702	F9C07_9168	Afu5g13600	AN6911	An14g05130
OG0005703	F9C07_2070030	Afu5g13570	AN6909	An14g05100
OG0005704	F9C07_2204507	Afu5g13560	AN6908	An14g05050
OG0005705	F9C07_2285469	Afu5g13540	AN12408	An14g05020
OG0005706	F9C07_1719355	Afu5g01245	AN3574	An12g02590
OG0005707	F9C07_2285532	Afu5g13865	AN12491	An14g05300
OG0005708	F9C07_2285533	Afu5g13890	AN6920	An14g05310
OG0005709	F9C07_2285534	Afu5g13920	AN6921	An14g05320
OG0005710	F9C07_9247	Afu5g13930	AN6922	An14g05330
OG0005711	F9C07_9248	Afu5g13940	AN10863	An14g05380
OG0005712	F9C07_9249	Afu2g03340	AN10865	An14g05390
OG0005713	F9C07_2234922	Afu8g01120	AN9483	An03g01130
OG0005714	F9C07_2234932, F9C07_2285562			An08g11330, An14g05450
OG0005715	F9C07_9262	Afu5g13970	AN2701	An14g05410
OG0005716	F9C07_2285552	Afu5g13990	AN2703	An14g05420
OG0005717	F9C07_1720871	Afu5g14010	AN2693	An14g05460
OG0005718	F9C07_2204591	Afu5g14020	AN2692	An14g05470
OG0005719	F9C07_9274	Afu5g14040	AN2689	An14g05500
OG0005720	F9C07_2073216	Afu5g14050	AN2688	An14g05510
OG0005721	F9C07_9276	Afu5g14060	AN2687	An14g05530
OG0005722	F9C07_9277	Afu5g14070	AN2686	An14g05540
OG0005723	F9C07_2285565	Afu1g12610	AN1047	An08g05300
OG0005724	F9C07_9282	Afu1g12630	AN1048	An08g05380
OG0005725	F9C07_9286	Afu6g00600	AN7786	An01g00950
OG0005726	F9C07_2285582	Afu1g03180	AN5940	An11g01330
OG0005727	F9C07_2285585	Afu2g00200	AN8553	An12g10720
OG0005728	F9C07_2070591	Afu7g00652	AN6747	An07g01380
OG0005729	F9C07_9322	Afu3g00250	AN3235	An09g00590
OG0005730	F9C07_2205456, F9C07_9328		AN8526, AN9513	
OG0005731	F9C07_9340	Afu2g06050	AN10954	An02g14630
OG0005732	F9C07_2285623	Afu3g03350, Afu3g15270		An04g06260
OG0005733	F9C07_2124852	Afu1g07650	AN5109	An07g10290
OG0005734	F9C07_9431	Afu8g07190	AN9163	An14g07150
OG0005735	F9C07_9460	Afu1g01250	AN4629	An01g01340
OG0005736	F9C07_9465	Afu1g01220	AN3486	An01g01360
OG0005737	F9C07_2276715	Afu6g08080, Afu8g01390		An12g03070
OG0005738	F9C07_2276739		AN11387, AN11544	An14g00460
OG0005739	F9C07_2099040	Afu7g07050, Afu7g08300		An08g11640
OG0005740	F9C07_2276764		AN5361, AN6388	An01g01260
OG0005741	F9C07_9548		AN2784, AN9281	An15g05320
OG0005742	F9C07_2276791	Afu3g03030	AN8566	An13g02000
OG0005743	F9C07_2224961	Afu3g02220	AN11076	An01g02020
OG0005744	F9C07_2125482	Afu5g14130		An09g00480, An12g03200
OG0005745	F9C07_2217187	Afu5g00135, Afu7g06526		An16g01370
OG0005746	F9C07_2276841	Afu5g00730	AN8941	An14g02290
OG0005747	F9C07_2276864	Afu2g10300	AN5979	An16g04690
OG0005748	F9C07_9667	Afu3g00360	AN11968	An01g01960
OG0005749	F9C07_9670	Afu3g03910	AN9192	An13g01790
OG0005750	F9C07_2054175	Afu5g00650		An01g00020, An07g01340
OG0005751	F9C07_2197780	Afu3g08980	AN3031	An16g02520
OG0005752	F9C07_2237877		AN0526, AN7893	An08g03730
OG0005753	F9C07_2251913	Afu1g06360	AN10523	An18g04880
OG0005754	F9C07_9779	Afu1g06350	AN10518	An18g05000
OG0005755	F9C07_9780	Afu1g06340	AN4222	An18g05020
OG0005756	F9C07_2177220	Afu1g06330	AN4223	An18g05040
OG0005757	F9C07_2276974	Afu1g06320	AN4224	An18g05050
OG0005758	F9C07_2056120	Afu1g06310	AN10524	An18g05060
OG0005759	F9C07_2225177	Afu1g06300	AN10519	An18g05070
OG0005760	F9C07_2177232	Afu1g06290	AN4226	An18g05080
OG0005761	F9C07_9787	Afu1g06270	AN4228	An18g05100
OG0005762	F9C07_2225184	Afu1g06260	AN4229	An18g05110
OG0005763	F9C07_9789	Afu1g06250	AN4230	An18g05120
OG0005764	F9C07_9790	Afu1g06240	AN4231	An18g05130
OG0005765	F9C07_9791	Afu1g06230	AN4232	An18g05140
OG0005766	F9C07_9792	Afu1g06220	AN4233	An18g05150
OG0005767	F9C07_9793	Afu1g06210	AN4234	An18g05170
OG0005768	F9C07_2276983	Afu1g06200	AN4235	An18g05180
OG0005769	F9C07_9795	Afu1g06190	AN10526	An18g05190
OG0005770	F9C07_2225192	Afu5g00640	AN2577	An18g05210
OG0005771	F9C07_1186130	Afu1g06180	AN10527	An18g05220
OG0005772	F9C07_2217323	Afu1g06170	AN4236	An18g05230
OG0005773	F9C07_1186273	Afu1g06160	AN4237	An18g05340
OG0005774	F9C07_2276991	Afu1g06400	AN4238	An18g05380
OG0005775	F9C07_9803	Afu1g06410	AN4239	An18g05420
OG0005776	F9C07_2225199	Afu1g06420	AN4240	An18g05430
OG0005777	F9C07_9805	Afu1g06430	AN12106	An18g05440
OG0005778	F9C07_9809	Afu1g06450	AN4243	An18g05470
OG0005779	F9C07_9811	Afu1g06460	AN4244	An18g05490
OG0005780	F9C07_9814	Afu1g06490	AN4247	An18g05520
OG0005781	F9C07_1186681	Afu1g06500	AN4248	An18g05540
OG0005782	F9C07_1186931	Afu5g14640	AN2361	An18g05550
OG0005783	F9C07_2277003	Afu1g06520	AN10535	An18g05570
OG0005784	F9C07_9818	Afu1g06570	AN4251	An18g05630
OG0005785	F9C07_9819	Afu1g06580	AN4252	An18g05640
OG0005786	F9C07_2217336	Afu1g06600	AN5702	An18g05650
OG0005787	F9C07_9822	Afu1g06610	AN5703	An18g05670
OG0005788	F9C07_2277010	Afu1g06630	AN5705	An18g05690
OG0005789	F9C07_1187398	Afu1g06650	AN10714	An18g05700
OG0005790	F9C07_9827	Afu1g06690	AN5711	An18g05750
OG0005791	F9C07_9828	Afu1g06680	AN5710	An18g05740
OG0005792	F9C07_1186392	Afu1g06670	AN5709	An18g05730
OG0005793	F9C07_9830	Afu1g06660	AN5708	An18g05720
OG0005794	F9C07_2277016	Afu1g06710	AN5713	An18g05770
OG0005795	F9C07_9834	Afu1g06720	AN3879	An03g03590
OG0005796	F9C07_1189371	Afu1g06730	AN2554	An18g05780
OG0005797	F9C07_9836	Afu1g06740	AN11789	An18g05790
OG0005798	F9C07_2225233	Afu1g06762	AN5714	An18g05800
OG0005799	F9C07_9838	Afu1g06770	AN5715	An18g05810
OG0005800	F9C07_9839	Afu1g06780	AN5716	An18g05820
OG0005801	F9C07_2277021	Afu1g06790	AN5717	An18g05830
OG0005802	F9C07_2277024	Afu1g06820	AN5718	An18g05850
OG0005803	F9C07_2277025	Afu1g06830	AN5719	An18g05860
OG0005804	F9C07_2277026	Afu1g06850	AN5721	An18g05880
OG0005805	F9C07_2225241	Afu1g06840	AN5720	An18g05870
OG0005806	F9C07_2277028	Afu1g06860	AN5722	An18g05890
OG0005807	F9C07_2277029	Afu1g06880	AN5724	An18g05900
OG0005808	F9C07_9849	Afu1g06890	AN5725	An18g05910
OG0005809	F9C07_9850	Afu1g06900	AN5726	An18g05920
OG0005810	F9C07_1190338	Afu1g06920	AN5728	An18g05960
OG0005811	F9C07_1257308, F9C07_2099350, F9C07_2109954, F9C07_2536			
OG0005812	F9C07_9854	Afu6g08410	AN3924	An03g03760
OG0005813	F9C07_2277036	Afu6g08420	AN3923	An11g01610
OG0005814	F9C07_9857	Afu6g08430	AN3921	An11g01600
OG0005815	F9C07_9858	Afu6g08440	AN3920	An11g01580
OG0005816	F9C07_9859	Afu6g08450	AN3919	An11g01570
OG0005817	F9C07_2054371	Afu6g08520	AN3913	An11g01520
OG0005818	F9C07_9872	Afu6g08530	AN3910	An11g01510
OG0005819	F9C07_1192511	Afu6g08550	AN10491	An09g02870
OG0005820	F9C07_9877	Afu6g08570	AN3909	An09g02220
OG0005821	F9C07_2099375	Afu6g08580	AN10489	An11g05510
OG0005822	F9C07_9879	Afu6g08590	AN10485	An11g05520
OG0005823	F9C07_2277059	Afu6g08600	AN3907	An11g05530
OG0005824	F9C07_9884	Afu6g08640	AN12389	An11g05710
OG0005825	F9C07_9886	Afu6g08660	AN3906	An11g05730
OG0005826	F9C07_9887	Afu6g08670	AN12387	An11g05740
OG0005827	F9C07_9889	Afu6g08680	AN3905	An11g05750
OG0005828	F9C07_1193618	Afu6g08690	AN10484	An11g05760
OG0005829	F9C07_2078948, F9C07_2133640, F9C07_2237989			An11g08760
OG0005830	F9C07_9906	Afu6g08700	AN10482	An11g06080
OG0005831	F9C07_9908	Afu6g08720	AN10230	An11g06110
OG0005832	F9C07_9909	Afu6g08730	AN10233	An11g06120
OG0005833	F9C07_9910	Afu6g08740	AN1734	An11g06130
OG0005834	F9C07_9912	Afu6g08760	AN1731	An11g06160
OG0005835	F9C07_9915	Afu6g08800	AN10232	An11g06190
OG0005836	F9C07_1194206	Afu6g08810	AN10229	An11g06200
OG0005837	F9C07_2056755	Afu6g08820	AN12474	An11g06210
OG0005838	F9C07_2277091	Afu6g08830	AN1726	An09g02700
OG0005839	F9C07_2252037	Afu6g08840	AN1742	An11g06540
OG0005840	F9C07_2277095	Afu6g08860	AN1744	An11g06600
OG0005841	F9C07_2277096	Afu6g08870	AN1745	An11g06610
OG0005842	F9C07_9924	Afu6g08880	AN1746	An11g06630
OG0005843	F9C07_9925	Afu6g08890	AN1747	An11g06640
OG0005844	F9C07_2277101	Afu6g08900	AN1750	An11g06650
OG0005845	F9C07_2277102	Afu6g08910	AN1751	An11g06660
OG0005846	F9C07_2277103	Afu6g08920	AN1752	An11g06670
OG0005847	F9C07_9938	Afu6g08960	AN1757	An11g06720
OG0005848	F9C07_1195548	Afu6g08980	AN1758	An11g06730
OG0005849	F9C07_9940	Afu6g08990	AN1759	An11g06740
OG0005850	F9C07_2277111	Afu6g09000	AN1777	An11g06750
OG0005851	F9C07_2277112	Afu6g09010	AN1776	An11g06760
OG0005852	F9C07_2126775	Afu6g09020	AN1775	An11g06770
OG0005853	F9C07_2126779		AN11314, AN7990	An11g06780
OG0005854	F9C07_2277114	Afu6g09030	AN1773	An11g06790
OG0005855	F9C07_2126791	Afu6g09050	AN1771	An11g06800
OG0005856	F9C07_2277118	Afu6g09070	AN1769	An11g06820
OG0005857	F9C07_9947	Afu6g09060	AN1770	An11g06810
OG0005858	F9C07_9949	Afu6g09080	AN12305	An11g06830
OG0005859	F9C07_9951	Afu6g09100	AN1767	An11g06850
OG0005860	F9C07_9953	Afu6g09130	AN1764	An11g06880
OG0005861	F9C07_9954	Afu6g09140	AN1763, AN9284	
OG0005862	F9C07_9955	Afu6g09150	AN1762	An11g06890
OG0005863	F9C07_2197943	Afu6g09160	AN1761	An11g06900
OG0005864	F9C07_2057516	Afu6g09165	AN1760	An11g06920
OG0005865	F9C07_1197641	Afu6g09180	AN1779	An11g06950
OG0005866	F9C07_2126878	Afu6g09190	AN1780	An11g06960
OG0005867	F9C07_2277133	Afu6g09200	AN1781	An11g06970
OG0005868	F9C07_2277134	Afu6g09210	AN1782	An11g06980
OG0005869	F9C07_2277135	Afu6g09220	AN7538	An11g06990
OG0005870	F9C07_9967	Afu6g09240	AN7537	An11g07450
OG0005871	F9C07_9968	Afu6g09250	AN7533	An11g07660
OG0005872	F9C07_2252109	Afu6g09520	AN7524	An11g07700
OG0005873	F9C07_2225370	Afu6g09810	AN7525	An11g07690
OG0005874	F9C07_2225371	Afu6g09820	AN7526	An11g07680
OG0005875	F9C07_9985		AN7265, AN8376	An03g05220
OG0005876	F9C07_1199562	Afu4g01322, Afu6g09850		An11g07670
OG0005877	F9C07_2206959	Afu6g09920	AN10946	An11g07970
OG0005878	F9C07_1199731	Afu6g09930	AN7513	An11g07980
OG0005879	F9C07_9993	Afu6g09950	AN10945	An11g08010
OG0005880	F9C07_9995		AN11198, AN8920	An01g09750
OG0005881	F9C07_10000	Afu2g05310	AN7508	An11g08550
OG0005882	F9C07_10008			An02g11080, An16g00160, An16g00450
OG0005883	F9C07_10014	Afu2g05410	AN7504	An11g09300
OG0005884	F9C07_10016	Afu2g05420	AN7503	An11g09310
OG0005885	F9C07_2277175	Afu2g05430	AN7502	An11g09320
OG0005886	F9C07_2277176	Afu2g05440	AN7501	An11g09330
OG0005887	F9C07_2277177	Afu2g05470	AN7499	An11g09360
OG0005888	F9C07_10019	Afu2g05450	AN7500	An11g09350
OG0005889	F9C07_10022	Afu2g05490	AN7498	An11g09380
OG0005890	F9C07_10023	Afu2g05500	AN7497	An11g09390
OG0005891	F9C07_2277181	Afu2g05520	AN7496	An02g13860
OG0005892	F9C07_10024	Afu2g05510	AN11565	An11g09400
OG0005893	F9C07_2217473	Afu2g05540	AN10944	An02g13880
OG0005894	F9C07_10029	Afu2g05560	AN10955	An02g13900
OG0005895	F9C07_2277187	Afu2g05580	AN7492	An02g13910
OG0005896	F9C07_2277190	Afu2g05610	AN7474	An02g13940
OG0005897	F9C07_2054741	Afu2g05600	AN7490	An02g13930
OG0005898	F9C07_2277191	Afu2g05620	AN7475	An02g13970
OG0005899	F9C07_10037	Afu2g05630	AN7476	An02g14010
OG0005900	F9C07_2127190	Afu2g05650	AN7479	An02g14080
OG0005901	F9C07_10040	Afu2g05670	AN7480	An02g14100
OG0005902	F9C07_10041	Afu2g05680	AN7481	An02g14110
OG0005903	F9C07_10044	Afu2g05720	AN7484	An02g14170
OG0005904	F9C07_2207000, F9C07_2278298		AN5259	An16g07020
OG0005905	F9C07_10048	Afu2g05730	AN7485	An02g14190
OG0005906	F9C07_10049	Afu2g05740	AN7487	An02g14200
OG0005907	F9C07_2053537	Afu2g05760	AN7489	An02g14220
OG0005908	F9C07_2198005	Afu2g05780	AN11746	An02g14240
OG0005909	F9C07_2277208	Afu2g05790	AN7472	An02g14560
OG0005910	F9C07_10055	Afu2g05800	AN7471	An02g14550
OG0005911	F9C07_10056	Afu2g05810	AN7470	An02g14540
OG0005912	F9C07_2277210	Afu2g05820	AN7469	An02g14530
OG0005913	F9C07_2225446	Afu2g05830	AN7468	An02g14490
OG0005914	F9C07_10060	Afu2g05850	AN7465	An02g14460
OG0005915	F9C07_2277214	Afu2g05860	AN7464	An02g14450
OG0005916	F9C07_2127334	Afu2g05880	AN7463	An02g14410
OG0005917	F9C07_10063	Afu2g05890	AN7462	An02g14400
OG0005918	F9C07_10064	Afu2g05900	AN7461	An02g14390
OG0005919	F9C07_1208615	Afu2g05930	AN7458	An02g14360
OG0005920	F9C07_1208201	Afu2g05940	AN7457	An02g14350
OG0005921	F9C07_10068	Afu2g05950	AN1319	An02g14340
OG0005922	F9C07_10069	Afu2g05960	AN7456	An02g14330
OG0005923	F9C07_2277224	Afu2g05980	AN7454	An02g14280
OG0005924	F9C07_10072	Afu2g05990	AN7453	An02g14270
OG0005925	F9C07_2079272	Afu2g06000	AN7451	An02g14590
OG0005926	F9C07_2198025	Afu2g06020	AN7450	An02g14600
OG0005927	F9C07_2277227	Afu2g06040	AN10942	An02g14620
OG0005928	F9C07_2277229	Afu2g06070	AN7447	An02g14650
OG0005929	F9C07_2079283	Afu2g06080	AN7444	An02g14670
OG0005930	F9C07_10081	Afu2g06090	AN10941	An02g14685
OG0005931	F9C07_10082	Afu2g06100	AN7443	An02g14710
OG0005932	F9C07_2225472	Afu2g06110	AN7441	An02g14750
OG0005933	F9C07_1210113	Afu2g06120	AN7433	An02g14760
OG0005934	F9C07_2277231	Afu2g06140	AN7435	An02g14790
OG0005935	F9C07_2277232	Afu2g06150	AN7436	An02g14800
OG0005936	F9C07_1211507	Afu2g06180	AN7438	An02g14820
OG0005937	F9C07_10092	Afu2g06190	AN7439	An02g14830
OG0005938	F9C07_10093	Afu2g06200	AN7440	An02g14840
OG0005939	F9C07_10094	Afu2g06205	AN10967	An02g14850
OG0005940	F9C07_2127449	Afu2g06220	AN7431	An02g14870
OG0005941	F9C07_2127451	Afu2g06230	AN7430	An02g14890
OG0005942	F9C07_1211802	Afu2g06240	AN7429	An02g14880
OG0005943	F9C07_10099	Afu2g06250	AN7428	An02g14910
OG0005944	F9C07_2057828	Afu2g06280	AN7426	An02g14930
OG0005945	F9C07_1210526	Afu2g06295	AN7425	An02g14940
OG0005946	F9C07_10104	Afu2g06310	AN7424	An02g14950
OG0005947	F9C07_1211319	Afu2g06320	AN7423	An02g14980
OG0005948	F9C07_2277249	Afu2g06330	AN7422	An02g14990
OG0005949	F9C07_2127594	Afu6g06335	AN5795	An18g06840
OG0005950	F9C07_2054668	Afu6g06330	AN10721	An18g06850
OG0005951	F9C07_3168	Afu6g06345	AN10718	An18g06810
OG0005952	F9C07_3167	Afu6g06350	AN5793	An18g06800
OG0005953	F9C07_2277253	Afu6g06370	AN5790	An18g06760
OG0005954	F9C07_2198058	Afu6g06380	AN5789	An18g06750
OG0005955	F9C07_2277256	Afu6g06400	AN5787	An18g06730
OG0005956	F9C07_1213002	Afu6g06390	AN5788	An18g06740
OG0005957	F9C07_2277257	Afu6g06420	AN5786	An18g06720
OG0005958	F9C07_3159	Afu6g06430	AN5785	An18g06710
OG0005959	F9C07_2238177	Afu6g06445	AN10716	An18g06690
OG0005960	F9C07_2277259	Afu6g06450	AN10708	An18g06680
OG0005961	F9C07_2127621	Afu6g06460	AN5782	An18g06670
OG0005962	F9C07_2225516	Afu6g06480	AN5780	An18g06640
OG0005963	F9C07_1212114	Afu6g06490	AN5779	An18g06600
OG0005964	F9C07_2277265	Afu6g06500	AN5778	An18g06590
OG0005965	F9C07_2252317	Afu6g06510	AN5777	An18g06580
OG0005966	F9C07_2277266	Afu6g06520	AN5776	An18g06570
OG0005967	F9C07_2277267	Afu6g06540	AN5774	An18g06520
OG0005968	F9C07_2127677	Afu6g06550	AN10707	An18g06510
OG0005969	F9C07_1211965	Afu6g06560	AN10715	An03g03300
OG0005970	F9C07_3145	Afu6g06570	AN10711	An03g03290
OG0005971	F9C07_3144	Afu6g06580	AN10710	An18g06500
OG0005972	F9C07_1212901	Afu6g06590	AN10706	An18g06490
OG0005973	F9C07_2252339	Afu6g06610	AN5770	An18g06470
OG0005974	F9C07_3134	Afu6g06650	AN5767	An18g06400
OG0005975	F9C07_3132	Afu6g06670	AN5764	An18g06390
OG0005976	F9C07_3130	Afu6g06690	AN5762	An18g06360
OG0005977	F9C07_3129	Afu6g06700	AN5761	An18g06350
OG0005978	F9C07_3128	Afu6g06710	AN5760	An18g06340
OG0005979	F9C07_2127846	Afu6g06720	AN5759	An18g06320
OG0005980	F9C07_2277291	Afu6g06740	AN5743	An18g06290
OG0005981	F9C07_3122	Afu6g06760	AN5745	An18g06260
OG0005982	F9C07_2277293	Afu6g06770	AN5746	An18g06250
OG0005983	F9C07_2127880	Afu6g06780	AN5747	An18g06230
OG0005984	F9C07_1225248	Afu6g06810	AN5750	An18g06190
OG0005985	F9C07_1216492	Afu6g06820	AN5751	An18g06170
OG0005986	F9C07_3114	Afu6g06830	AN5752	An18g06160
OG0005987	F9C07_2054243	Afu6g06850	AN5754	An18g06120
OG0005988	F9C07_3108	Afu6g06870	AN5757	An18g06050
OG0005989	F9C07_3107	Afu6g06880	AN5758	An18g06020
OG0005990	F9C07_3106	Afu6g06890	AN5741	An18g06010
OG0005991	F9C07_1215625, F9C07_2399	Afu6g06920	AN5738	
OG0005992	F9C07_1219790	Afu6g08330	AN3930	An11g01740
OG0005993	F9C07_3090	Afu6g08360	AN3928	An11g01630
OG0005994	F9C07_1225545	Afu6g08370	AN3927	An11g01640
OG0005995	F9C07_3088	Afu6g08380	AN3926	An11g01650
OG0005996	F9C07_3087	Afu2g16580	AN3774	An15g03730
OG0005997	F9C07_2277323	Afu6g08310	AN3932	An11g01760
OG0005998	F9C07_3084	Afu6g08300	AN3933	An11g01770
OG0005999	F9C07_2056444	Afu6g08290	AN3934	An11g01790
OG0006000	F9C07_2286842, F9C07_3082		AN3935	An11g01810
OG0006001	F9C07_3081	Afu6g08260	AN3936	An11g01830
OG0006002	F9C07_3080	Afu6g08250	AN3937	An11g01840
OG0006003	F9C07_2225589	Afu6g08240	AN3938	An11g01850
OG0006004	F9C07_2277330	Afu6g08230	AN12167	An11g01860
OG0006005	F9C07_2128071	Afu6g08220	AN3939	An11g01870
OG0006006	F9C07_2207125	Afu6g08210	AN3940	An11g01880
OG0006007	F9C07_3074	Afu6g08200	AN3941	An11g01890
OG0006008	F9C07_3073	Afu6g08170	AN3944	An11g01950
OG0006009	F9C07_2277334	Afu6g08160	AN3942	An11g01960
OG0006010	F9C07_3071	Afu6g08155	AN3943	An11g01970
OG0006011	F9C07_3067	Afu6g08130	AN3945	An11g01990
OG0006012	F9C07_2225604	Afu6g08120	AN3946	An11g02000
OG0006013	F9C07_2055307	Afu6g08100	AN3948	An11g02020
OG0006014	F9C07_3059	Afu6g08070	AN3955	An11g02030
OG0006015	F9C07_2277341	Afu6g08050	AN3954	An11g02040
OG0006016	F9C07_3057	Afu6g08040	AN3953	An11g02050
OG0006017	F9C07_3056			An05g02080, An16g01210, An16g04840
OG0006018	F9C07_2277344	Afu6g08020	AN3952	An11g02110
OG0006019	F9C07_3053	Afu6g08010	AN3956	An11g02120
OG0006020	F9C07_3049	Afu6g07990	AN3958	An11g02970
OG0006021	F9C07_2099706	Afu6g07970	AN10513	An11g02950
OG0006022	F9C07_3041	Afu6g07940	AN4174	An11g02860
OG0006023	F9C07_3040	Afu6g07930	AN4172	An11g02850
OG0006024	F9C07_3039	Afu6g07910	AN4171	An11g02840
OG0006025	F9C07_3036	Afu6g07890	AN4169	An11g02780
OG0006026	F9C07_3034	Afu6g07870	AN4167	An11g02760
OG0006027	F9C07_2252443	Afu6g07860	AN4166	An11g02750
OG0006028	F9C07_2053896	Afu6g07850	AN1943	An11g02630
OG0006029	F9C07_3026	Afu6g07840	AN1932	An11g02640
OG0006030	F9C07_1228594	Afu6g07830	AN1931	An11g02650
OG0006031	F9C07_3023	Afu6g07810	AN1929	An11g02670
OG0006032	F9C07_2277373	Afu6g07800	AN1927	An11g02690
OG0006033	F9C07_2277374	Afu6g07780	AN1924	An11g02700
OG0006034	F9C07_3019	Afu6g07770	AN1923	An11g02620
OG0006035	F9C07_3018	Afu6g07760	AN1922	An11g02610
OG0006036	F9C07_3012	Afu6g07720	AN1918	An11g02550
OG0006037	F9C07_3011	Afu6g07710	AN1917	An11g02540
OG0006038	F9C07_2055676	Afu6g07690	AN10239	An11g02520
OG0006039	F9C07_3008	Afu6g07680	AN10236	An11g02470
OG0006040	F9C07_3007	Afu6g07670	AN1915	An11g02430
OG0006041	F9C07_3002	Afu6g07640	AN1913	An11g02400
OG0006042	F9C07_1234490	Afu6g07630	AN1912	An11g02390
OG0006043	F9C07_1234223	Afu6g07620	AN1911	An11g02380
OG0006044	F9C07_2217635	Afu6g07580	AN1908	An11g02370
OG0006045	F9C07_2225668	Afu6g07560	AN1906	An11g02365
OG0006046	F9C07_1234645	Afu6g07550	AN1905	An11g02363
OG0006047	F9C07_2277398	Afu6g07540	AN1904	An11g02360
OG0006048	F9C07_2989	Afu2g04170	AN1902	An11g02270
OG0006049	F9C07_1234837	Afu2g04190	AN1900	An11g02220
OG0006050	F9C07_2277402	Afu2g04210	AN1898	An11g02190
OG0006051	F9C07_2277404	Afu2g04230	AN1896	An11g02170
OG0006052	F9C07_2979	Afu2g04270	AN1892	An11g02140
OG0006053	F9C07_2277412	Afu2g04360	AN1879	An11g03000
OG0006054	F9C07_2973	Afu2g04350	AN1880	An11g03040
OG0006055	F9C07_2277414	Afu2g04390	AN10247	An11g03050
OG0006056	F9C07_2967	Afu2g04400	AN10235	An11g03330
OG0006057	F9C07_2960	Afu2g04440	AN1875	An11g03270
OG0006058	F9C07_1237915	Afu2g04450	AN1874	An11g03180
OG0006059	F9C07_1238474	Afu2g04480	AN1870	An11g03120
OG0006060	F9C07_2954	Afu2g04470	AN1871	An11g03160
OG0006061	F9C07_2951	Afu2g04520	AN1868	An11g03110
OG0006062	F9C07_2948	Afu2g04535	AN1864	An11g03760
OG0006063	F9C07_2054304	Afu2g04590	AN11861	An11g04150
OG0006064	F9C07_1239635	Afu2g04630	AN2063	An11g04200
OG0006065	F9C07_2930	Afu2g04650	AN2065	An11g04210
OG0006066	F9C07_2929	Afu2g04670	AN2066	An11g04310
OG0006067	F9C07_2053686	Afu2g04680	AN2067	An11g04320
OG0006068	F9C07_2927	Afu2g04690	AN7967	An11g04340
OG0006069	F9C07_2225733	Afu2g04700	AN2068	An11g04360
OG0006070	F9C07_2925	Afu2g04710	AN2069	An11g04370
OG0006071	F9C07_2277453	Afu2g04720	AN2072	An11g04385
OG0006072	F9C07_2128757	Afu2g04740	AN2071	An11g04400
OG0006073	F9C07_2198233	Afu2g14497	AN2389	An02g00670
OG0006074	F9C07_2916	Afu2g04750	AN2070	An11g04410
OG0006075	F9C07_2915	Afu2g04760	AN2073	An11g04420
OG0006076	F9C07_2914	Afu2g04770	AN2076	An11g04460
OG0006077	F9C07_2277464	Afu2g04780	AN2077	An11g04470
OG0006078	F9C07_2225746	Afu2g04790	AN2078	An11g04480
OG0006079	F9C07_2909	Afu2g04800	AN2079	An11g04500
OG0006080	F9C07_2908	Afu2g04820	AN2080	An11g04510
OG0006081	F9C07_2225749	Afu2g04830	AN2081	An11g04520
OG0006082	F9C07_1240274	Afu2g04840	AN2082	An11g04530
OG0006083	F9C07_2906	Afu2g04850	AN2083	An11g04540
OG0006084	F9C07_2277468	Afu2g04860	AN3890	An09g02820
OG0006085	F9C07_2900	Afu2g04900	AN2084	An11g04610
OG0006086	F9C07_2277473	Afu2g04910	AN2085	An11g04620
OG0006087	F9C07_2277474	Afu2g04920	AN2086	An11g04630
OG0006088	F9C07_2277476	Afu2g04940	AN10257	An11g04650
OG0006089	F9C07_2897	Afu2g04930	AN10260	An11g04640
OG0006090	F9C07_2277478	Afu2g04960	AN2087	An11g04670
OG0006091	F9C07_2894	Afu2g04950	AN2088	An11g04660
OG0006092	F9C07_1242917	Afu2g04970	AN2090	An11g04690
OG0006093	F9C07_2891	Afu2g04980	AN2091	An11g04720
OG0006094	F9C07_2277482	Afu2g05020	AN2094	An11g04750
OG0006095	F9C07_2890	Afu2g05000	AN2092	An11g04730
OG0006096	F9C07_2225766	Afu2g05010	AN2093	An11g04740
OG0006097	F9C07_2886	Afu2g05030	AN2095	An11g04770
OG0006098	F9C07_1243004	Afu2g05050	AN2098	An11g04790
OG0006099	F9C07_2881	Afu2g05070	AN2100	An11g04820
OG0006100	F9C07_2128917	Afu2g05080	AN2101	An11g04830
OG0006101	F9C07_2879	Afu2g05085	AN2102	An11g04840
OG0006102	F9C07_2877	Afu2g05100	AN2104	An11g04860
OG0006103	F9C07_2876	Afu2g05110	AN2105	An11g04870
OG0006104	F9C07_2128930		AN2106	An01g13670, An11g04880
OG0006105	F9C07_2079849	Afu2g05120	AN2107	An11g04890
OG0006106	F9C07_2866	Afu2g05200	AN10261	An11g05260
OG0006107	F9C07_2129027	Afu2g05210	AN10258	An11g05240
OG0006108	F9C07_2860	Afu3g03580	AN3175	An16g03140
OG0006109	F9C07_2858	Afu2g05230	AN2111	An11g05190
OG0006110	F9C07_1245403	Afu8g01010	AN3239	An04g09670
OG0006111	F9C07_2846	Afu2g05240	AN2112	An01g06650
OG0006112	F9C07_2198274	Afu2g05250	AN2113	An11g05180
OG0006113	F9C07_2843	Afu2g05260	AN2114	An11g05130
OG0006114	F9C07_1245666	Afu5g07320	AN3129	An18g01170
OG0006115	F9C07_2277521	Afu3g00660	AN11083	An03g00720
OG0006116	F9C07_2277526	Afu6g12522	AN3688	An06g01690
OG0006117	F9C07_2277527	Afu6g12530	AN10459	An06g01710
OG0006118	F9C07_2129128	Afu6g12540	AN3689	An06g01720
OG0006119	F9C07_2129133	Afu6g12550	AN3690	An06g01730
OG0006120	F9C07_2129136	Afu6g12560	AN3691	An06g01740
OG0006121	F9C07_2225819	Afu6g12570	AN3696	An06g01750
OG0006122	F9C07_2822	Afu6g12580	AN3695	An06g01760
OG0006123	F9C07_2055866	Afu6g12600	AN3693	An06g01780
OG0006124	F9C07_1247380	Afu6g12610	AN3692	An06g01810
OG0006125	F9C07_2277535	Afu6g12630	AN3702	An06g01830
OG0006126	F9C07_1247198	Afu6g12620	AN11728	An06g01820
OG0006127	F9C07_2811	Afu6g12640	AN10438	An06g01850
OG0006128	F9C07_2810	Afu6g12650	AN10454	An06g01860
OG0006129	F9C07_2809	Afu6g12660	AN3706	An06g01870
OG0006130	F9C07_2277545	Afu6g12680	AN3708	An06g01890
OG0006131	F9C07_2277546	Afu6g12690	AN3709	An06g01900
OG0006132	F9C07_2099922	Afu6g12700	AN3710	An06g01910
OG0006133	F9C07_2225838	Afu6g12710	AN3711	An06g01920
OG0006134	F9C07_2277549	Afu6g12720	AN11411	An06g01930
OG0006135	F9C07_2277552	Afu6g12730	AN3714	An06g01950
OG0006136	F9C07_2277554	Afu6g12750	AN10465	An08g10730
OG0006137	F9C07_2277555	Afu6g12760	AN10439	An08g10720
OG0006138	F9C07_2277556	Afu6g12770	AN3716	An08g10710
OG0006139	F9C07_2794	Afu6g12790	AN10440	An08g10690
OG0006140	F9C07_2793	Afu6g12800	AN10455	An08g10680
OG0006141	F9C07_2792	Afu6g12820	AN3719	An08g10670
OG0006142	F9C07_2277561	Afu6g12830	AN3720	An08g10650
OG0006143	F9C07_2790	Afu6g12840	AN3721	An08g10640
OG0006144	F9C07_2788	Afu6g12860	AN10466	An08g10610
OG0006145	F9C07_2198306	Afu6g12890	AN10682	An08g10570
OG0006146	F9C07_2277566	Afu6g12870	AN5528	An08g10600
OG0006147	F9C07_2783	Afu6g12910	AN10677	An08g10560
OG0006148	F9C07_2782	Afu6g12900	AN10686	An08g10550
OG0006149	F9C07_2099944	Afu6g12920	AN5526	An08g10540
OG0006150	F9C07_2777	Afu6g12960	AN5522	An08g10500
OG0006151	F9C07_2774	Afu6g12980	AN5521	An08g10490
OG0006152	F9C07_2277578	Afu6g12990	AN5520	An08g10480
OG0006153	F9C07_2769	Afu6g13020	AN5519	An08g10470
OG0006154	F9C07_2277583	Afu6g13030	AN5517	An08g10450
OG0006155	F9C07_2768	Afu6g13010	AN5518	An08g10460
OG0006156	F9C07_1253457	Afu6g13050	AN5516	An08g10440
OG0006157	F9C07_2129356	Afu6g13060	AN10689	An08g10410
OG0006158	F9C07_2277587	Afu6g13080	AN5514	An08g10390
OG0006159	F9C07_2759	Afu6g13090	AN5513	An08g10380
OG0006160	F9C07_2277592	Afu6g13120	AN5499	An08g10360
OG0006161	F9C07_2277593	Afu6g13130	AN5498	An08g10350
OG0006162	F9C07_2754	Afu6g13140	AN5497	An08g10340
OG0006163	F9C07_2753	Afu6g13150	AN5496	An08g10330
OG0006164	F9C07_2752	Afu6g13160	AN5494	An08g10320
OG0006165	F9C07_2751	Afu6g13170	AN5495	An08g10310
OG0006166	F9C07_1249310	Afu6g13190	AN5493	An08g10300
OG0006167	F9C07_2277600	Afu6g13200	AN5491	An08g10270
OG0006168	F9C07_2746	Afu6g13220	AN5489	An08g10180
OG0006169	F9C07_2277603	Afu6g13250	AN10681	An08g10140
OG0006170	F9C07_2225896	Afu6g13260	AN5485	An08g10130
OG0006171	F9C07_2277608	Afu6g13310	AN11813	An08g10050
OG0006172	F9C07_2217776	Afu6g13320	AN5481	An08g10040
OG0006173	F9C07_2736	Afu6g13340	AN5479	An08g10020
OG0006174	F9C07_2735	Afu6g13346	AN5458	An08g10010
OG0006175	F9C07_1255752	Afu6g13350	AN5457	An08g10000
OG0006176	F9C07_2057408	Afu6g13360	AN5456	An08g09170
OG0006177	F9C07_2732	Afu6g13370	AN5455	An08g09160
OG0006178	F9C07_2728	Afu6g13410	AN5452	An08g09010
OG0006179	F9C07_2727	Afu6g13420	AN5451	An08g09000
OG0006180	F9C07_2726	Afu6g13430	AN5450	An08g08980
OG0006181	F9C07_2277621	Afu6g13440	AN5449	An08g08950
OG0006182	F9C07_2717	Afu1g14550	AN0785	An01g12530
OG0006183	F9C07_2129527	Afu1g14560	AN0787	An01g12550
OG0006184	F9C07_2277630	Afu1g14570	AN0797	An01g12570
OG0006185	F9C07_2713	Afu1g14580	AN0796	An01g12580
OG0006186	F9C07_2712	Afu1g14590	AN0795	An01g12590
OG0006187	F9C07_2277633	Afu1g14610	AN0802	An01g12610
OG0006188	F9C07_1256675	Afu1g14600	AN0794	An01g12600
OG0006189	F9C07_2100013	Afu1g14620	AN0803	An01g12620
OG0006190	F9C07_1256636	Afu1g14630	AN0804	An01g12630
OG0006191	F9C07_2707	Afu1g14640	AN0805	An01g12640
OG0006192	F9C07_1256742	Afu1g14650	AN0806	An09g02280
OG0006193	F9C07_1256857	Afu1g14660	AN0807	An01g12690
OG0006194	F9C07_2277639	Afu1g14670	AN0808	An01g12700
OG0006195	F9C07_2225934	Afu1g14680	AN0809	An01g12710
OG0006196	F9C07_2701	Afu1g14690	AN0810	An01g12720
OG0006197	F9C07_2277646	Afu1g14720	AN0813	An01g12740
OG0006198	F9C07_2695	Afu1g14710	AN10124	An03g03740
OG0006199	F9C07_2277647	Afu1g14730	AN0814	An01g12750
OG0006200	F9C07_2277648	Afu1g14740	AN0816	An01g12770
OG0006201	F9C07_2691	Afu1g14750	AN0817	An01g12780
OG0006202	F9C07_2688	Afu1g14770	AN0818	An01g12800
OG0006203	F9C07_2277653	Afu1g14780	AN0819	An01g12810
OG0006204	F9C07_2685	Afu3g09910	AN4997	An16g03590
OG0006205	F9C07_2684	Afu3g09920	AN4996	An16g03600
OG0006206	F9C07_2277658	Afu3g09940	AN4993	An16g03630
OG0006207	F9C07_2681	Afu3g09950	AN4992	An16g03640
OG0006208	F9C07_2678	Afu3g09960	AN4991	An16g03650
OG0006209	F9C07_1259423	Afu3g09970	AN4990	An16g03690
OG0006210	F9C07_2225967	Afu3g09980	AN4989	An16g03710
OG0006211	F9C07_2277668	Afu3g09990	AN4988	An16g03720
OG0006212	F9C07_2661	Afu3g10010	AN4986	An16g03750
OG0006213	F9C07_2225972	Afu3g10030	AN4985	An16g03760
OG0006214	F9C07_2277674	Afu3g10040	AN4984	An16g03790
OG0006215	F9C07_2225974	Afu3g10050	AN4983	An16g03800
OG0006216	F9C07_2129761	Afu3g10060	AN11772	An16g03810
OG0006217	F9C07_2655	Afu3g10065	AN4982	An16g03820
OG0006218	F9C07_2654	Afu3g10070	AN4981	An16g03830
OG0006219	F9C07_2653	Afu3g10080	AN4980	An16g03860
OG0006220	F9C07_2652	Afu3g10090	AN4979	An16g03880
OG0006221	F9C07_2651	Afu3g10100	AN4978	An16g03890
OG0006222	F9C07_2277682	Afu3g10110	AN4977	An16g03910
OG0006223	F9C07_1258749	Afu3g10120	AN4976	An16g03940
OG0006224	F9C07_1258710	Afu3g10130	AN4975	An16g03950
OG0006225	F9C07_2648	Afu3g10140	AN4974	An16g03960
OG0006226	F9C07_2646	Afu3g10150	AN4973	An16g03980
OG0006227	F9C07_2277691	Afu3g10180	AN4969	An16g04010
OG0006228	F9C07_2640	Afu3g10190	AN10610	An16g04020
OG0006229	F9C07_2639	Afu3g10200	AN10620	An16g04030
OG0006230	F9C07_2129852	Afu3g10220	AN4967	An16g04080
OG0006231	F9C07_2277695	Afu3g10240	AN4965	An16g04100
OG0006232	F9C07_2252789	Afu3g10230	AN4966	An16g04090
OG0006233	F9C07_2633	Afu3g10250	AN4963	An16g04110
OG0006234	F9C07_2631	Afu3g10260	AN4961	An16g04120
OG0006235	F9C07_2629	Afu3g10270	AN4960	An16g04130
OG0006236	F9C07_1262902	Afu3g10280	AN4959	An16g04140
OG0006237	F9C07_2627	Afu3g10290	AN4958	An16g04150
OG0006238	F9C07_2626	Afu3g10300	AN4957	An16g04160
OG0006239	F9C07_2226007	Afu3g10320	AN4955	An16g04180
OG0006240	F9C07_2612	Afu3g10340	AN4953	An16g04200
OG0006241	F9C07_2100102	Afu3g10350	AN4952	An16g04260
OG0006242	F9C07_2609	Afu3g10360	AN4951	An16g04270
OG0006243	F9C07_2607	Afu3g10380	AN4949	An16g04310
OG0006244	F9C07_2605	Afu3g10400	AN4947	An16g04330
OG0006245	F9C07_2604	Afu3g10410	AN4946	An16g04340
OG0006246	F9C07_2277724	Afu3g10420	AN4945	An16g04350
OG0006247	F9C07_2601	Afu3g10450	AN4943	An16g04390
OG0006248	F9C07_1264459	Afu3g10470	AN4941	An16g04410
OG0006249	F9C07_2598	Afu3g10480	AN4940	An16g04420
OG0006250	F9C07_2597	Afu3g10490	AN4939	An16g04430
OG0006251	F9C07_2595	Afu3g10510	AN4937	An16g04450
OG0006252	F9C07_2252815	Afu3g10520	AN4936	An16g04460
OG0006253	F9C07_2592	Afu3g10530	AN4935	An16g04500
OG0006254	F9C07_2591	Afu3g10540	AN4934	An16g04520
OG0006255	F9C07_2226040	Afu3g10580	AN4931	An16g04550
OG0006256	F9C07_2586	Afu3g10590	AN4930	An16g04560
OG0006257	F9C07_2584	Afu3g10610	AN4929	An02g06220
OG0006258	F9C07_2583	Afu3g10620	AN4928	An02g06230
OG0006259	F9C07_2277740	Afu3g10630	AN4927	An02g06240
OG0006260	F9C07_2130077	Afu3g10640	AN4926	An02g06280
OG0006261	F9C07_2226047	Afu3g10650	AN4925	An02g06300
OG0006262	F9C07_2577	Afu3g10670	AN4922	An02g06330
OG0006263	F9C07_2576	Afu3g10680	AN4921	An02g06340
OG0006264	F9C07_2574	Afu3g10700	AN4919	An02g06360
OG0006265	F9C07_2573	Afu3g10710	AN4918	An02g06370
OG0006266	F9C07_1267990	Afu3g10720	AN4917	An02g06380
OG0006267	F9C07_2571	Afu3g10730	AN4916	An02g06390
OG0006268	F9C07_2130128	Afu3g10740	AN4915	An02g06400
OG0006269	F9C07_2566	Afu3g10750	AN4914	An02g06420
OG0006270	F9C07_2565	Afu3g10760	AN4913	An02g06430
OG0006271	F9C07_2560	Afu3g10800	AN4908	An02g06530
OG0006272	F9C07_1271398	Afu3g10810	AN4907	An03g02970
OG0006273	F9C07_2556	Afu3g10840	AN10615	An02g06570
OG0006274	F9C07_2198444	Afu3g10890	AN4903	An02g06750
OG0006275	F9C07_2554	Afu3g10930	AN4900	An02g06700
OG0006276	F9C07_2277764	Afu3g10920	AN10614	An02g06710
OG0006277	F9C07_2551	Afu3g10910	AN4901	An02g06720
OG0006278	F9C07_2226075	Afu3g10900	AN4902	An02g06740
OG0006279	F9C07_2547	Afu3g10940	AN4899	An02g06680
OG0006280	F9C07_2546	Afu3g10950	AN4898	An02g06670
OG0006281	F9C07_2545	Afu3g10960	AN4897	An02g06660
OG0006282	F9C07_2277775	Afu3g10980	AN4895	An02g06610
OG0006283	F9C07_2541	Afu3g11000	AN4894	An02g06600
OG0006284	F9C07_2540	Afu3g11010	AN4893	An02g06590
OG0006285	F9C07_2198450	Afu3g11020	AN4892	An02g06760
OG0006286	F9C07_2277779	Afu3g11030	AN4891	An02g06770
OG0006287	F9C07_2535	Afu3g11040	AN4890	An02g06780
OG0006288	F9C07_2226089	Afu3g11050	AN11253	An02g06790
OG0006289	F9C07_2533	Afu3g11060	AN4889	An02g06810
OG0006290	F9C07_2532	Afu3g11070	AN4888	An02g06820
OG0006291	F9C07_1275568	Afu3g11080	AN4887	An02g06830
OG0006292	F9C07_1273493	Afu3g11090	AN4886	An02g06840
OG0006293	F9C07_2528	Afu3g11100	AN10609	An02g06850
OG0006294	F9C07_2527	Afu3g11110	AN10618	An14g03620
OG0006295	F9C07_2525	Afu3g11130	AN4884	An02g06870
OG0006296	F9C07_2524	Afu3g11140	AN4883	An02g06890
OG0006297	F9C07_2523	Afu3g11150	AN4881	An02g06900
OG0006298	F9C07_2518	Afu3g11200	AN4876	An02g06960
OG0006299	F9C07_2517	Afu3g11210	AN4875	An02g06970
OG0006300	F9C07_2516	Afu3g11220	AN4874	An02g06980
OG0006301	F9C07_2515	Afu3g11250	AN4873	An02g07000
OG0006302	F9C07_2130316	Afu3g11260	AN4872	An02g07010
OG0006303	F9C07_2511	Afu3g11300	AN4869	An02g07040
OG0006304	F9C07_2510	Afu3g11320	AN4867	An02g07060
OG0006305	F9C07_2277799	Afu3g11330	AN2911	An02g07070
OG0006306	F9C07_2508	Afu6g03100	AN6361	An03g05610
OG0006307	F9C07_2100201	Afu3g11340	AN2910	An02g07080
OG0006308	F9C07_1273156	Afu3g11350	AN2909	An02g07090
OG0006309	F9C07_2130337	Afu3g11355	AN11689	An02g07110
OG0006310	F9C07_2277803	Afu3g11360	AN2907	An02g07120
OG0006311	F9C07_2226118	Afu3g11370	AN2906	An02g07130
OG0006312	F9C07_2277805	Afu3g11380	AN2905	An02g07140
OG0006313	F9C07_2130354	Afu3g11390	AN2904	An02g07190
OG0006314	F9C07_1273002	Afu3g11410	AN2902	An02g07230
OG0006315	F9C07_2496	Afu3g11420	AN11688	An02g07240
OG0006316	F9C07_2494	Afu3g11440	AN2900	An02g07260
OG0006317	F9C07_1278776	Afu3g11450	AN2899	An02g07290
OG0006318	F9C07_2492	Afu3g11460	AN2898	An02g07300
OG0006319	F9C07_1273009	Afu3g11470	AN2897	An02g07310
OG0006320	F9C07_2490	Afu3g11480	AN2896	An02g07320
OG0006321	F9C07_2277815	Afu3g11500	AN2895	An02g07340
OG0006322	F9C07_2277816	Afu3g11550	AN2894	An02g07350
OG0006323	F9C07_2483	Afu3g11540	AN2893	An14g03210
OG0006324	F9C07_2482	Afu3g11530	AN11687	An14g03220
OG0006325	F9C07_1281693	Afu3g11570	AN2889	An02g07370
OG0006326	F9C07_2130392	Afu3g11580	AN2888	An03g03490
OG0006327	F9C07_2056267	Afu3g11590	AN2887	An02g07380
OG0006328	F9C07_2476	Afu3g11600	AN2886	An02g07390
OG0006329	F9C07_2475	Afu3g11610	AN2885	An02g07400
OG0006330	F9C07_2474	Afu3g11620	AN2884	An02g07410
OG0006331	F9C07_2473	Afu3g11630	AN2883	An02g07420
OG0006332	F9C07_1283563	Afu3g11660	AN2880	An02g07460
OG0006333	F9C07_2468	Afu3g11690	AN2875	An02g07470
OG0006334	F9C07_2467		AN6648	An12g09880, An15g05170
OG0006335	F9C07_2056151	Afu3g11700	AN11684	An02g07490
OG0006336	F9C07_2057665	Afu3g11710	AN2873	An02g07500
OG0006337	F9C07_2462	Afu3g11730	AN2872	An02g07520
OG0006338	F9C07_1283174	Afu3g11740	AN2871	An02g07530
OG0006339	F9C07_2277838	Afu3g11750	AN2877	An02g07570
OG0006340	F9C07_2130438	Afu3g11760	AN6774	An02g07580
OG0006341	F9C07_2452	Afu3g11780	AN2870	An02g07590
OG0006342	F9C07_2448	Afu3g11810	AN10373	An02g07640
OG0006343	F9C07_2446	Afu3g11830	AN2867	An02g07650
OG0006344	F9C07_2445	Afu3g11840	AN2866	An02g07660
OG0006345	F9C07_1286611	Afu3g11850	AN2863	An02g07670
OG0006346	F9C07_2443	Afu3g11860	AN2862	An02g07690
OG0006347	F9C07_2277848	Afu3g11870	AN2861	An02g07700
OG0006348	F9C07_2440	Afu3g11920	AN2859	An02g07720
OG0006349	F9C07_2439	Afu3g11930	AN2858	An02g07710
OG0006350	F9C07_2438	Afu3g11940	AN2857	An02g07730
OG0006351	F9C07_2437	Afu3g11950	AN2856	An02g07750
OG0006352	F9C07_2277853	Afu3g11955	AN2853	An02g07760
OG0006353	F9C07_2277854	Afu3g11960	AN2854	An02g07900
OG0006354	F9C07_2433	Afu3g11970	AN2855	An02g07890
OG0006355	F9C07_2429	Afu3g11980	AN2851	An02g07870
OG0006356	F9C07_2428	Afu3g11990	AN2852	An02g07860
OG0006357	F9C07_2056986	Afu3g12030	AN2850	An02g07830
OG0006358	F9C07_1287490	Afu3g12050	AN10347	An02g07820
OG0006359	F9C07_2055859	Afu3g12080	AN5020	An02g07780
OG0006360	F9C07_2416	Afu3g12140	AN5026	An02g08280
OG0006361	F9C07_2057373	Afu3g12150	AN5025	An02g08270
OG0006362	F9C07_1287980	Afu6g00440	AN5049	An02g08250
OG0006363	F9C07_1289336	Afu3g12170	AN5050	An02g08230
OG0006364	F9C07_2100293	Afu3g12180	AN5052	An02g08210
OG0006365	F9C07_2100294			An01g14930, An02g08180, An16g06190
OG0006366	F9C07_2277881	Afu3g12250	AN5057	An02g08140
OG0006367	F9C07_2402	Afu3g12255	AN2844	An02g08130
OG0006368	F9C07_2401	Afu3g12260	AN2845	An02g08120
OG0006369	F9C07_2277891	Afu1g05040	AN2731	An01g04280
OG0006370	F9C07_2226220	Afu1g05050	AN12316	An01g04260
OG0006371	F9C07_2391	Afu1g05060	AN2733	An01g04250
OG0006372	F9C07_2277894	Afu1g05070	AN2735	An01g04230
OG0006373	F9C07_2277895	Afu1g05080	AN2734	An01g04240
OG0006374	F9C07_2388	Afu1g05100	AN2736	An01g04300
OG0006375	F9C07_2057677	Afu1g05110	AN2737	An01g04310
OG0006376	F9C07_2277899	Afu1g05130	AN2749	An01g04330
OG0006377	F9C07_2386	Afu1g05120	AN2738	An01g04320
OG0006378	F9C07_2384	Afu1g05140	AN2750	An01g04360
OG0006379	F9C07_1290496	Afu1g05150	AN2748	An01g04370
OG0006380	F9C07_2382	Afu1g05160	AN2747	An01g04380
OG0006381	F9C07_2380	Afu1g05180	AN2745	An01g04410
OG0006382	F9C07_1293951	Afu1g05190	AN2744	An01g04420
OG0006383	F9C07_2378	Afu1g05200	AN2743	An01g04430
OG0006384	F9C07_2376	Afu1g05220	AN2741	An01g04440
OG0006385	F9C07_2375	Afu1g05230	AN2740	An01g04450
OG0006386	F9C07_2374	Afu1g05240	AN9517	An01g04470
OG0006387	F9C07_2277909	Afu1g05260	AN2739	An01g04520
OG0006388	F9C07_2055266	Afu1g05280	AN0244	An01g04550
OG0006389	F9C07_2055435	Afu1g05300	AN0246	An01g04570
OG0006390	F9C07_2277915	Afu1g05310	AN0247	An01g04590
OG0006391	F9C07_2366	Afu1g05320	AN0248	An01g04600
OG0006392	F9C07_2365	Afu1g05330	AN0249	An01g04610
OG0006393	F9C07_1290989	Afu7g05070	AN10296	An06g00990
OG0006394	F9C07_2226249	Afu1g05010	AN9316	An01g04100
OG0006395	F9C07_2361	Afu1g05000	AN0405	An01g04090
OG0006396	F9C07_2357	Afu1g04990	AN0406	An01g04080
OG0006397	F9C07_2356	Afu1g04980	AN0407	An01g04060
OG0006398	F9C07_2353	Afu1g04970	AN0408	An01g04180
OG0006399	F9C07_2130884	Afu1g04960	AN0409	An01g04150
OG0006400	F9C07_2277926	Afu1g04940	AN0411	An01g04040
OG0006401	F9C07_2277927	Afu1g04930	AN0412	An01g04030
OG0006402	F9C07_2198546	Afu1g04920	AN0414	An01g03970
OG0006403	F9C07_1296506, F9C07_1811	Afu8g00220, Afu8g00740		
OG0006404	F9C07_2277931	Afu1g04910	AN10076	An01g03950
OG0006405	F9C07_2344	Afu3g14960	AN3191	An03g06490
OG0006406	F9C07_2277935	Afu1g04870	AN0418	An01g03790
OG0006407	F9C07_2342	Afu1g04890	AN0417	An01g03820
OG0006408	F9C07_2277937	Afu1g04860	AN0419	An01g03780
OG0006409	F9C07_2339	Afu1g04850	AN0420	An01g03770
OG0006410	F9C07_2338	Afu1g04840	AN0421	An01g03760
OG0006411	F9C07_2226272	Afu1g04830	AN0422	An01g03750
OG0006412	F9C07_2335	Afu1g04820	AN0423	An01g03740
OG0006413	F9C07_2334	Afu1g04810	AN0424	An01g03730
OG0006414	F9C07_2333	Afu1g04800	AN10088	An01g03720
OG0006415	F9C07_2332	Afu1g04790	AN10077	An01g03700
OG0006416	F9C07_2329	Afu1g04780	AN10078	An01g03680
OG0006417	F9C07_2325	Afu1g04460	AN0428	An01g03650
OG0006418	F9C07_2277952	Afu1g04470	AN0429	An01g03640
OG0006419	F9C07_2131122	Afu1g04480	AN0430	An01g03630
OG0006420	F9C07_2323	Afu1g04490	AN0436	An01g03610
OG0006421	F9C07_2321	Afu1g04520	AN0434	An01g03590
OG0006422	F9C07_1299862	Afu1g04530	AN0433	An01g03580
OG0006423	F9C07_2314	Afu1g04550	AN10103	An01g03560
OG0006424	F9C07_2313	Afu1g04560	AN10079	An01g03550
OG0006425	F9C07_2226294	Afu1g04570	AN0437	An01g03540
OG0006426	F9C07_2311	Afu1g04575	AN0438	An01g03530
OG0006427	F9C07_2277964	Afu1g04580	AN0439	An01g03520
OG0006428	F9C07_2309	Afu1g04590	AN0440	An01g03510
OG0006429	F9C07_2226298	Afu1g04600	AN0441	An01g03500
OG0006430	F9C07_2307	Afu1g04610	AN0442	An01g03490
OG0006431	F9C07_2226304	Afu1g04640	AN0444	An01g03470
OG0006432	F9C07_2131235	Afu1g04660	AN0445	An01g03460
OG0006433	F9C07_2277972	Afu1g04670	AN0446	An01g03450
OG0006434	F9C07_2277973	Afu1g04680	AN0447	An01g03410
OG0006435	F9C07_2296	Afu1g04690	AN0448	An01g03390
OG0006436	F9C07_2295	Afu1g04700	AN0449	An01g03370
OG0006437	F9C07_2293	Afu1g04710	AN0450	An01g03360
OG0006438	F9C07_2277979	Afu1g04720	AN0451	An01g03350
OG0006439	F9C07_2286	Afu1g04410	AN0458	An01g03270
OG0006440	F9C07_2285	Afu1g04400	AN10091	An01g03260
OG0006441	F9C07_1309032	Afu1g04380	AN0460	An01g03240
OG0006442	F9C07_2282	Afu1g04370	AN0461	An01g03230
OG0006443	F9C07_2277990	Afu1g04360	AN0462	An01g03190
OG0006444	F9C07_2131358	Afu1g04340	AN0463	An01g03180
OG0006445	F9C07_2278	Afu1g04330	AN0464	An01g03170
OG0006446	F9C07_2277992	Afu1g04320	AN0465	An01g03160
OG0006447	F9C07_2276	Afu1g04315	AN0466	An01g03150
OG0006448	F9C07_2275	Afu1g04310	AN0467	An01g03140
OG0006449	F9C07_2277996	Afu1g04290	AN0469	An01g03120
OG0006450	F9C07_2272	Afu1g04280	AN0470	An01g03110
OG0006451	F9C07_2271	Afu1g04270	AN0471	An01g03100
OG0006452	F9C07_2270	Afu1g04260	AN0472	An01g03090
OG0006453	F9C07_2269	Afu1g04240	AN0475	An01g03080
OG0006454	F9C07_2268	Afu1g04230	AN0476	An01g03070
OG0006455	F9C07_2278000	Afu1g04210	AN3999	An01g03060
OG0006456	F9C07_1301849	Afu1g04190	AN4000	An01g03050
OG0006457	F9C07_2226338	Afu1g04170	AN4001	An01g03040
OG0006458	F9C07_2278006	Afu1g04062	AN10501	An01g02890
OG0006459	F9C07_2254	Afu1g04080	AN4014	An01g02910
OG0006460	F9C07_2253	Afu1g04090	AN12042	An01g02920
OG0006461	F9C07_2244	Afu1g04020	AN4017	An01g02870
OG0006462	F9C07_2278019	Afu1g04010	AN4036	An01g02860
OG0006463	F9C07_2278020	Afu1g03992	AN4037	An01g02850
OG0006464	F9C07_2278021	Afu1g03970	AN4038	An01g02840
OG0006465	F9C07_2240	Afu1g03960	AN4039	An01g02830
OG0006466	F9C07_2237	Afu1g03940	AN4043	An01g02800
OG0006467	F9C07_2278024	Afu1g03930	AN10498	An01g02790
OG0006468	F9C07_1311959	Afu1g03920	AN10497	An01g02720
OG0006469	F9C07_2234	Afu1g03910	AN4045	An01g02700
OG0006470	F9C07_1300932	Afu1g03880	AN4047	An01g02680
OG0006471	F9C07_2226369	Afu1g03870	AN4048	An01g02670
OG0006472	F9C07_2226370	Afu1g03860	AN4035	An01g02630
OG0006473	F9C07_1303273	Afu1g03840	AN4034	An01g02620
OG0006474	F9C07_2228	Afu1g03830	AN4033	An18g03900
OG0006475	F9C07_2227	Afu1g03820	AN4032	An18g03910
OG0006476	F9C07_2226	Afu1g03810	AN4031	An18g03920
OG0006477	F9C07_2226376	Afu1g03790	AN10496	An18g03940
OG0006478	F9C07_2223	Afu1g03710	AN4021	An18g04010
OG0006479	F9C07_2222	Afu1g03720	AN4020	An18g04000
OG0006480	F9C07_2219	Afu1g03750	AN4027	An18g03970
OG0006481	F9C07_2218	Afu1g03760	AN4028	An18g03960
OG0006482	F9C07_2216	Afu1g03775		An16g05810, An18g03950
OG0006483	F9C07_2215	Afu1g03700	AN4022	An18g04020
OG0006484	F9C07_2213	Afu1g03680	AN4024	An18g04030
OG0006485	F9C07_2211	Afu1g03650	AN4026	An18g04060
OG0006486	F9C07_2207	Afu1g03620	AN4050	An18g04080
OG0006487	F9C07_2278051	Afu4g12170	AN3649	An01g07430
OG0006488	F9C07_1323255	Afu4g12160	AN3648	An01g07420
OG0006489	F9C07_2197	Afu4g12150	AN11720	An01g07410
OG0006490	F9C07_2196	Afu4g12140	AN10450	An01g07400
OG0006491	F9C07_2195	Afu4g12120	AN10449	An01g07390
OG0006492	F9C07_1322975	Afu4g12110	AN10433	An01g07380
OG0006493	F9C07_2193	Afu4g12100	AN3646	An01g07370
OG0006494	F9C07_1323132	Afu4g12090	AN3645	An01g07360
OG0006495	F9C07_2226406	Afu4g12080	AN3644	An01g07350
OG0006496	F9C07_2054227	Afu4g12070	AN3643	An01g07330
OG0006497	F9C07_2278060	Afu4g12060	AN3642	An01g07320
OG0006498	F9C07_2182	Afu4g11990	AN3635	An01g07270
OG0006499	F9C07_2181	Afu4g11980	AN3634	An01g07260
OG0006500	F9C07_2226417	Afu4g11970	AN11406	An01g07250
OG0006501	F9C07_2226425	Afu4g11960	AN3632	An01g07240
OG0006502	F9C07_2170	Afu4g11930	AN3629	An01g07220
OG0006503	F9C07_2169	Afu4g11920	AN11718	An01g07210
OG0006504	F9C07_2168	Afu4g11910	AN3628	An01g07200
OG0006505	F9C07_2167	Afu4g11900	AN10453	An01g07190
OG0006506	F9C07_2166	Afu4g11890	AN5529	An01g07180
OG0006507	F9C07_2165	Afu4g11880	AN5530	An01g07170
OG0006508	F9C07_2278080	Afu4g11870	AN5531	An01g07160
OG0006509	F9C07_2163	Afu4g11860	AN5532	An01g07010
OG0006510	F9C07_2226435	Afu4g11850	AN5533	An01g07025
OG0006511	F9C07_2160	Afu4g11840	AN5534	An01g07030
OG0006512	F9C07_2159	Afu4g11830	AN5535	An01g07040
OG0006513	F9C07_2278085	Afu4g11820	AN5536	An01g07050
OG0006514	F9C07_2226439	Afu4g11810	AN10678	An01g07060
OG0006515	F9C07_2152	Afu4g11760	AN5561	An01g07090
OG0006516	F9C07_2151	Afu4g11750	AN10696	An01g07080
OG0006517	F9C07_2150	Afu4g11740	AN10694	An01g06990
OG0006518	F9C07_2147	Afu4g11720	AN5564	An01g06960
OG0006519	F9C07_2278096	Afu4g11700	AN5568	An04g04540
OG0006520	F9C07_2278098	Afu4g11690	AN5569	An04g04810
OG0006521	F9C07_2278099	Afu4g11660	AN5570	An04g04770
OG0006522	F9C07_2139	Afu4g11640	AN5572	An04g04740
OG0006523	F9C07_2138	Afu4g11630	AN5573	An04g04730
OG0006524	F9C07_2278102	Afu4g11620	AN5574	An04g04840
OG0006525	F9C07_2278106	Afu4g11590	AN5576	An04g04860
OG0006526	F9C07_2278107	Afu4g11570	AN5578	An04g04880
OG0006527	F9C07_2278108	Afu4g11560	AN5579	An04g04950
OG0006528	F9C07_2278110	Afu4g11550	AN5580	An04g04940
OG0006529	F9C07_2278112	Afu4g11530	AN5588	An04g04970
OG0006530	F9C07_2278113	Afu4g11520	AN5587	An04g04980
OG0006531	F9C07_2125	Afu4g11510	AN5586	An04g04990
OG0006532	F9C07_2124	Afu4g11500	AN5585	An04g05000
OG0006533	F9C07_2120	Afu4g11477	AN5581	An04g05110
OG0006534	F9C07_2278119	Afu4g11460	AN5591	An04g05130
OG0006535	F9C07_2278120	Afu4g11450	AN5592	An04g05150
OG0006536	F9C07_1328723	Afu4g11440	AN5593	An04g05180
OG0006537	F9C07_1328288	Afu4g11420	AN5594	An04g05190
OG0006538	F9C07_2116	Afu4g11410	AN5595	An09g02780
OG0006539	F9C07_2114	Afu4g11390	AN5597	An04g05220
OG0006540	F9C07_2132043	Afu4g11380	AN5598	An04g05230
OG0006541	F9C07_2278129	Afu4g11320	AN5603	An04g05280
OG0006542	F9C07_2100563	Afu4g11330	AN5602	An04g05270
OG0006543	F9C07_2106	Afu4g11310	AN5604	An04g05300
OG0006544	F9C07_2104	Afu4g11290	AN5607	An04g05320
OG0006545	F9C07_2056108	Afu4g11270	AN9473	An04g05360
OG0006546	F9C07_2096	Afu4g11230	AN5612	An04g05430
OG0006547	F9C07_2094	Afu4g11210	AN5614	An04g05460
OG0006548	F9C07_2054677	Afu4g11200	AN5615	An04g05480
OG0006549	F9C07_2090	Afu4g11160	AN5618	An04g05510
OG0006550	F9C07_1328028	Afu4g11140	AN5620	An04g05540
OG0006551	F9C07_2278143	Afu4g11130	AN5621	An04g05550
OG0006552	F9C07_2055353	Afu4g11110	AN5624	An04g05580
OG0006553	F9C07_2084	Afu4g11100	AN5625	An04g05590
OG0006554	F9C07_2278148	Afu4g11080	AN5626	An04g05620
OG0006555	F9C07_2278151	Afu4g11070	AN5627	An04g05630
OG0006556	F9C07_2078	Afu4g11050	AN5629	An04g05640
OG0006557	F9C07_2100587	Afu4g11040	AN5630	An04g05650
OG0006558	F9C07_2132147	Afu4g11012	AN5631	An04g05660
OG0006559	F9C07_2074	Afu4g11000	AN5632	An04g05670
OG0006560	F9C07_2073	Afu4g10990	AN5633	An04g05680
OG0006561	F9C07_2072	Afu4g10970	AN5648	An04g05700
OG0006562	F9C07_1333502	Afu4g10960	AN5647	An04g05710
OG0006563	F9C07_2070	Afu4g10950	AN5646	An04g05720
OG0006564	F9C07_1333392	Afu4g10940	AN10700	An04g05730
OG0006565	F9C07_1333389	Afu4g10920	AN11487	An04g05750
OG0006566	F9C07_2278160	Afu4g10910	AN5640	An04g05760
OG0006567	F9C07_2063	Afu4g10840	AN11803	An04g05800
OG0006568	F9C07_2132211	Afu4g10830	AN11804	An04g05810
OG0006569	F9C07_1334781	Afu4g10810	AN1963	An04g05840
OG0006570	F9C07_2278168	Afu4g10800	AN1964	An04g05850
OG0006571	F9C07_2278169	Afu4g10780	AN1966	An04g05870
OG0006572	F9C07_2057	Afu4g10790	AN1965	An04g05860
OG0006573	F9C07_2278172	Afu4g10750	AN1969	An04g05940
OG0006574	F9C07_2278173	Afu4g10740	AN1970	An04g05950
OG0006575	F9C07_2050	Afu4g10730	AN1971	An04g05960
OG0006576	F9C07_1334690	Afu4g10720	AN1972	An04g05970
OG0006577	F9C07_2048	Afu4g10710	AN1973	An04g05980
OG0006578	F9C07_1334688	Afu4g10700	AN10241	An04g05990
OG0006579	F9C07_2046	Afu4g10690	AN10237	An04g06020
OG0006580	F9C07_2226538	Afu4g10680	AN1975	An04g06030
OG0006581	F9C07_2044	Afu4g10660	AN1976	An04g06040
OG0006582	F9C07_2226540	Afu4g10650	AN1977	An04g06050
OG0006583	F9C07_2042	Afu4g10630	AN10253	An04g06060
OG0006584	F9C07_2041	Afu4g10610	AN1979	An04g06070
OG0006585	F9C07_1334678	Afu4g10600	AN1980	An04g06080
OG0006586	F9C07_2226544	Afu4g10580	AN1981	An04g06090
OG0006587	F9C07_2100622	Afu4g10570	AN1982	An04g06100
OG0006588	F9C07_2278185	Afu4g10550	AN1983	An04g06120
OG0006589	F9C07_2054334	Afu4g10540	AN1984	An04g06140
OG0006590	F9C07_1335910	Afu4g10530	AN10254	An04g06150
OG0006591	F9C07_2033	Afu4g10510	AN1986	An04g06160
OG0006592	F9C07_2278190	Afu4g10490	AN1988	An04g06180
OG0006593	F9C07_2032	Afu4g10500	AN1987	An04g06170
OG0006594	F9C07_2030	Afu4g10480	AN12319	An04g06190
OG0006595	F9C07_2025	Afu4g10440	AN10255	An04g06310
OG0006596	F9C07_2024	Afu4g10430	AN10249	An04g06320
OG0006597	F9C07_2278197	Afu4g10420	AN1992	An04g06370
OG0006598	F9C07_2022	Afu4g10410	AN1993	An04g06380
OG0006599	F9C07_2132340	Afu4g10400	AN1995	An04g06400
OG0006600	F9C07_1337004	Afu4g10390	AN1996	An04g06420
OG0006601	F9C07_2016	Afu4g10380	AN1997	An04g06430
OG0006602	F9C07_2278205	Afu4g10370	AN1999	An04g06490
OG0006603	F9C07_2132365	Afu4g10360	AN10251	An04g06500
OG0006604	F9C07_2013	Afu4g10350	AN2000	An04g06510
OG0006605	F9C07_1337098	Afu4g10340	AN2001	An04g06640
OG0006606	F9C07_1336826	Afu4g10330	AN2002	An04g06620
OG0006607	F9C07_2007	Afu4g10320	AN10252	An04g06600
OG0006608	F9C07_2006	Afu4g10310	AN10250	An04g06590
OG0006609	F9C07_2005	Afu4g10290	AN2004	An04g06580
OG0006610	F9C07_2004	Afu4g10280	AN2005	An04g06570
OG0006611	F9C07_2002	Afu4g10260	AN2006	An04g06660
OG0006612	F9C07_2132425	Afu4g10240	AN2007	An04g06670
OG0006613	F9C07_2132427	Afu4g10230	AN2008	An04g06680
OG0006614	F9C07_2278219	Afu4g10220	AN2009	An04g06690
OG0006615	F9C07_1999	Afu4g10210	AN2011	An04g06840
OG0006616	F9C07_1995	Afu4g10190	AN2013	An04g06880
OG0006617	F9C07_1994	Afu4g10180	AN2014	An04g06890
OG0006618	F9C07_1992	Afu4g10170	AN2015	An04g06900
OG0006619	F9C07_1990	Afu4g10150	AN2017	An04g06920
OG0006620	F9C07_2100668	Afu4g10110	AN2020	An04g06950
OG0006621	F9C07_2132562	Afu4g10100	AN2042	An04g06960
OG0006622	F9C07_1978	Afu4g10060	AN2046	An04g07000
OG0006623	F9C07_1976	Afu4g10040	AN2048	An04g07020
OG0006624	F9C07_2054308	Afu4g10030	AN2049	An04g07030
OG0006625	F9C07_2278242	Afu4g10020	AN2050	An04g07040
OG0006626	F9C07_2278243	Afu4g10010	AN2051	An04g07050
OG0006627	F9C07_2278244	Afu4g10000	AN2052	An04g07060
OG0006628	F9C07_1344175	Afu4g09990	AN2053	An04g07070
OG0006629	F9C07_1343170	Afu4g09970	AN2054	An04g07100
OG0006630	F9C07_1967	Afu4g09960	AN2055	An04g07090
OG0006631	F9C07_1966	Afu4g09950	AN2056	An04g07080
OG0006632	F9C07_2226613	Afu4g09910	AN1854	An04g07130
OG0006633	F9C07_1963	Afu4g09890	AN1855	An04g07160
OG0006634	F9C07_2278254	Afu4g09880	AN1856	An04g07170
OG0006635	F9C07_2226615	Afu4g09870	AN11317	An04g07180
OG0006636	F9C07_1959	Afu4g09830	AN1858	An04g07210
OG0006637	F9C07_1958	Afu4g09820	AN1859	An04g07250
OG0006638	F9C07_1957	Afu4g09810	AN1860	An04g07260
OG0006639	F9C07_2226621	Afu4g09800	AN1861	An04g07270
OG0006640	F9C07_2056731	Afu4g09790	AN1862	An04g07280
OG0006641	F9C07_1345070	Afu4g09770	AN2059	An04g07320
OG0006642	F9C07_1952	Afu4g09760	AN2058	An03g02810
OG0006643	F9C07_2278263	Afu4g09750	AN2057	An04g07330
OG0006644	F9C07_1950	Afu4g09740	AN1851	An04g07340
OG0006645	F9C07_1345525	Afu4g09730	AN1850	An04g07380
OG0006646	F9C07_1941	Afu4g09700	AN1847	An04g07430
OG0006647	F9C07_1938	Afu4g09660	AN1845	An04g07440
OG0006648	F9C07_1935	Afu4g09650	AN1844	An04g07460
OG0006649	F9C07_1932	Afu4g09630	AN1842	An04g07480
OG0006650	F9C07_2278282	Afu4g09620	AN5235	An04g07490
OG0006651	F9C07_1928	Afu4g09610	AN0400	An04g07500
OG0006652	F9C07_2081153	Afu4g09600	AN1827	An04g07530
OG0006653	F9C07_1926	Afu4g09590	AN1828	An04g07540
OG0006654	F9C07_2132815	Afu3g02890	AN1830	An04g08030
OG0006655	F9C07_2278292	Afu1g01570	AN0389	An04g08610
OG0006656	F9C07_1905	Afu5g02120	AN8051	An02g11160
OG0006657	F9C07_1901	Afu5g02110	AN11039	An02g11170
OG0006658	F9C07_1898	Afu5g02090	AN8050	An02g11190
OG0006659	F9C07_1897	Afu5g02080	AN8049	An02g11200
OG0006660	F9C07_1896	Afu5g02070	AN8048	An02g11210
OG0006661	F9C07_1894	Afu5g02030	AN8045	An16g01870
OG0006662	F9C07_1891	Afu5g02050	AN11033	An16g01890
OG0006663	F9C07_1890	Afu5g02060	AN11040	An02g11230
OG0006664	F9C07_2278320	Afu5g01980	AN8042	An16g01840
OG0006665	F9C07_2100761	Afu5g01960	AN8040	An16g01820
OG0006666	F9C07_1349543	Afu5g01950	AN8039	An16g01810
OG0006667	F9C07_1883	Afu5g01940	AN8038	An16g01800
OG0006668	F9C07_1882	Afu5g01920	AN8037	An16g01780
OG0006669	F9C07_1880	Afu5g01910	AN8036	An16g01770
OG0006670	F9C07_1878	Afu5g01890	AN8061	An16g01750
OG0006671	F9C07_1871	Afu5g01860	AN8065	An16g01570
OG0006672	F9C07_1870	Afu5g01850	AN8066	An16g01560
OG0006673	F9C07_1351024	Afu5g01840	AN8067	An16g01550
OG0006674	F9C07_1868	Afu5g01820	AN8069	An16g01540
OG0006675	F9C07_1867	Afu5g01810	AN8070	An16g01530
OG0006676	F9C07_2278340	Afu5g01800	AN3784	An03g03720
OG0006677	F9C07_1865	Afu5g01780	AN8071	An16g01520
OG0006678	F9C07_2278342	Afu5g01770	AN8072	An16g01510
OG0006679	F9C07_1863	Afu5g01760	AN8073	An16g01500
OG0006680	F9C07_1862	Afu5g01750	AN8074	An16g01490
OG0006681	F9C07_1861	Afu5g01740	AN8075	An16g01480
OG0006682	F9C07_2226710	Afu5g01730	AN8076	An16g01470
OG0006683	F9C07_2133117	Afu5g01700	AN8079	An16g01020
OG0006684	F9C07_2133213	Afu4g00970	AN3222	An18g01690
OG0006685	F9C07_1823	Afu4g00950	AN3224	An18g01610
OG0006686	F9C07_2278387	Afu4g00930	AN3231	An18g01490
OG0006687	F9C07_1353874	Afu4g00390	AN11680	An01g06630
OG0006688	F9C07_2278405	Afu1g17570	AN2598	An18g01360
OG0006689	F9C07_2278417	Afu6g00120	AN12314	An11g03890
OG0006690	F9C07_2278418	Afu6g00110	AN2728	An11g03880
OG0006691	F9C07_1736	Afu3g03060	AN8333	An14g01820
OG0006692	F9C07_1706	Afu2g00190	AN0020	An15g07480
OG0006693	F9C07_2198954		AN8538	An07g00310, An12g09900
OG0006694	F9C07_1701	Afu4g13990	AN12414	An13g01520
OG0006695	F9C07_2056338	Afu5g00460, Afu6g13390		An03g05870
OG0006696	F9C07_7859	Afu2g07750	AN5830	An05g00340
OG0006697	F9C07_2073940, F9C07_2074952	Afu3g12910, Afu6g09680		
OG0006698	F9C07_7906	Afu8g07090	AN3258	An05g02250
OG0006699	F9C07_7922	Afu3g01430	AN8959	An02g01870
OG0006700	F9C07_7945		AN9169, AN9494	An01g14620
OG0006701	F9C07_7952	Afu1g17430	AN7060, AN8435	
OG0006702	F9C07_2167138, F9C07_2170218, F9C07_2286613	Afu3g01620		
OG0006703	F9C07_2285758		AN10081, AN11581	An01g14680
OG0006704	F9C07_2285769		AN3194	An02g00570, An14g02860
OG0006705	F9C07_8017		AN1185	An11g05930, An18g01830
OG0006706	F9C07_8018	Afu5g00870, Afu5g14830	AN8989	
OG0006707	F9C07_2215063	Afu4g02930	AN10380	An14g03000
OG0006708	F9C07_8022	Afu4g02920	AN3190	An14g02990
OG0006709	F9C07_8024	Afu4g02940	AN10378	An14g03010
OG0006710	F9C07_8026	Afu5g14330	AN2682	An14g05750
OG0006711	F9C07_2167492	Afu5g14250	AN7782	An14g05590
OG0006712	F9C07_8049	Afu5g14180	AN7186	An14g05580
OG0006713	F9C07_8051	Afu1g12590	AN1045	An08g05260
OG0006714	F9C07_8053	Afu1g12570	AN10139	An08g05250
OG0006715	F9C07_2285823	Afu1g12550	AN1039	An08g05200
OG0006716	F9C07_2167608	Afu1g12540	AN1038	An08g05185
OG0006717	F9C07_8057	Afu1g12530	AN1037	An08g05160
OG0006718	F9C07_8058	Afu1g12520	AN10145	An08g05150
OG0006719	F9C07_1733132	Afu1g12490	AN1052	An08g05100
OG0006720	F9C07_8071	Afu1g12480	AN1053	An08g05080
OG0006721	F9C07_8072	Afu1g12400	AN1054	An08g05070
OG0006722	F9C07_2235244	Afu1g12390	AN1055	An08g05060
OG0006723	F9C07_8073	Afu1g12380	AN1056	An08g05050
OG0006724	F9C07_2285863	Afu5g10220	AN8330	An11g06230
OG0006725	F9C07_8105	Afu5g08440		An03g01870, An11g05900
OG0006726	F9C07_8123	Afu1g12370	AN1057	An08g05030
OG0006727	F9C07_2167797	Afu1g12340	AN1059	An08g04990
OG0006728	F9C07_2167825	Afu1g12332	AN1060	An08g04965
OG0006729	F9C07_1735859	Afu1g12310	AN1061	An08g04930
OG0006730	F9C07_2235298	Afu1g12300	AN1062	An08g04920
OG0006731	F9C07_8130	Afu1g12290	AN1063	An08g04910
OG0006732	F9C07_8131	Afu1g12280	AN1064	An08g04900
OG0006733	F9C07_8133	Afu1g12260	AN1065	An08g04890
OG0006734	F9C07_8134	Afu1g12250	AN1066	An08g04880
OG0006735	F9C07_2285915	Afu4g14470	AN10022, AN1088	
OG0006736	F9C07_8157	Afu1g12200	AN10158	An08g04520
OG0006737	F9C07_2075008	Afu1g12180	AN1085	An08g04480
OG0006738	F9C07_2167979	Afu1g12150	AN1082	An08g04450
OG0006739	F9C07_8161	Afu1g12160	AN1083	An08g04460
OG0006740	F9C07_8163	Afu1g12140	AN1081	An08g04440
OG0006741	F9C07_8164	Afu1g12130	AN1080	An08g04430
OG0006742	F9C07_8165	Afu1g12120	AN1079	An08g04420
OG0006743	F9C07_8166	Afu1g12110	AN10163	An08g04410
OG0006744	F9C07_8167	Afu1g12090	AN1076	An08g04400
OG0006745	F9C07_8168	Afu1g12080	AN1075	An03g02660
OG0006746	F9C07_2285927	Afu1g12070	AN1074	An08g04390
OG0006747	F9C07_8170	Afu1g12065	AN10161	An08g04380
OG0006748	F9C07_8171	Afu1g12060	AN11027	An08g04370
OG0006749	F9C07_1737764	Afu1g12030	AN1068	An08g04360
OG0006750	F9C07_2074061	Afu1g12040	AN1069	An08g04350
OG0006751	F9C07_2285940	Afu1g12010	AN1090	An08g04290
OG0006752	F9C07_2285941	Afu1g12000	AN10164	An08g04280
OG0006753	F9C07_8185	Afu1g11990	AN10157	An08g04270
OG0006754	F9C07_1738850	Afu1g11980	AN1092	An08g04260
OG0006755	F9C07_8187	Afu1g11970	AN1093	An08g04250
OG0006756	F9C07_1738847	Afu1g11960	AN1094	An08g04240
OG0006757	F9C07_2168121	Afu1g11950	AN1096	An08g04160
OG0006758	F9C07_8193	Afu1g11940	AN1095	An08g04150
OG0006759	F9C07_2168130	Afu1g11930	AN1097	An08g04140
OG0006760	F9C07_2285952	Afu1g11920	AN1099	An08g04130
OG0006761	F9C07_8200	Afu1g11910	AN10165	An08g04120
OG0006762	F9C07_2285956	Afu1g11900	AN10166	An08g04110
OG0006763	F9C07_8203	Afu1g11880	AN1103	An08g04090
OG0006764	F9C07_2285959	Afu1g11870	AN1104	An08g04080
OG0006765	F9C07_2168150	Afu1g11860	AN1105	An08g04070
OG0006766	F9C07_2285961	Afu1g11850	AN1106	An08g04060
OG0006767	F9C07_2235372	Afu1g11830	AN1109	An08g04040
OG0006768	F9C07_1740929	Afu1g11810	AN10167	An08g04030
OG0006769	F9C07_2109239	Afu1g11800	AN1114	An08g04000
OG0006770	F9C07_8217	Afu1g11790	AN1115	An08g03980
OG0006771	F9C07_8218	Afu1g11780	AN1116	An08g03970
OG0006772	F9C07_8219	Afu1g11770	AN1117	An08g03960
OG0006773	F9C07_1742508	Afu1g11760	AN1118	An08g03950
OG0006774	F9C07_2235384	Afu1g11670	AN1119	An08g03940
OG0006775	F9C07_8222	Afu1g11690	AN1120	An08g03930
OG0006776	F9C07_2109246	Afu1g11700	AN1121	An08g03920
OG0006777	F9C07_8224	Afu1g11710	AN1122	An08g03910
OG0006778	F9C07_2168228	Afu1g11715	AN1123	An08g03720
OG0006779	F9C07_2204913	Afu1g11720	AN1124	An08g03680
OG0006780	F9C07_2235391	Afu1g11740	AN1127	An08g03700
OG0006781	F9C07_8230	Afu1g11660	AN1128	An08g03710
OG0006782	F9C07_2285981	Afu1g11640	AN1131	An08g03890
OG0006783	F9C07_8233	Afu1g11630	AN1132	An08g03880
OG0006784	F9C07_1742737	Afu1g11620	AN1134	An08g03870
OG0006785	F9C07_2285984	Afu1g11600	AN1136	An03g03700
OG0006786	F9C07_2073803	Afu1g11570	AN1139	An18g01520
OG0006787	F9C07_8242	Afu1g11550	AN10156	An08g03670
OG0006788	F9C07_2285990	Afu1g11540	AN10148	An08g03660
OG0006789	F9C07_8246	Afu1g11510	AN10149	An08g03630
OG0006790	F9C07_8249	Afu1g11500	AN1147	An08g03620
OG0006791	F9C07_8250	Afu1g11490	AN1148	An08g03610
OG0006792	F9C07_8251	Afu1g11480	AN1152	An08g03600
OG0006793	F9C07_2235412	Afu1g11470	AN1154	An08g03590
OG0006794	F9C07_2286001	Afu1g11460	AN10150	An08g03580
OG0006795	F9C07_2194088	Afu1g11450	AN1156	An08g03570
OG0006796	F9C07_8257	Afu1g11440	AN1157	An08g03550
OG0006797	F9C07_1744521	Afu1g11420	AN1158	An08g03530
OG0006798	F9C07_8259	Afu1g11410	AN1159	An08g03520
OG0006799	F9C07_1743730	Afu1g11200	AN1161	An08g03493
OG0006800	F9C07_2168306	Afu1g11190	AN1162	An08g03490
OG0006801	F9C07_2286006	Afu1g11180	AN1163	An08g03480
OG0006802	F9C07_8263	Afu1g11160	AN1164	An08g03460
OG0006803	F9C07_2168312	Afu1g11150	AN1165	An08g03450
OG0006804	F9C07_8266	Afu1g11130	AN1166	An08g03430
OG0006805	F9C07_8267	Afu1g11120	AN1167	An08g03420
OG0006806	F9C07_8270	Afu1g11100	AN1169	An08g03390
OG0006807	F9C07_2286013	Afu1g11090	AN1170	An08g03380
OG0006808	F9C07_2286014	Afu1g11080	AN1171	An08g03360
OG0006809	F9C07_2194112	Afu1g11070	AN1172	An08g03340
OG0006810	F9C07_1746088	Afu1g10990	AN1175	An08g03290
OG0006811	F9C07_2286018	Afu1g10970	AN1177	An08g03270
OG0006812	F9C07_8278	Afu1g10980	AN1176	An08g03280
OG0006813	F9C07_8280	Afu1g10960	AN1178	An08g03260
OG0006814	F9C07_1745835	Afu1g10950	AN1179	An08g03250
OG0006815	F9C07_8283	Afu1g10940	AN10153	An08g03240
OG0006816	F9C07_2286023	Afu1g10930	AN1181	An08g03200
OG0006817	F9C07_1746768	Afu1g10920	AN1188	An08g03180
OG0006818	F9C07_1747596	Afu1g10860	AN1190	An08g02930
OG0006819	F9C07_8297	Afu1g10850	AN1191	An08g02945
OG0006820	F9C07_1746792	Afu1g10840	AN1192	An08g02960
OG0006821	F9C07_2223483	Afu1g10830	AN1193	An08g02975
OG0006822	F9C07_8303	Afu1g10820	AN1194	An08g02990
OG0006823	F9C07_8304	Afu1g10810	AN1195	An08g03000
OG0006824	F9C07_1747026	Afu1g10800	AN1196	An08g03040
OG0006825	F9C07_8308	Afu1g10780	AN1198	An08g03070
OG0006826	F9C07_8311	Afu1g10760	AN1200	An08g02870
OG0006827	F9C07_8312	Afu1g10750	AN1201	An08g02860
OG0006828	F9C07_8314	Afu1g10740	AN1205	An08g02830
OG0006829	F9C07_2223489	Afu1g10720	AN1207	An08g02810
OG0006830	F9C07_2286051	Afu1g10710	AN1208	An08g02800
OG0006831	F9C07_8319	Afu1g10690	AN1210	An08g02780
OG0006832	F9C07_8320	Afu1g10670	AN1211	An08g02770
OG0006833	F9C07_8321	Afu1g10660	AN1212	An08g02760
OG0006834	F9C07_2286056	Afu1g10650	AN1213	An08g02730
OG0006835	F9C07_8323	Afu1g10645	AN1224	An08g02720
OG0006836	F9C07_8324	Afu1g10640	AN1223	An08g02710
OG0006837	F9C07_2286059	Afu1g10620	AN1221	An08g02680
OG0006838	F9C07_2168632	Afu1g10600	AN1219	An08g02600
OG0006839	F9C07_8334	Afu1g10580	AN1217	An08g02580
OG0006840	F9C07_8336	Afu1g10560	AN1215	An08g02520
OG0006841	F9C07_2109349	Afu1g10550	AN1225	An08g02510
OG0006842	F9C07_8338	Afu1g10540	AN1226	An08g02500
OG0006843	F9C07_2235491	Afu1g10525	AN1227	An08g02480
OG0006844	F9C07_8342	Afu1g10510	AN1228	An08g02470
OG0006845	F9C07_8343	Afu1g10497	AN1229	An08g02460
OG0006846	F9C07_8344	Afu1g10490	AN1230	An08g02450
OG0006847	F9C07_2235495	Afu1g10480	AN1231	An08g02440
OG0006848	F9C07_8346	Afu1g10470	AN1232	An08g02420
OG0006849	F9C07_1748810	Afu1g10450	AN1233	An08g02400
OG0006850	F9C07_2168688	Afu1g10440	AN10173	An08g02390
OG0006851	F9C07_8352	Afu1g10430	AN10168	An08g02380
OG0006852	F9C07_2168697	Afu1g10420	AN1236	An08g02360
OG0006853	F9C07_2286083	Afu1g10410	AN1237	An08g02350
OG0006854	F9C07_2286084	Afu1g10400	AN1238	An08g02340
OG0006855	F9C07_2168711	Afu1g10360	AN1244	An08g02280
OG0006856	F9C07_2286089	Afu1g10355	AN1245	An08g02270
OG0006857	F9C07_8361	Afu1g10350	AN1246	An08g02260
OG0006858	F9C07_8362	Afu1g10340	AN1247	An08g02240
OG0006859	F9C07_2286093	Afu1g10320	AN1249	An08g02220
OG0006860	F9C07_8363	Afu1g10330	AN1248	An08g02230
OG0006861	F9C07_2286094	Afu1g10310	AN1256	An08g02210
OG0006862	F9C07_1754480	Afu1g10295	AN1255	An08g02200
OG0006863	F9C07_8367	Afu1g10280	AN1254	An08g02190
OG0006864	F9C07_8369	Afu1g10260	AN1253	An08g02170
OG0006865	F9C07_8370	Afu1g10230	AN1251	An08g02110
OG0006866	F9C07_2246769	Afu1g10220	AN1250	An08g02090
OG0006867	F9C07_8372	Afu1g10210	AN1258	An08g02080
OG0006868	F9C07_2286107	Afu1g10200	AN1259	An08g02000
OG0006869	F9C07_8379	Afu1g10190	AN1260	An08g01990
OG0006870	F9C07_8380	Afu1g10180	AN1261	An08g01980
OG0006871	F9C07_2235530	Afu1g10170	AN1262	An08g01970
OG0006872	F9C07_8383	Afu1g10130	AN1263	An08g01960
OG0006873	F9C07_8387	Afu1g10120	AN8931	An08g01940
OG0006874	F9C07_2286118	Afu1g10110	AN8932	An08g01950
OG0006875	F9C07_8394	Afu1g10080	AN1265	An08g01860
OG0006876	F9C07_2168827	Afu1g10050	AN1266	An08g01850
OG0006877	F9C07_2246792	Afu1g10012	AN1268	An08g01810
OG0006878	F9C07_8397	Afu1g10040	AN1267	An08g01840
OG0006879	F9C07_8401	Afu1g09970	AN1270	An08g01790
OG0006880	F9C07_8402	Afu1g09960	AN1271	An08g01780
OG0006881	F9C07_8403	Afu1g09950	AN1272	An08g01770
OG0006882	F9C07_2286132	Afu1g09940	AN11936	An08g01750
OG0006883	F9C07_2286138	Afu1g09800	AN10170	An08g01610
OG0006884	F9C07_2235564	Afu1g09810	AN10175	An08g01620
OG0006885	F9C07_2286140	Afu1g09820	AN1283	An08g01630
OG0006886	F9C07_1757330	Afu1g09830	AN1282	An08g01640
OG0006887	F9C07_8420	Afu1g09840	AN1281	An08g01650
OG0006888	F9C07_8422	Afu1g09870	AN1280	An08g01680
OG0006889	F9C07_2286146	Afu1g09880	AN1279	An08g01690
OG0006890	F9C07_8426	Afu1g09900	AN1277	An08g01710
OG0006891	F9C07_1757997	Afu1g09920	AN1275	An08g01730
OG0006892	F9C07_8430	Afu7g06770	AN8339	An12g07160
OG0006893	F9C07_2286156	Afu6g09990	AN2120	An11g04985
OG0006894	F9C07_2286157	Afu6g09980	AN2119	An11g05000
OG0006895	F9C07_8436	Afu7g00410	AN8088	An14g06940
OG0006896	F9C07_2235587		AN6953, AN8618	An01g04770
OG0006897	F9C07_2169170	Afu7g01550	AN9151	An12g01140
OG0006898	F9C07_2235635	Afu7g01570	AN9142	An12g01130
OG0006899	F9C07_2073493	Afu7g01600	AN11181	An12g01100
OG0006900	F9C07_1759817	Afu7g01610	AN9146	An12g01080
OG0006901	F9C07_1759782	Afu7g01620	AN11932	An12g01070
OG0006902	F9C07_8497	Afu7g01640	AN9147	An12g01060
OG0006903	F9C07_2169245	Afu7g01670	AN9140	An12g01040
OG0006904	F9C07_8502	Afu7g01690	AN9138	An12g01020
OG0006905	F9C07_8504	Afu7g01700	AN11178	An12g01010
OG0006906	F9C07_8506	Afu7g01720	AN5273, AN9131	
OG0006907	F9C07_2286223	Afu7g01740	AN11167	An12g00940
OG0006908	F9C07_1761820	Afu7g01800	AN9132	An12g00860
OG0006909	F9C07_2235663	Afu7g01810	AN11185	An12g00840
OG0006910	F9C07_2286228	Afu7g01830	AN9148	An12g00820
OG0006911	F9C07_2286229	Afu7g01840	AN9149	An12g00800
OG0006912	F9C07_2286230	Afu7g01860	AN9124	An12g00790
OG0006913	F9C07_8526	Afu7g01850	AN9125	An12g00780
OG0006914	F9C07_1761948	Afu7g01870	AN9126	An12g00770
OG0006915	F9C07_8528	Afu7g01880	AN9116	An12g00760
OG0006916	F9C07_8529	Afu7g01890	AN9117	An12g00750
OG0006917	F9C07_8530	Afu7g01900	AN9118	An12g00740
OG0006918	F9C07_2286236	Afu7g01910	AN9119	An12g00730
OG0006919	F9C07_2286237	Afu7g01920	AN9120	An12g00720
OG0006920	F9C07_2286238	Afu7g01930	AN9121	An12g00710
OG0006921	F9C07_2286240	Afu7g01940	AN9109	An12g00690
OG0006922	F9C07_8538	Afu7g01950	AN11176	An12g00680
OG0006923	F9C07_8540	Afu7g01990	AN11166	An14g03470
OG0006924	F9C07_2246913	Afu7g02000	AN9113	An14g03460
OG0006925	F9C07_2286244	Afu7g02010	AN9108	An12g00660
OG0006926	F9C07_2235684	Afu7g02030	AN11175	An12g00650
OG0006927	F9C07_8543	Afu7g02020	AN9107	An12g00640
OG0006928	F9C07_1763487	Afu7g02040	AN9106	An12g00630
OG0006929	F9C07_2235687	Afu7g02050	AN9105	An12g00620
OG0006930	F9C07_2205068	Afu7g02060	AN9104	An12g00610
OG0006931	F9C07_8547	Afu7g02070	AN9103	An12g00600
OG0006932	F9C07_2169358	Afu7g02080	AN9102	An12g00590
OG0006933	F9C07_8549	Afu7g02090	AN9101	An12g00580
OG0006934	F9C07_8551	Afu7g02100	AN9100	An12g00570
OG0006935	F9C07_8553	Afu7g02110	AN11164	An12g00550
OG0006936	F9C07_2074052	Afu7g02120	AN11174	An12g00530
OG0006937	F9C07_1764697	Afu7g02130	AN9098	An12g00520
OG0006938	F9C07_8556	Afu7g02140	AN9097	An12g00510
OG0006939	F9C07_2073548	Afu7g02150	AN9096	An12g00500
OG0006940	F9C07_8558	Afu7g02170	AN9095	An12g00490
OG0006941	F9C07_8559	Afu7g02180	AN9094	An12g00480
OG0006942	F9C07_8560	Afu7g02190	AN9093	An12g00470
OG0006943	F9C07_2109550	Afu7g02200	AN11930	An12g00460
OG0006944	F9C07_8562	Afu7g02220	AN9091	An12g00440
OG0006945	F9C07_2235704	Afu7g02230	AN9090	An12g00410
OG0006946	F9C07_2246934	Afu7g02240	AN9089	An12g00400
OG0006947	F9C07_8565	Afu7g02260	AN9087	An12g00390
OG0006948	F9C07_8566	Afu7g02270	AN9086	An12g00380
OG0006949	F9C07_2235708	Afu7g02280	AN9085	An12g00370
OG0006950	F9C07_1765792	Afu7g02285	AN11182	An12g00350
OG0006951	F9C07_1766615	Afu7g02290	AN11163	An12g00340
OG0006952	F9C07_8571	Afu7g02310	AN9083	An12g00320
OG0006953	F9C07_8572	Afu7g02320	AN9082	An12g00260
OG0006954	F9C07_8575	Afu7g02350	AN9079	An12g00230
OG0006955	F9C07_8576	Afu7g02360	AN9078	An12g00220
OG0006956	F9C07_8577	Afu7g02370	AN9077	An12g00210
OG0006957	F9C07_2286277	Afu7g02400	AN9075	An12g00170
OG0006958	F9C07_2286278	Afu7g02420	AN6933	An12g00160
OG0006959	F9C07_8582	Afu7g02440	AN11245, AN9074	
OG0006960	F9C07_8584	Afu7g02470	AN9065	An12g00130
OG0006961	F9C07_2286282	Afu7g02480	AN9063	An12g00120
OG0006962	F9C07_8588	Afu7g02510	AN9070	An12g00060
OG0006963	F9C07_2109575	Afu7g02520	AN9071	An12g00050
OG0006964	F9C07_8589	Afu7g02540	AN9072	An12g00040
OG0006965	F9C07_2205090	Afu7g02590	AN9068	An12g00010
OG0006966	F9C07_2073621	Afu7g02600	AN9057	An09g03040
OG0006967	F9C07_12140	Afu3g05340	AN3470	An11g11320
OG0006968	F9C07_12139	Afu3g05350	AN3469	An11g11310
OG0006969	F9C07_12138	Afu3g05360	AN3468	An11g11300
OG0006970	F9C07_12135	Afu3g05380	AN3465	An11g11270
OG0006971	F9C07_2169682	Afu3g05390	AN3464	An11g11260
OG0006972	F9C07_2286293	Afu3g05400	AN3463	An11g11250
OG0006973	F9C07_1770372	Afu3g05410	AN3462	An11g11240
OG0006974	F9C07_2286294	Afu3g05430	AN10417	An11g11210
OG0006975	F9C07_2074795	Afu3g05440	AN10415	An11g11190
OG0006976	F9C07_12128	Afu3g05460	AN3458	An11g11170
OG0006977	F9C07_2286298	Afu3g05500	AN3454	An11g11140
OG0006978	F9C07_12124	Afu3g05490	AN3455	An11g11150
OG0006979	F9C07_1773123	Afu3g05510	AN3453	An11g11130
OG0006980	F9C07_2286301	Afu3g05530	AN3451	An11g11110
OG0006981	F9C07_12121	Afu3g05520	AN3452	An11g11120
OG0006982	F9C07_2286302	Afu3g05540	AN3450	An11g11100
OG0006983	F9C07_2169723	Afu3g05550	AN3449	An11g11090
OG0006984	F9C07_12117	Afu3g05560	AN3448	An11g11080
OG0006985	F9C07_12116	Afu3g05570	AN3447	An11g11070
OG0006986	F9C07_12115	Afu3g05575	AN3446	An11g11060
OG0006987	F9C07_12114	Afu3g05580	AN3445	An11g11050
OG0006988	F9C07_2169766	Afu3g05590	AN10414	An11g11040
OG0006989	F9C07_2286310	Afu3g05630	AN10413	An11g11010
OG0006990	F9C07_12112	Afu3g05600	AN10416	An11g11030
OG0006991	F9C07_12109	Afu3g05640	AN3442	An11g11000
OG0006992	F9C07_2073828	Afu3g05650	AN3441	An11g10990
OG0006993	F9C07_2169784	Afu3g05670	AN10411	An11g10960
OG0006994	F9C07_12105	Afu3g05690	AN3439	An11g10950
OG0006995	F9C07_2286314	Afu3g05700	AN3438	An11g10930
OG0006996	F9C07_2286316	Afu3g05720	AN3437	An11g10920
OG0006997	F9C07_12101	Afu3g05730	AN3431	An11g10910
OG0006998	F9C07_12100	Afu3g05740	AN3432	An11g10890
OG0006999	F9C07_12098	Afu3g05770	AN3434	An11g10840
OG0007000	F9C07_2286321	Afu3g05780	AN3435	An11g10820
OG0007001	F9C07_12096	Afu3g05790	AN3430	An11g10810
OG0007002	F9C07_2235785	Afu6g12220	AN3429	An11g10800
OG0007003	F9C07_2109629	Afu3g05800	AN4005	An11g10790
OG0007004	F9C07_12093	Afu3g05820	AN10407	An11g10780
OG0007005	F9C07_12092	Afu3g05830	AN10409	An11g10770
OG0007006	F9C07_12090	Afu3g05840	AN3427	An11g10760
OG0007007	F9C07_1771876	Afu3g05850	AN10408	An11g10750
OG0007008	F9C07_1771877	Afu3g05860	AN10406	An11g10740
OG0007009	F9C07_12087	Afu3g05870	AN3425	An11g10730
OG0007010	F9C07_12086	Afu3g05880	AN3424	An11g10720
OG0007011	F9C07_12085	Afu3g05890	AN3423	An11g10710
OG0007012	F9C07_12084	Afu3g05900	AN3422	An11g10690
OG0007013	F9C07_12083	Afu3g05910	AN2770	An11g10680
OG0007014	F9C07_2169889	Afu3g05940	AN2771	An11g10670
OG0007015	F9C07_12080	Afu3g05950	AN2772	An11g10660
OG0007016	F9C07_12079	Afu3g05960	AN2773	An11g10650
OG0007017	F9C07_2169894	Afu3g05970	AN2775	An11g10630
OG0007018	F9C07_12076	Afu3g05980	AN2776	An11g10620
OG0007019	F9C07_12074	Afu3g05990	AN10339	An11g10580
OG0007020	F9C07_12073	Afu3g06000	AN10336	An11g10560
OG0007021	F9C07_12072	Afu3g06010	AN2759	An11g10540
OG0007022	F9C07_2235806	Afu3g06020	AN2760	An11g10520
OG0007023	F9C07_12069	Afu3g06040	AN2762	An11g10470
OG0007024	F9C07_1771223	Afu3g06050	AN2763	An11g10460
OG0007025	F9C07_12067	Afu3g06060	AN2764	An11g10450
OG0007026	F9C07_2235812	Afu3g06070	AN2765	An11g10430
OG0007027	F9C07_1791737	Afu3g06080	AN2766	An11g10410
OG0007028	F9C07_2286353	Afu3g06090	AN2769	An11g10400
OG0007029	F9C07_12062	Afu3g06100	AN2768	An11g10390
OG0007030	F9C07_2205152	Afu3g06110	AN10337	An11g10380
OG0007031	F9C07_2074497	Afu3g06130	AN2757	An11g10330
OG0007032	F9C07_2286357	Afu3g06140	AN2756	An11g10320
OG0007033	F9C07_12055	Afu3g06180	AN4736	An11g10190
OG0007034	F9C07_12054	Afu3g06190	AN10585	An11g10200
OG0007035	F9C07_2286361	Afu3g06200	AN4735	An11g10210
OG0007036	F9C07_2286362		AN1204, AN8584	An12g06310
OG0007037	F9C07_2235826	Afu3g06510	AN4767	An11g09820
OG0007038	F9C07_2170021	Afu3g06495	AN4766	An11g09830
OG0007039	F9C07_2286367	Afu3g06492	AN10584	An11g09840
OG0007040	F9C07_2235829	Afu3g06490	AN10591	An11g09850
OG0007041	F9C07_1792577	Afu3g06480	AN4764	An11g09860
OG0007042	F9C07_12042	Afu3g06470	AN4763	An11g09870
OG0007043	F9C07_12041	Afu3g06460	AN4762	An11g09880
OG0007044	F9C07_2235833	Afu3g06450	AN4761	An11g09890
OG0007045	F9C07_12039	Afu3g06440	AN4760	An11g09900
OG0007046	F9C07_1793906	Afu3g06430	AN4759	An11g09910
OG0007047	F9C07_12037	Afu3g06420	AN4758	An11g09920
OG0007048	F9C07_2170069	Afu3g06410	AN4757	An11g09930
OG0007049	F9C07_12033	Afu3g06390	AN10586	An11g09950
OG0007050	F9C07_2286379	Afu3g06380	AN10590	An11g09960
OG0007051	F9C07_2170079	Afu3g06370	AN4755	An11g09970
OG0007052	F9C07_2235842	Afu3g06360	AN4754	An11g09980
OG0007053	F9C07_12030	Afu3g06340	AN4753	An11g09985
OG0007054	F9C07_1793095	Afu3g06330	AN4752	An11g09990
OG0007055	F9C07_2235845	Afu3g06320	AN4751	An11g10000
OG0007056	F9C07_2109688	Afu3g06250	AN4741	An11g10110
OG0007057	F9C07_2286384	Afu3g06255	AN11978	An11g10100
OG0007058	F9C07_12024	Afu3g06260	AN4742	An11g10090
OG0007059	F9C07_12022	Afu3g06270	AN4746	An11g10070
OG0007060	F9C07_2286387	Afu3g06280	AN4745	An11g10060
OG0007061	F9C07_1795798	Afu3g06300	AN4743	An11g10030
OG0007062	F9C07_2235854	Afu3g06310	AN4748	An11g10020
OG0007063	F9C07_2073853	Afu3g07620	AN4857	An02g12920
OG0007064	F9C07_2074236	Afu3g07610	AN10616	An02g12960
OG0007065	F9C07_2170169	Afu3g07590	AN9526	An02g12980
OG0007066	F9C07_2286401	Afu3g07550	AN4855	An02g13140
OG0007067	F9C07_12005	Afu3g07570	AN4854	An02g13130
OG0007068	F9C07_1794917	Afu3g07530	AN4853	An02g13150
OG0007069	F9C07_2075268	Afu3g07510	AN10603	An02g13190
OG0007070	F9C07_2286418	Afu3g07480	AN4850	An02g13210
OG0007071	F9C07_2286422	Afu3g07420	AN6458, AN8151	
OG0007072	F9C07_2286428	Afu3g12070	AN2471	An02g07790
OG0007073	F9C07_1796797		AN6315	An08g05310, An19g00360
OG0007074	F9C07_1796558	Afu3g07360	AN4842	An02g13360
OG0007075	F9C07_11962			An12g07050, An12g07060, An13g02420
OG0007076	F9C07_2096210	Afu3g07350	AN4840	An02g13370
OG0007077	F9C07_11959	Afu3g07340	AN4839	An02g13380
OG0007078	F9C07_11958	Afu3g07330	AN4838	An02g13390
OG0007079	F9C07_11956	Afu3g07310	AN12127	An02g13400
OG0007080	F9C07_2286448	Afu3g07290	AN4836	An02g13410
OG0007081	F9C07_11950	Afu3g07280	AN4835	An02g13420
OG0007082	F9C07_11949	Afu3g07270	AN4834	An02g13430
OG0007083	F9C07_1797480	Afu3g07240	AN4832	An02g13480
OG0007084	F9C07_11946	Afu3g07230	AN4830	An02g13510
OG0007085	F9C07_1797925	Afu3g07210	AN4823	An02g13530
OG0007086	F9C07_1797924	Afu3g07200	AN9445	An02g13540
OG0007087	F9C07_1799481	Afu3g07180	AN9446	An02g13550
OG0007088	F9C07_11939	Afu3g07170	AN11232	An02g13570
OG0007089	F9C07_11931	Afu1g03230, Afu2g13900		An13g02320
OG0007090	F9C07_11929	Afu3g07140	AN4819	An14g03390
OG0007091	F9C07_11912	Afu7g01580	AN9143	An12g01120
OG0007092	F9C07_2286497	Afu3g09540	AN4002	An16g06500
OG0007093	F9C07_11871	Afu3g03190		An09g00190, An12g03020
OG0007094	F9C07_11870	Afu4g00380	AN6672	An02g13650
OG0007095	F9C07_2286519	Afu3g07080	AN4814	An02g13670
OG0007096	F9C07_11865	Afu3g07070	AN4813	An02g13680
OG0007097	F9C07_2096328	Afu3g07030	AN4809	An02g13750
OG0007098	F9C07_11858	Afu3g07015	AN10595	An02g13790
OG0007099	F9C07_1802319	Afu3g07000	AN4806	An02g13810
OG0007100	F9C07_1802683	Afu3g06990	AN4805	An02g13820
OG0007101	F9C07_2286531	Afu3g06980	AN4804	An02g13830
OG0007102	F9C07_2236003	Afu3g06970	AN4803	An02g13840
OG0007103	F9C07_11852	Afu3g06960	AN4802	An02g13850
OG0007104	F9C07_11850	Afu3g06940		An03g01410, An11g09430
OG0007105	F9C07_1802727	Afu3g06910	AN4800	An11g09440
OG0007106	F9C07_11848	Afu3g06901	AN4589	An01g11630
OG0007107	F9C07_11847	Afu3g06890	AN4799	An11g09450
OG0007108	F9C07_2170958	Afu3g06870	AN4797	An11g09470
OG0007109	F9C07_11844	Afu3g06880	AN10594	An11g09460
OG0007110	F9C07_2286543	Afu3g06860	AN4796	An11g09480
OG0007111	F9C07_11841	Afu3g06850	AN4795	An11g09490
OG0007112	F9C07_2286546	Afu3g06840	AN4794	An11g09500
OG0007113	F9C07_2286547	Afu3g06830	AN4793	An11g09510
OG0007114	F9C07_2286550	Afu3g06800	AN4791	An11g09530
OG0007115	F9C07_2261486	Afu3g06790	AN4790	An11g09540
OG0007116	F9C07_2236022	Afu3g06780	AN4789	An11g09550
OG0007117	F9C07_11832	Afu3g06770	AN4788	An11g09560
OG0007118	F9C07_11830	Afu3g06750	AN4786	An11g09580
OG0007119	F9C07_2236026	Afu3g06740	AN4785	An11g09590
OG0007120	F9C07_1804178	Afu3g06730	AN8400	An11g09600
OG0007121	F9C07_11824	Afu3g06700	AN4783	An11g09610
OG0007122	F9C07_2286558	Afu3g06690	AN4782	An11g09620
OG0007123	F9C07_11822	Afu3g06680	AN4781	An11g09630
OG0007124	F9C07_11821	Afu3g06670	AN4780	An11g09640
OG0007125	F9C07_2286561	Afu3g06660	AN4779	An11g09650
OG0007126	F9C07_2286562	Afu3g06650	AN4778	An11g09660
OG0007127	F9C07_2074553	Afu3g06640	AN4777	An11g09670
OG0007128	F9C07_2286564	Afu3g06610	AN4775	An11g09690
OG0007129	F9C07_2286565	Afu3g06600	AN4774	An11g09700
OG0007130	F9C07_2073513	Afu3g06590	AN12221	An11g09730
OG0007131	F9C07_11812	Afu3g06580	AN4771	An11g09740
OG0007132	F9C07_1804135	Afu3g06570	AN9485	An11g09750
OG0007133	F9C07_2286570	Afu3g06560	AN9486	An11g09760
OG0007134	F9C07_2286571	Afu3g06550	AN10593	An11g09770
OG0007135	F9C07_2286572	Afu3g06540	AN4770	An11g09780
OG0007136	F9C07_1807281	Afu3g06530	AN4769	An11g09790
OG0007137	F9C07_11803	Afu3g06520	AN4768	An11g09800
OG0007138	F9C07_1807284	Afu6g00310		An02g04690, An14g02150
OG0007139	F9C07_2286576			An04g04160, An07g00360, An16g01260
OG0007140	F9C07_1807587	Afu3g01460	AN7382	An07g00550
OG0007141	F9C07_11764		AN8238	An10g00730, An16g06210
OG0007142	F9C07_2205330	Afu3g06210	AN4739	An11g10150
OG0007143	F9C07_11754	Afu3g06220	AN4740	An11g10140
OG0007144	F9C07_2261594	Afu3g06230		An11g10130, An14g03490
OG0007145	F9C07_11745	Afu3g07670	AN4861	An02g12503
OG0007146	F9C07_11743	Afu3g07680	AN4862	An02g12610
OG0007147	F9C07_2286628	Afu3g07690	AN4863	An02g12620
OG0007148	F9C07_2286629	Afu3g07700	AN4864	An02g12630
OG0007149	F9C07_2286630	Afu3g07710	AN4865	An02g12640
OG0007150	F9C07_2075695	Afu3g07720	AN4866	An02g12650
OG0007151	F9C07_11738	Afu3g07830	AN2918	An02g12750
OG0007152	F9C07_2286632	Afu3g07820	AN2917	An02g12760
OG0007153	F9C07_2286636	Afu3g07790	AN2914	An01g06560
OG0007154	F9C07_2205349	Afu3g07750	AN6353	An02g12840
OG0007155	F9C07_11730	Afu3g07730	AN2912	An02g12880
OG0007156	F9C07_2075200	Afu5g08630	AN10589	An07g04920
OG0007157	F9C07_11726	Afu5g08660	AN4710	An07g04830
OG0007158	F9C07_11725	Afu5g08670	AN4709	An07g04820
OG0007159	F9C07_2074258	Afu5g08680	AN4708	An07g04800
OG0007160	F9C07_11723	Afu5g08690	AN4707	An07g04790
OG0007161	F9C07_2286644	Afu5g08700	AN4706	An07g04780
OG0007162	F9C07_2171408	Afu5g08712	AN4705	An07g04770
OG0007163	F9C07_2171440	Afu5g08740	AN4697	An07g04730
OG0007164	F9C07_2286649	Afu5g08770	AN4699	An07g04660
OG0007165	F9C07_2236134	Afu5g08780	AN4700	An07g04650
OG0007166	F9C07_1811965	Afu5g08790	AN4701	An07g04640
OG0007167	F9C07_11713	Afu5g08800	AN4702	An07g04620
OG0007168	F9C07_2286662	Afu5g08820	AN4696	An07g04590
OG0007169	F9C07_11701	Afu5g08840	AN4694	An07g04540
OG0007170	F9C07_11698	Afu5g08850	AN10580	An07g04520
OG0007171	F9C07_2074585	Afu5g08880	AN4692	An07g04500
OG0007172	F9C07_2286673	Afu5g08970	AN4683	An07g04190
OG0007173	F9C07_11686	Afu5g08980	AN4682	An07g04180
OG0007174	F9C07_1812970	Afu5g08990	AN4680	An07g04160
OG0007175	F9C07_11683	Afu5g09000	AN4678	An07g04130
OG0007176	F9C07_2074216	Afu5g09010	AN4676	An07g04120
OG0007177	F9C07_11676	Afu5g09020	AN4674	An07g04070
OG0007178	F9C07_11673	Afu5g09060	AN4672	An07g04030
OG0007179	F9C07_2286688	Afu5g09070	AN4671	An07g04010
OG0007180	F9C07_11671	Afu5g09080	AN4670	An07g04000
OG0007181	F9C07_11670	Afu5g09090	AN4669	An07g03990
OG0007182	F9C07_11668	Afu5g08960	AN4684	An07g04200
OG0007183	F9C07_2073844	Afu5g08950	AN4685	An07g04240
OG0007184	F9C07_11665	Afu5g08930	AN4688	An07g04280
OG0007185	F9C07_11664	Afu5g08920	AN4689	An07g04290
OG0007186	F9C07_11662	Afu5g08900	AN4691	An07g04320
OG0007187	F9C07_11643	Afu5g09180	AN10040	An07g03930
OG0007188	F9C07_2286711	Afu5g09190	AN0225	An07g03920
OG0007189	F9C07_2286712	Afu5g09200	AN0226	An07g03890
OG0007190	F9C07_2286713	Afu5g09210	AN10030	An07g03880
OG0007191	F9C07_2195266	Afu5g09220	AN0239	An07g03860
OG0007192	F9C07_2286714	Afu5g09230	AN0240	An07g03850
OG0007193	F9C07_2286715	Afu5g09240	AN0241	An07g03770
OG0007194	F9C07_2236208	Afu5g09250	AN0242	An07g03760
OG0007195	F9C07_11637	Afu5g09260	AN0243	An07g03750
OG0007196	F9C07_1816804	Afu5g09270	AN4728	An07g03740
OG0007197	F9C07_2286722	Afu5g09300	AN10338	An07g03690
OG0007198	F9C07_2286723	Afu5g09310	AN1133	An07g03680
OG0007199	F9C07_2236223	Afu5g09320	AN4733	An07g03670
OG0007200	F9C07_2286729	Afu5g00160, Afu5g00980		An13g03220
OG0007201	F9C07_2286734	Afu5g09350	AN8821	An07g03630
OG0007202	F9C07_2171896	Afu5g09360	AN8820	An07g03620
OG0007203	F9C07_11611	Afu5g09370	AN9482	An07g03610
OG0007204	F9C07_2286738	Afu5g09380	AN9481	An07g03600
OG0007205	F9C07_11609	Afu5g09390	AN12435	An07g03590
OG0007206	F9C07_2075368	Afu5g09420	AN8817	An15g02370
OG0007207	F9C07_11589	Afu5g09490	AN11631	An07g03460
OG0007208	F9C07_2286749	Afu5g09500	AN8811	An07g03450
OG0007209	F9C07_2236258	Afu5g09510	AN8810	An07g03440
OG0007210	F9C07_11585	Afu5g09520	AN8809	An07g03420
OG0007211	F9C07_2286753	Afu5g09530	AN8808	An07g03410
OG0007212	F9C07_11583	Afu5g09540	AN8807	An07g03390
OG0007213	F9C07_2075280	Afu5g09550	AN8806	An07g03380
OG0007214	F9C07_2286757	Afu5g09570	AN8804	An07g03360
OG0007215	F9C07_11572	Afu5g09620	AN8799	An07g03280
OG0007216	F9C07_11571	Afu5g09630	AN8798	An07g03250
OG0007217	F9C07_11570	Afu5g09640	AN8797	An07g03220
OG0007218	F9C07_11569	Afu5g09650	AN8796	An07g03210
OG0007219	F9C07_2286768	Afu5g09680	AN8793	An07g03170
OG0007220	F9C07_2286770	Afu5g09670	AN8794	An07g03190
OG0007221	F9C07_2286771	Afu5g09660	AN8795	An07g03200
OG0007222	F9C07_11563	Afu5g09830	AN8791	An07g03130
OG0007223	F9C07_11562	Afu5g09840	AN8790	An07g03140
OG0007224	F9C07_11560	Afu5g09850	AN8787	An07g03150
OG0007225	F9C07_11549	Afu3g14250	AN2509	An09g04250
OG0007226	F9C07_2286785	Afu3g14240	AN2508	An09g04280
OG0007227	F9C07_2172107	Afu3g14230	AN2516	An09g04300
OG0007228	F9C07_2286789	Afu3g14290	AN2513	An09g04090
OG0007229	F9C07_2286792	Afu3g14370	AN10316	An09g04100
OG0007230	F9C07_1825357	Afu3g14280	AN2514	An09g04080
OG0007231	F9C07_2236305	Afu3g14350	AN10315	An09g04110
OG0007232	F9C07_2110131	Afu3g14340	AN2511	An09g04120
OG0007233	F9C07_11538	Afu3g14300	AN2510	An09g04130
OG0007234	F9C07_11530	Afu8g01990	AN2667	An07g01280
OG0007235	F9C07_2286812	Afu3g10880	AN4904	An02g06580
OG0007236	F9C07_11503	Afu8g01510	AN3877	An09g00650
OG0007237	F9C07_2075567		AN11228, AN11950	An12g01590
OG0007238	F9C07_11489	Afu4g14140	AN6434	An04g08360
OG0007239	F9C07_2286832	Afu4g14150	AN6433	An04g08370
OG0007240	F9C07_11478		AN2118, AN7911	An02g08220
OG0007241	F9C07_11462	Afu6g03330	AN2594, AN7988	
OG0007242		Afu1g00280, Afu5g00230, Afu7g07140, Afu7g08380		
OG0007243		Afu1g01160, Afu4g02950, Afu4g02960	AN5655	
OG0007244		Afu1g01200, Afu6g02560	AN0022	An01g01320
OG0007245		Afu1g03280, Afu1g03290, Afu6g11920	AN7866	
OG0007246		Afu1g13630	AN0701, AN8030	An08g06710
OG0007247		Afu1g14840	AN10093	An01g12950, An14g06170
OG0007248		Afu1g16115, Afu8g06630	AN10579	An05g01150
OG0007249		Afu1g16170, Afu5g15040, Afu8g06132		An04g07610
OG0007250		Afu2g01110	AN10989, AN11880	An10g00450
OG0007251		Afu2g08230	AN11087, AN4180	An05g00850
OG0007252		Afu2g11590	AN10777, AN8135	An02g03630
OG0007253		Afu2g14380	AN12119, AN12185	An03g05760
OG0007254		Afu2g16320	AN0739, AN7972	An09g02210
OG0007255		Afu3g00175, Afu5g00910	AN1567, AN6476	
OG0007256		Afu3g02257, Afu5g08650	AN4711	An07g04840
OG0007257		Afu3g02720, Afu8g00940	AN1031, AN5370	
OG0007258		Afu3g03080, Afu6g14540	AN0031, AN6620	
OG0007259		Afu3g03200	AN11909	An02g01300, An12g03010
OG0007260		Afu3g03295		An07g06460, An08g09870, An17g00490
OG0007261		Afu3g04100, Afu3g04270	AN8568	An17g00150
OG0007262		Afu3g06030	AN2761	An03g01880, An11g10490
OG0007263		Afu3g07460	AN10921, AN1646	An01g14390
OG0007264		Afu3g11180, Afu3g12410, Afu5g03620, Afu7g02160		
OG0007265		Afu3g12210, Afu5g14610		An05g01870, An11g06350
OG0007266		Afu3g13580, Afu7g08580	AN0534, AN1309	
OG0007267		Afu3g14580, Afu7g04990	AN11124	An09g05360
OG0007268		Afu3g14610, Afu6g09760	AN2610	An01g14990
OG0007269		Afu4g00160	AN11028, AN6931, AN8585	
OG0007270		Afu4g00440	AN5368, AN7799	An04g09920
OG0007271		Afu4g01310, Afu5g06710	AN10282	An17g00880
OG0007272		Afu4g03280, Afu8g06670	AN11105	An10g00170
OG0007273		Afu4g08790	AN1664, AN5384	An04g03680
OG0007274		Afu4g09460	AN0515, AN11739, AN1316	
OG0007275		Afu4g14780, Afu4g14790, Afu4g14810, Afu4g14830		
OG0007276		Afu5g00420	AN3985	An02g04410, An10g00050
OG0007277		Afu5g00495, Afu5g00520	AN10897	An06g02380
OG0007278		Afu5g09140	AN3355, AN9324	An07g03960
OG0007279		Afu5g10940, Afu5g10960, Afu8g06490	AN8455	
OG0007280		Afu5g12710	AN6829	An01g12010, An02g00490
OG0007281		Afu5g14680, Afu5g14840	AN4127	An15g05400
OG0007282		Afu6g03240, Afu7g07010	AN7985	An09g00360
OG0007283		Afu6g08350	AN10492, AN8586	An11g01700
OG0007284		Afu6g09420	AN0971, AN0972	An08g11660
OG0007285		Afu6g09440, Afu8g04160		An02g02950, An04g09750
OG0007286		Afu6g09910	AN10959	An01g06310, An11g07960
OG0007287		Afu6g10170	AN10899, AN7863	An12g02920
OG0007288		Afu7g00280	AN11209, AN8768	An14g03090
OG0007289		Afu7g06270	AN5411	An11g09230, An13g01590
OG0007290		Afu7g06290, Afu8g05780		An03g06290, An11g08920
OG0007291		Afu7g08530, Afu7g08647	AN7410	An10g00280
OG0007292		Afu8g01490	AN1542, AN5061	An01g01870
OG0007293		Afu8g02480	AN2792	An08g11010, An12g05730
OG0007294		Afu8g07320	AN5841, AN8634	An03g01170
OG0007295		AfuMt00090	AN20003, AN20006, AN20015	
OG0007296			AN5037	An01g13510, An01g13520, An09g02060
OG0007297			AN3287, AN3876, AN5024, AN9280	
OG0007298			AN0550, AN4825, AN8480	An19g00090
OG0007299			AN10045, AN6156, AN8717, AN9495	
OG0007300			AN1618, AN2802, AN2803, AN7861	
OG0007301			AN2038, AN7212, AN7900, AN8162	
OG0007302			AN3271, AN8221	An04g00720, An09g02950
OG0007303			AN5244, AN5251, AN9239	An08g12150
OG0007304			AN11214, AN9247, AN9249, AN9252	
OG0007305			AN1303	An01g11370, An11g08930, An16g01390
OG0007306			AN0519, AN2205, AN5240	An06g00880
OG0007307			AN1823, AN8418	An08g05950, An13g03910
OG0007308			AN12125	An03g02500, An12g04220, An15g04390
OG0007309			AN11199	An11g04260, An11g05950, An12g02720
OG0007310			AN2619, AN5487	An12g02190, An12g09960
OG0007311				An01g14750, An12g01300, An18g02560, An18g03620
OG0007312				An03g00370, An09g02150, An12g10680, An14g02300
OG0007313	F9C07_12152		AN5700	An13g00560
OG0007314	F9C07_2286886		AN1553	An19g00210
OG0007315	F9C07_12167			An02g12370, An17g00610
OG0007316	F9C07_12172	Afu8g00480	AN6818	
OG0007317	F9C07_12177		AN7162	An03g06620
OG0007318	F9C07_12185, F9C07_2282706			An11g03190
OG0007319	F9C07_2285845, F9C07_2286908			An01g15190
OG0007320	F9C07_2286909			An02g13110, An04g08060
OG0007321	F9C07_2172562			An02g13120, An04g08050
OG0007322	F9C07_2286917		AN5432	An03g02260
OG0007323	F9C07_2236452, F9C07_2278972			An01g12250
OG0007324	F9C07_12208	Afu8g00780		An03g01570
OG0007325	F9C07_2110273	Afu6g03500	AN9017	
OG0007326	F9C07_12227, F9C07_2282714		AN2719	
OG0007327	F9C07_2110302, F9C07_2226630			An09g03640
OG0007328	F9C07_12265		AN10327	An05g01350
OG0007329	F9C07_12268, F9C07_2284592			An06g00470
OG0007330	F9C07_2286978		AN9191	An03g02280
OG0007331	F9C07_12278		AN8431	An18g00320
OG0007332	F9C07_1918148, F9C07_2279445			An08g01890
OG0007333	F9C07_2286993	Afu4g14220	AN11099	
OG0007334	F9C07_2236541	Afu4g14210	AN8601	
OG0007335	F9C07_2236549, F9C07_2281744, F9C07_4520			
OG0007336	F9C07_2101345, F9C07_2287021, F9C07_399			
OG0007337	F9C07_12361	Afu7g01390	AN10405	
OG0007338	F9C07_2173196	Afu8g07180		An12g07140
OG0007339	F9C07_12390	Afu3g01790		An02g08800
OG0007340	F9C07_2287078		AN11190	An08g10810
OG0007341	F9C07_2236639	Afu4g00670	AN3421	
OG0007342	F9C07_12407			An01g00710, An03g01690
OG0007343	F9C07_12409	Afu1g17260		An16g06170
OG0007344	F9C07_12417		AN8432	An13g02450
OG0007345	F9C07_2287105, F9C07_3540		AN7263	
OG0007346	F9C07_12426	Afu6g00540		An12g09750
OG0007347	F9C07_12443	Afu3g03180		An04g10040
OG0007348	F9C07_2287121	Afu3g03170		An04g10060
OG0007349	F9C07_2287123		AN9115	An10g00220
OG0007350	F9C07_2236704		AN12293	An12g05050
OG0007351	F9C07_2097410		AN5545	An12g05060
OG0007352	F9C07_2287134		AN5543	An12g05080
OG0007353	F9C07_2287135		AN5542	An12g05090
OG0007354	F9C07_2173611, F9C07_2243676			An12g02280
OG0007355	F9C07_2074824, F9C07_2110552		AN0223	
OG0007356	F9C07_12505	Afu4g14100		An14g03650
OG0007357	F9C07_1928060	Afu5g10710		An14g03980
OG0007358	F9C07_12544		AN7667	An14g04280
OG0007359	F9C07_1931652	Afu5g10470	AN2328	
OG0007360	F9C07_2287216	Afu5g10400	AN2330	
OG0007361	F9C07_12565	Afu2g00560, Afu7g08570		
OG0007362	F9C07_10500, F9C07_12580, F9C07_2104212			
OG0007363	F9C07_12586	Afu5g10240	AN2338	
OG0007364	F9C07_1932973	Afu5g10200		An14g04500
OG0007365	F9C07_11979, F9C07_2287255			An12g10730
OG0007366	F9C07_12617	Afu3g01850, Afu8g06520		
OG0007367	F9C07_2287280		AN2221	An13g02070
OG0007368	F9C07_12662	Afu6g00320		An11g03660
OG0007369	F9C07_12669, F9C07_2282784		AN0024	
OG0007370	F9C07_2287310		AN11000	An03g02860
OG0007371	F9C07_2205875, F9C07_2283110	Afu5g14150		
OG0007372	F9C07_12675	Afu3g00870	AN6411	
OG0007373	F9C07_2287324		AN3563	An03g01140
OG0007374	F9C07_12689	Afu6g09090	AN8402	
OG0007375	F9C07_2287336	Afu8g01920	AN12392	
OG0007376	F9C07_12708	Afu8g02120		An03g06210
OG0007377	F9C07_12729	Afu8g02450	AN8913	
OG0007378	F9C07_2287393		AN0830	An02g13250
OG0007379	F9C07_12770	Afu4g01040	AN9158	
OG0007380	F9C07_12771	Afu5g01250	AN7905	
OG0007381	F9C07_1938255		AN6463	An09g06370
OG0007382	F9C07_12787, F9C07_2202361	Afu1g12210		
OG0007383	F9C07_2205959	Afu3g14530	AN2602	
OG0007384	F9C07_2076525		AN1145	An18g00380
OG0007385	F9C07_12810	Afu8g02530		An03g06560
OG0007386	F9C07_2287434	Afu8g02650	AN8892	
OG0007387	F9C07_2205988	Afu8g02680	AN8888	
OG0007388	F9C07_2174668		AN0296	An14g03590
OG0007389	F9C07_13335	Afu8g03905	AN9422	
OG0007390	F9C07_13333		AN12411	An16g09280
OG0007391	F9C07_2237083		AN1411	An16g09160
OG0007392	F9C07_13299	Afu8g04230	AN12056	
OG0007393	F9C07_11527, F9C07_2076568			An08g11070
OG0007394	F9C07_2287499	Afu8g04370	AN1449	
OG0007395	F9C07_1030722, F9C07_13278, F9C07_2129924			
OG0007396	F9C07_2237130		AN11304	An16g08580
OG0007397	F9C07_13268		AN11303	An16g08550
OG0007398	F9C07_2224460	Afu2g00920, Afu2g12770		
OG0007399	F9C07_2076334	Afu8g06510		An01g11410
OG0007400	F9C07_2287556		AN2717	An08g08440
OG0007401	F9C07_2231600, F9C07_2237184		AN6622	
OG0007402	F9C07_1953900	Afu8g07230	AN10423	
OG0007403	F9C07_13198		AN3637	An16g02920
OG0007404	F9C07_13197, F9C07_2282729			An15g04550
OG0007405	F9C07_2287579		AN3257	An18g02730
OG0007406	F9C07_13187, F9C07_2283012	Afu3g13120		
OG0007407	F9C07_2287607, F9C07_7854			An18g00660
OG0007408	F9C07_13144	Afu3g00940	AN4627	
OG0007409	F9C07_1855743, F9C07_2228601, F9C07_2264532			
OG0007410	F9C07_2237281	Afu4g09150	AN6443	
OG0007411	F9C07_2175642, F9C07_2857			An18g02770
OG0007412	F9C07_2224593	Afu6g09640, Afu8g01580		
OG0007413	F9C07_10504, F9C07_2287677	Afu6g14550		
OG0007414	F9C07_2264586		AN5502	An11g07710
OG0007415	F9C07_1000245, F9C07_2284748, F9C07_2287679			
OG0007416	F9C07_13062, F9C07_2205008	Afu2g09610		
OG0007417	F9C07_13057			An06g02610, An12g04990
OG0007418	F9C07_13053		AN8630	An11g08260
OG0007419	F9C07_2175774		AN3530, AN9364	
OG0007420	F9C07_2111149	Afu8g00530		An07g00020
OG0007421	F9C07_13013	Afu6g13580	AN5439	
OG0007422	F9C07_12970	Afu6g13740		An05g01960
OG0007423	F9C07_2264787			An04g02730, An12g03040
OG0007424	F9C07_12941	Afu6g14210		An06g01120
OG0007425	F9C07_2224703		AN5651, AN7061	
OG0007426	F9C07_2237454, F9C07_2276868			An03g01060
OG0007427	F9C07_2076789	Afu3g14790		An04g08120
OG0007428	F9C07_2076588	Afu3g14800		An04g08100
OG0007429	F9C07_2077739	Afu3g14830		An04g08070
OG0007430	F9C07_2111260	Afu6g14350		An06g00640
OG0007431	F9C07_12880, F9C07_12882			An01g11170
OG0007432	F9C07_1965150	Afu6g03350	AN5330	
OG0007433	F9C07_2287847		AN7225	An08g10790
OG0007434	F9C07_2100971, F9C07_2287848		AN10910	
OG0007435	F9C07_2278507, F9C07_5162	Afu7g06890		
OG0007436	F9C07_1000038, F9C07_5163	Afu7g06820		
OG0007437	F9C07_1830597		AN7618	An16g00230
OG0007438	F9C07_3607, F9C07_5171			An11g08250
OG0007439	F9C07_2099777, F9C07_5178			An02g11010
OG0007440	F9C07_2200544	Afu8g01100	AN8392	
OG0007441	F9C07_2280473	Afu3g00750		An06g02000
OG0007442	F9C07_2280475		AN4173, AN9289	
OG0007443	F9C07_5235	Afu4g03150	AN12151	
OG0007444	F9C07_5240	Afu2g00660	AN1800	
OG0007445	F9C07_2200580, F9C07_3327		AN3279	
OG0007446	F9C07_1834709		AN1793, AN3277	
OG0007447	F9C07_5261	Afu4g03200	AN7181	
OG0007448	F9C07_2063130	Afu4g03220	AN2468	
OG0007449	F9C07_2280515			An04g04630, An18g00730
OG0007450	F9C07_5273		AN7172	An14g02030
OG0007451	F9C07_1836220			An03g03450, An14g05550
OG0007452	F9C07_2262210	Afu2g00860	AN5073	
OG0007453	F9C07_2219716	Afu4g03250		An14g02060
OG0007454	F9C07_2251804, F9C07_2280541			An07g04850
OG0007455	F9C07_2143588	Afu8g01910		An03g05930
OG0007456	F9C07_1837732, F9C07_2197628			An12g06550
OG0007457	F9C07_1180771, F9C07_2200646			An12g06520
OG0007458	F9C07_2085541, F9C07_9611			An11g05810
OG0007459	F9C07_2280598	Afu4g03500	AN9263	
OG0007460	F9C07_11857, F9C07_2143899			An08g08090
OG0007461	F9C07_2251889, F9C07_2280612	Afu3g02130		
OG0007462	F9C07_2062524		AN10939	An12g03190
OG0007463	F9C07_5432, F9C07_8452		AN7801	
OG0007464	F9C07_2280661, F9C07_7768		AN0027	
OG0007465	F9C07_2276641, F9C07_2280694			An12g04350
OG0007466	F9C07_2280709	Afu4g03770	AN10903	
OG0007467	F9C07_2280750	Afu4g00510, Afu7g08600		
OG0007468	F9C07_10332, F9C07_2262615			An12g10670
OG0007469	F9C07_1848912		AN0234	An09g01140
OG0007470	F9C07_5579, F9C07_710	Afu2g17470		
OG0007471	F9C07_2144732	Afu2g01810	AN10578	
OG0007472	F9C07_5635	Afu2g02090	AN4587	
OG0007473	F9C07_2229512	Afu1g01530	AN5567	
OG0007474	F9C07_2280873		AN3965	An14g01190
OG0007475	F9C07_5713			An04g10110, An11g00040
OG0007476	F9C07_1856994	Afu2g10700	AN5934	
OG0007477	F9C07_5764		AN8465	An07g00240
OG0007478	F9C07_1864779	Afu2g10050		An16g05010
OG0007479	F9C07_5826, F9C07_779	Afu2g14700		
OG0007480	F9C07_2241741	Afu4g14310, Afu8g06710		
OG0007481	F9C07_2397, F9C07_5850			An16g00210
OG0007482	F9C07_2281017, F9C07_8117		AN8411	
OG0007483	F9C07_1757128, F9C07_2229722			An05g01680
OG0007484	F9C07_10226, F9C07_2062179, F9C07_5871			
OG0007485	F9C07_5886	Afu8g06960	AN2397	
OG0007486	F9C07_5890	Afu7g00205	AN11923	
OG0007487	F9C07_5894	Afu2g09355		An19g00410
OG0007488	F9C07_2281045	Afu2g09300		An12g05890
OG0007489	F9C07_5953	Afu2g08775	AN6121	
OG0007490	F9C07_5957	Afu2g08740		An12g04070
OG0007491	F9C07_5959	Afu2g08720	AN11500	
OG0007492	F9C07_2062834, F9C07_3315	Afu6g11840		
OG0007493	F9C07_5986	Afu2g08400		An12g03630
OG0007494	F9C07_1883257, F9C07_2283893			An08g01330
OG0007495	F9C07_2229873	Afu2g08000		An05g00550
OG0007496	F9C07_2229883	Afu2g07880	AN6299	
OG0007497	F9C07_2063595		AN5831	An05g00350
OG0007498	F9C07_1890763	Afu2g07650	AN10733	
OG0007499	F9C07_6066	Afu2g07450	AN10732	
OG0007500	F9C07_2201128	Afu2g07430	AN5804	
OG0007501	F9C07_1892428	Afu2g07420	AN5803	
OG0007502	F9C07_2241937	Afu2g07410	AN5802	
OG0007503	F9C07_2281178	Afu2g07400	AN5801	
OG0007504	F9C07_2281179	Afu2g07380	AN5800	
OG0007505	F9C07_2220168	Afu2g07350	AN5799	
OG0007506	F9C07_2281181	Afu2g07340	AN5798	
OG0007507	F9C07_13463		AN12059	An14g00050
OG0007508	F9C07_2281208		AN6992	An14g00270
OG0007509	F9C07_2146959	Afu4g04280	AN10880	
OG0007510	F9C07_13407	Afu4g04260		An14g00580
OG0007511	F9C07_2281274		AN11543	An14g00820
OG0007512	F9C07_2147279, F9C07_2281284	Afu4g00400		
OG0007513	F9C07_13346, F9C07_13347		AN9279	
OG0007514	F9C07_3195		AN1741	An17g00410
OG0007515	F9C07_3203		AN3996, AN7904	
OG0007516	F9C07_2154790		AN10868	An14g01620
OG0007517	F9C07_2243611, F9C07_2284686	Afu7g06981		
OG0007518	F9C07_3225			An03g03050, An12g09500
OG0007519	F9C07_1490250	Afu4g01070	AN3212	
OG0007520	F9C07_3263		AN7412	An01g11240
OG0007521	F9C07_3271	Afu7g06430	AN5231	
OG0007522	F9C07_2166678, F9C07_3277		AN1578	
OG0007523	F9C07_1492379	Afu7g04030	AN4256	
OG0007524	F9C07_3338	Afu8g06080	AN3522	
OG0007525	F9C07_3339	Afu4g02980	AN2479	
OG0007526	F9C07_2155404	Afu4g03040	AN10313	
OG0007527	F9C07_1494722	Afu2g16190		An15g06570
OG0007528	F9C07_2283011	Afu2g15970		An15g06310
OG0007529	F9C07_3440	Afu2g15410		An15g05440
OG0007530	F9C07_2232132	Afu8g07140		An15g07730
OG0007531	F9C07_2283099		AN11989	An15g07260
OG0007532	F9C07_2283100, F9C07_6853			An03g04850
OG0007533	F9C07_2106082		AN12385	An07g01750
OG0007534	F9C07_1382741, F9C07_3501		AN7767	
OG0007535	F9C07_3506	Afu2g00650	AN7781	
OG0007536	F9C07_2283125	Afu6g03360		An18g00240
OG0007537	F9C07_2283127, F9C07_2850	Afu7g06600		
OG0007538	F9C07_2283128	Afu2g17720		An09g01050
OG0007539	F9C07_2283131	Afu6g00710	AN2344	
OG0007540	F9C07_2212552	Afu6g00760		An07g00520
OG0007541	F9C07_3537	Afu5g13200	AN11762	
OG0007542	F9C07_2200297, F9C07_2212558			An01g08360
OG0007543	F9C07_2243908	Afu2g15080		An15g03010
OG0007544	F9C07_2232226			An04g04700, An15g02990
OG0007545	F9C07_1511335	Afu1g14050	AN10117	
OG0007546	F9C07_3623		AN0721	An08g07210
OG0007547	F9C07_3626	Afu1g14040		An08g07240
OG0007548	F9C07_1607242, F9C07_3628			An01g01190
OG0007549	F9C07_3644	Afu1g13840		An08g06990
OG0007550	F9C07_1517685		AN0678	An08g06490
OG0007551	F9C07_1518057, F9C07_2282843		AN2192	
OG0007552	F9C07_1519190	Afu1g13220		An08g06250
OG0007553	F9C07_3736	Afu1g12970	AN1020	
OG0007554	F9C07_2244050			An01g09450, An11g03820
OG0007555	F9C07_3759		AN6940	An01g01950
OG0007556	F9C07_2232426	Afu1g12740		An08g05510
OG0007557	F9C07_3785	Afu3g14070		An09g04570
OG0007558	F9C07_2106373	Afu3g14130	AN2502	
OG0007559	F9C07_2283368	Afu3g14260		An09g04240
OG0007560	F9C07_2079694, F9C07_2283372	Afu3g00770		
OG0007561	F9C07_3819			An04g03090, An12g09830
OG0007562	F9C07_2283378	Afu3g02585		An02g12910
OG0007563	F9C07_2283391	Afu5g01420	AN11046	
OG0007564	F9C07_1527811		AN12238	An14g07160
OG0007565	F9C07_1527810, F9C07_7858	Afu6g03430		
OG0007566	F9C07_3849		AN0601	An09g02910
OG0007567	F9C07_3850	Afu3g00370		An13g01680
OG0007568	F9C07_3865	Afu3g14030	AN2493	
OG0007569	F9C07_2283431	Afu3g02990	AN3703	
OG0007570	F9C07_2197763, F9C07_3888	Afu8g02030		
OG0007571	F9C07_1530858		AN7656	An09g03830
OG0007572	F9C07_2106479		AN10979	An09g03820
OG0007573	F9C07_2106511	Afu3g13290	AN12329	
OG0007574	F9C07_3948	Afu3g13200		An02g09050
OG0007575	F9C07_2283487	Afu3g13020	AN3133	
OG0007576	F9C07_2157441	Afu3g12970	AN10377	
OG0007577	F9C07_3994		AN1725	An12g01310
OG0007578	F9C07_1537344		AN11792	An09g03710
OG0007579	F9C07_1539912			An09g02430, An12g04890
OG0007580	F9C07_1539955, F9C07_2226758		AN2811	
OG0007581	F9C07_4051	Afu1g09510	AN1338	
OG0007582	F9C07_4060	Afu1g09420	AN1347	
OG0007583	F9C07_1542045	Afu6g07140	AN2189	
OG0007584	F9C07_2283584	Afu6g07030	AN5168	
OG0007585	F9C07_4075	Afu6g07040	AN5174	
OG0007586	F9C07_4077	Afu6g07020	AN5169	
OG0007587	F9C07_1547694	Afu1g07080	AN5155	
OG0007588	F9C07_4106	Afu1g07210	AN5145	
OG0007589	F9C07_2068909	Afu1g07220	AN5144	
OG0007590	F9C07_4108	Afu1g07230	AN10641	
OG0007591	F9C07_2202948	Afu5g04440	AN11224	
OG0007592	F9C07_10787	Afu5g04430	AN12407	
OG0007593	F9C07_2189370	Afu5g04420	AN5098	
OG0007594	F9C07_1563263	Afu5g04410	AN11225	
OG0007595	F9C07_1563276		AN9414	An09g06890
OG0007596	F9C07_2232833		AN8254	An09g06170
OG0007597	F9C07_10708	Afu5g03630	AN12344	
OG0007598	F9C07_2283723	Afu5g03485	AN12343	
OG0007599	F9C07_10660	Afu5g03230	AN12426	
OG0007600	F9C07_1580235	Afu6g03390		An07g08230
OG0007601	F9C07_2281657, F9C07_2283792			An04g09540
OG0007602	F9C07_2283827		AN9114	An10g00230
OG0007603	F9C07_10539	Afu5g02530	AN7995	
OG0007604	F9C07_10533, F9C07_2278999	Afu5g02490		
OG0007605	F9C07_10530	Afu5g02460		An02g10330
OG0007606	F9C07_10524	Afu5g02390	AN8018	
OG0007607	F9C07_10508, F9C07_2258897, F9C07_2355			
OG0007608	F9C07_2159316, F9C07_9775		AN12021	
OG0007609	F9C07_2233943, F9C07_2283905	Afu6g11790		
OG0007610	F9C07_10459	Afu5g02190	AN8058	
OG0007611	F9C07_10454		AN11041	An02g10800
OG0007612	F9C07_2283934	Afu1g01540	AN0392	
OG0007613	F9C07_10444	Afu1g00640		An11g06040
OG0007614	F9C07_10411		AN7351	An15g06780
OG0007615	F9C07_2107072	Afu2g16410	AN7347	
OG0007616	F9C07_2233173		AN11035	An16g00520
OG0007617	F9C07_2283992		AN9026	An12g07330
OG0007618	F9C07_10373, F9C07_2159790		AN8174	
OG0007619	F9C07_10368		AN7326	An09g02860
OG0007620	F9C07_10367		AN3995	An15g02630
OG0007621	F9C07_10319	Afu2g16910	AN7291	
OG0007622	F9C07_10318		AN7290	An04g09010
OG0007623	F9C07_2160025	Afu2g16980	AN7283	
OG0007624	F9C07_2203318	Afu2g16990	AN7273	
OG0007625	F9C07_2160031	Afu2g17060	AN8491	
OG0007626	F9C07_2107176		AN7255	An04g09160
OG0007627	F9C07_2284073	Afu2g17270	AN7240	
OG0007628	F9C07_2284084			An09g01180, An11g08730
OG0007629	F9C07_10267	Afu6g14400	AN5333	
OG0007630	F9C07_2284092, F9C07_712	Afu2g17440		
OG0007631	F9C07_1047517, F9C07_1599894	Afu2g17450		
OG0007632	F9C07_1599895, F9C07_711	Afu2g17460		
OG0007633	F9C07_1001900, F9C07_10232, F9C07_94			
OG0007634	F9C07_10231		AN8340	An11g03350
OG0007635	F9C07_10215	Afu8g06860	AN7366	
OG0007636	F9C07_2057110, F9C07_2068828		AN2367	
OG0007637	F9C07_10201		AN6023	An19g00060
OG0007638	F9C07_10198, F9C07_11878		AN0080	
OG0007639	F9C07_1604237	Afu6g14500	AN0233	
OG0007640	F9C07_2107334		AN5279	An12g03310
OG0007641	F9C07_10133		AN5433	An01g08690
OG0007642	F9C07_2257875, F9C07_2282847		AN5275	
OG0007643	F9C07_2133654	Afu8g06820	AN3197	
OG0007644	F9C07_1000039	Afu7g06900		An04g08630
OG0007645	F9C07_2226925, F9C07_7742		AN3484	
OG0007646	F9C07_40	Afu3g04050		An16g00070
OG0007647	F9C07_41, F9C07_8474			An13g01600
OG0007648	F9C07_49	Afu1g01130	AN6839	
OG0007649	F9C07_2278552		AN6025	An07g05050
OG0007650	F9C07_69		AN11951	An16g05770
OG0007651	F9C07_1001203		AN5299	An16g05780
OG0007652	F9C07_2101575, F9C07_2236314, F9C07_77			
OG0007653	F9C07_1720569, F9C07_2133911	Afu3g10860		
OG0007654	F9C07_114		AN5699	An13g00570
OG0007655	F9C07_2060728	Afu7g04340		An13g00910
OG0007656	F9C07_2278647	Afu7g04570		An09g00930
OG0007657	F9C07_170	Afu1g17640	AN3391	
OG0007658	F9C07_2199130	Afu7g04620		An13g01200
OG0007659	F9C07_181	Afu7g04640	AN3755	
OG0007660	F9C07_187	Afu7g04690	AN3759	
OG0007661	F9C07_200		AN6414	An13g01350
OG0007662	F9C07_208		AN6656	An09g03260
OG0007663	F9C07_1009652		AN6424	An09g02380
OG0007664	F9C07_221	Afu5g10180	AN11713	
OG0007665	F9C07_2278689		AN2725	An15g04220
OG0007666	F9C07_1010146		AN7930	An15g04260
OG0007667	F9C07_2278691		AN11029	An15g04270
OG0007668	F9C07_2278699	Afu5g13830		An06g00170
OG0007669	F9C07_242	Afu5g15080		An09g02520
OG0007670	F9C07_1010544, F9C07_1366125, F9C07_9623			
OG0007671	F9C07_2248818		AN1077	An16g02280
OG0007672	F9C07_2224025, F9C07_2278721, F9C07_2282836			
OG0007673	F9C07_275	Afu8g07170	AN7087	
OG0007674	F9C07_2227163	Afu2g12650	AN8917	
OG0007675	F9C07_2134784		AN6674	An07g03005
OG0007676	F9C07_292		AN8781	An07g03030
OG0007677	F9C07_2030274	Afu3g01196	AN11281	
OG0007678	F9C07_2061506	Afu6g08710	AN8622	
OG0007679	F9C07_2134816	Afu3g00520	AN11873	
OG0007680	F9C07_309	Afu4g01490		An18g01060
OG0007681	F9C07_2278764	Afu4g01550		An15g04100
OG0007682	F9C07_2199241		AN5623	An01g00770
OG0007683	F9C07_2249024		AN12443	An16g02400
OG0007684	F9C07_334			An03g01500, An11g08910
OG0007685	F9C07_2227227	Afu4g02680		An12g06800
OG0007686	F9C07_2059132		AN7942	An13g03690
OG0007687	F9C07_2286588, F9C07_372			An04g07370
OG0007688	F9C07_2278833	Afu7g05400		An07g02800
OG0007689	F9C07_2135124	Afu7g05410		An07g02790
OG0007690	F9C07_2278835		AN8149	An16g02760
OG0007691	F9C07_1019511		AN10909	An16g06510
OG0007692	F9C07_2135362	Afu7g05730	AN10847	
OG0007693	F9C07_455	Afu7g05770	AN6719	
OG0007694	F9C07_2227349		AN6736	An07g01540
OG0007695	F9C07_515	Afu2g07440	AN10738	
OG0007696	F9C07_2249235			An11g08100, An12g06830
OG0007697	F9C07_526	Afu7g06540		An07g00680
OG0007698	F9C07_11901, F9C07_2278947, F9C07_2286489			
OG0007699	F9C07_1032369		AN6924	An18g00570
OG0007700	F9C07_554			An05g01220, An06g00680
OG0007701	F9C07_2278984	Afu8g05985	AN1603	
OG0007702	F9C07_1034691		AN6399	An01g01720
OG0007703	F9C07_639	Afu8g05380		An16g07350
OG0007704	F9C07_661	Afu8g05165		An16g07580
OG0007705	F9C07_665	Afu8g05100	AN1507	
OG0007706	F9C07_2104610, F9C07_714			An04g04490
OG0007707	F9C07_740	Afu3g12630		An02g08590
OG0007708	F9C07_2101662		AN3099	An02g08460
OG0007709	F9C07_2136684	Afu3g12420	AN3091	
OG0007710	F9C07_1050893	Afu1g03470		An01g04660
OG0007711	F9C07_2136921	Afu1g03120		An01g04910
OG0007712	F9C07_826	Afu1g03000	AN0288	
OG0007713	F9C07_834	Afu8g01570	AN3415	
OG0007714	F9C07_1055758	Afu1g02720		An01g05400
OG0007715	F9C07_869		AN5462	An16g00300
OG0007716	F9C07_897	Afu1g02320		An01g05860
OG0007717	F9C07_1058784	Afu1g02260		An01g06000
OG0007718	F9C07_904	Afu1g02255		An01g06010
OG0007719	F9C07_2279243		AN10054	An01g06030
OG0007720	F9C07_2101812	Afu1g02120	AN0353	
OG0007721	F9C07_1059614	Afu1g02060		An01g06190
OG0007722	F9C07_2208932	Afu1g02000		An01g06260
OG0007723	F9C07_2279279			An15g07000, An18g01340
OG0007724	F9C07_2279280, F9C07_9798			An11g01470
OG0007725	F9C07_2279281	Afu3g00930	AN9373	
OG0007726	F9C07_2279282	Afu3g00920	AN9374	
OG0007727	F9C07_1064737	Afu6g02480		An12g07860
OG0007728	F9C07_1064721	Afu4g09580	AN1832	
OG0007729	F9C07_972	Afu4g09560	AN1833	
OG0007730	F9C07_1002, F9C07_9440			An02g00220
OG0007731	F9C07_1006	Afu1g17030		An01g09810
OG0007732	F9C07_2058094	Afu1g17020		An01g09820
OG0007733	F9C07_1065979		AN0630	An01g09840
OG0007734	F9C07_1170371, F9C07_2101901			An13g01490
OG0007735	F9C07_1028, F9C07_6486		AN11820	
OG0007736	F9C07_2058145	Afu1g16770		An07g00100
OG0007737	F9C07_1042		AN0985	An01g10240
OG0007738	F9C07_1068525	Afu1g16670		An01g10450
OG0007739	F9C07_1067		AN0969	An01g10570
OG0007740	F9C07_1468592, F9C07_2227896	Afu1g16620		
OG0007741	F9C07_1073	Afu1g16630		An01g10610
OG0007742	F9C07_2279383	Afu1g16635	AN3298	
OG0007743	F9C07_2279389	Afu1g16560	AN0958	
OG0007744	F9C07_1075201	Afu2g00330		An12g10500
OG0007745	F9C07_2199761	Afu3g06922		An14g01730
OG0007746	F9C07_1166		AN10132	An01g13950
OG0007747	F9C07_2228024	Afu1g15160	AN0869	
OG0007748	F9C07_1080094	Afu1g15200	AN0866	
OG0007749	F9C07_1089702	Afu3g09870	AN10622	
OG0007750	F9C07_1298	Afu3g09650		An14g03600
OG0007751	F9C07_2228108, F9C07_2277044, F9C07_2277045			
OG0007752	F9C07_2279584		AN3054	An16g02910
OG0007753	F9C07_2102169	Afu3g09260		An16g02900
OG0007754	F9C07_2279589		AN3043	An16g02770
OG0007755	F9C07_1339		AN0378	An01g06440
OG0007756	F9C07_1095186, F9C07_2281767			An02g03970
OG0007757	F9C07_2228146		AN10697	An11g03220
OG0007758	F9C07_1368	Afu3g08890	AN3025	
OG0007759	F9C07_2139175		AN4366	An03g06350
OG0007760	F9C07_1415	Afu3g08680		An02g12450
OG0007761	F9C07_1425		AN2994	An02g12350
OG0007762	F9C07_1428	Afu3g08590	AN2991	
OG0007763	F9C07_1429		AN2990	An02g12310
OG0007764	F9C07_1454	Afu3g08320	AN2971	
OG0007765	F9C07_2228267			An16g02220, An18g03080
OG0007766	F9C07_2279717	Afu3g08090	AN2926	
OG0007767	F9C07_1105842		AN10360	An02g11450
OG0007768	F9C07_2228279	Afu3g07840		An02g11430
OG0007769	F9C07_1534		AN3792	An07g08610
OG0007770	F9C07_1542	Afu2g04020		An07g08720
OG0007771	F9C07_1596	Afu6g07170	AN10644	
OG0007772	F9C07_1115965	Afu1g09390		An08g00930
OG0007773	F9C07_2228406		AN1361	An08g00780
OG0007774	F9C07_2058614		AN1389	An08g00380
OG0007775	F9C07_1652		AN1392	An08g00350
OG0007776	F9C07_1658		AN12348	An08g00240
OG0007777	F9C07_2228434		AN1398	An08g00100
OG0007778	F9C07_1662		AN1400	An08g00080
OG0007779	F9C07_10790		AN11131	An17g02380
OG0007780	F9C07_2140565	Afu5g05705		An17g02180
OG0007781	F9C07_1128056	Afu5g05910	AN11127	
OG0007782	F9C07_2200063	Afu5g06040	AN2304	
OG0007783	F9C07_10844	Afu5g06050	AN2303	
OG0007784	F9C07_10845	Afu5g06060	AN2302	
OG0007785	F9C07_10847	Afu5g06080		An17g01760
OG0007786	F9C07_2200069, F9C07_2230328			An17g01710
OG0007787	F9C07_10878		AN12338	An17g01310
OG0007788	F9C07_1135924, F9C07_2286660			An03g00870
OG0007789	F9C07_2228553		AN6647	An15g01960
OG0007790	F9C07_1138918		AN5943	An11g00090
OG0007791	F9C07_2279993		AN5944	An11g00100
OG0007792	F9C07_10957	Afu1g14480, Afu3g11520		
OG0007793	F9C07_1139981			An11g09060, An12g09610
OG0007794	F9C07_10976	Afu6g01990	AN8668	
OG0007795	F9C07_2280045	Afu1g06110	AN4216	
OG0007796	F9C07_2209700	Afu1g05380	AN4063	
OG0007797	F9C07_2228711	Afu3g02980		An18g03280
OG0007798	F9C07_11103	Afu1g05750	AN4100	
OG0007799	F9C07_11113	Afu1g05820	AN10525	
OG0007800	F9C07_2228770		AN11715	An01g08465
OG0007801	F9C07_2200262	Afu3g02100	AN1807	
OG0007802	F9C07_2142285	Afu6g03260		An01g00370
OG0007803	F9C07_11227	Afu4g13480	AN11784	
OG0007804	F9C07_1166079	Afu6g12350		An06g01500
OG0007805	F9C07_11289		AN4604	An13g02030
OG0007806	F9C07_2250994		AN6128	An14g03100
OG0007807	F9C07_2200379	Afu1g17530	AN8318	
OG0007808	F9C07_2219557			An04g05450, An09g05620
OG0007809	F9C07_2280329, F9C07_2281655			An04g09520
OG0007810	F9C07_11353		AN5547	An11g03260
OG0007811	F9C07_11355	Afu6g09970		An11g03240
OG0007812	F9C07_11360		AN8483	An13g02730
OG0007813	F9C07_2142813		AN10435	An15g04180
OG0007814	F9C07_11374		AN8479	An01g00480
OG0007815	F9C07_2054785, F9C07_2241141			An16g06530
OG0007816	F9C07_11392		AN8500	An13g02820
OG0007817	F9C07_2280373	Afu5g01370	AN3630	
OG0007818	F9C07_11415, F9C07_1475496			An01g01670
OG0007819	F9C07_2229036		AN1678	An01g14910
OG0007820	F9C07_2200480		AN10623, AN12442	
OG0007821	F9C07_2281306	Afu8g05720		An19g00030
OG0007822	F9C07_2074388, F9C07_2147383, F9C07_6319			
OG0007823	F9C07_2147399			An04g04590, An11g08780
OG0007824	F9C07_4204	Afu2g01250		An08g04490
OG0007825	F9C07_1361536			An08g09100, An12g06240
OG0007826	F9C07_4224	Afu8g07235		An01g01475
OG0007827	F9C07_1361433	Afu2g14490	AN2388	
OG0007828	F9C07_4230		AN2387	An02g00740
OG0007829	F9C07_4238	Afu2g14390	AN2405	
OG0007830	F9C07_1364634		AN1705, AN5941	
OG0007831	F9C07_2201333, F9C07_2286862		AN11953	
OG0007832	F9C07_2230157	Afu5g00670	AN2804	
OG0007833	F9C07_4256		AN10297	An02g00840
OG0007834	F9C07_1366303		AN12120	An02g00957
OG0007835	F9C07_4295	Afu2g14220	AN6345	
OG0007836	F9C07_2147912	Afu3g13140	AN9303	
OG0007837	F9C07_2201399	Afu1g16000, Afu7g04735		
OG0007838	F9C07_4342	Afu2g14120		An02g04760
OG0007839	F9C07_2230247	Afu4g14250	AN11948	
OG0007840	F9C07_4365	Afu6g10720		An11g00600
OG0007841	F9C07_2064038	Afu6g10670		An11g00580
OG0007842	F9C07_1371243		AN2437	An11g00500
OG0007843	F9C07_4385	Afu6g10530	AN12233	
OG0007844	F9C07_2203513, F9C07_4430			An03g05650
OG0007845	F9C07_2065089			An04g05570, An05g01780
OG0007846	F9C07_2065586	Afu6g10070	AN5428	
OG0007847	F9C07_2281548		AN5173	An06g02650
OG0007848	F9C07_2281550		AN10263	An11g05450
OG0007849	F9C07_1376086, F9C07_2074225			An11g08140
OG0007850	F9C07_2281582			An02g01140, An15g05490
OG0007851	F9C07_2281597		AN8473	An11g03780
OG0007852	F9C07_2281598		AN8475	An13g02250
OG0007853	F9C07_4524	Afu3g02820		An07g00640
OG0007854	F9C07_1379451, F9C07_2942		AN3961	
OG0007855	F9C07_2230443		AN10812, AN2372	
OG0007856	F9C07_4562		AN10097	An01g11640
OG0007857	F9C07_2176853, F9C07_4573			An12g01670
OG0007858	F9C07_4574		AN0501	An01g11710
OG0007859	F9C07_2281651	Afu4g09500	AN1919	
OG0007860	F9C07_2234954, F9C07_4602			An18g00050
OG0007861	F9C07_2149084	Afu8g00840	AN8990	
OG0007862	F9C07_2242440	Afu6g11240		An08g07485
OG0007863	F9C07_2281712		AN5030	An11g07270
OG0007864	F9C07_2242491	Afu4g00640		An12g10850
OG0007865	F9C07_2064275		AN12153	An08g07920
OG0007866	F9C07_2281757, F9C07_9591		AN7109	
OG0007867	F9C07_1388545, F9C07_2552			An07g01810
OG0007868	F9C07_2230617	Afu8g01870		An09g06240
OG0007869	F9C07_2281790	Afu4g09320	AN6438	
OG0007870	F9C07_2281798	Afu4g09240	AN9331	
OG0007871	F9C07_4768	Afu2g17320	AN7535	
OG0007872	F9C07_2281839	Afu4g08800		An04g03690
OG0007873	F9C07_2230746	Afu4g08270	AN11888	
OG0007874	F9C07_1397163	Afu4g08260	AN3875	
OG0007875	F9C07_2281919		AN12174	An04g02560
OG0007876	F9C07_4917	Afu4g07860	AN3848	
OG0007877	F9C07_2281936		AN3850	An04g02370
OG0007878	F9C07_4927	Afu4g07960	AN3856	
OG0007879	F9C07_1397798			An01g00460, An15g02270
OG0007880	F9C07_2230798		AN12177	An04g02250
OG0007881	F9C07_2281992	Afu4g07300		An04g01690
OG0007882	F9C07_2242762		AN7251, AN8410	
OG0007883	F9C07_5024		AN0788	An03g05960
OG0007884	F9C07_2282028	Afu4g06920	AN4403	
OG0007885	F9C07_2282029	Afu4g06910	AN4402	
OG0007886	F9C07_5061	Afu4g06640		An11g00670
OG0007887	F9C07_5068, F9C07_7951			An03g03810
OG0007888	F9C07_1420863	Afu4g06500	AN4362	
OG0007889	F9C07_2282074		AN10864, AN9355	
OG0007890	F9C07_2282075	Afu4g06410		An04g00770
OG0007891	F9C07_2201889		AN4339	An04g00640
OG0007892	F9C07_2230963	Afu4g06310	AN4338	
OG0007893	F9C07_1425106	Afu4g06275		An04g00590
OG0007894	F9C07_1427145	Afu4g05985		An04g00190
OG0007895	F9C07_2282122	Afu4g05870	AN3679	
OG0007896	F9C07_1428051	Afu4g05855		An04g00050
OG0007897	F9C07_6988	Afu7g03640	AN8291	
OG0007898	F9C07_6989	Afu7g03650	AN12208	
OG0007899	F9C07_1429095	Afu7g03920		An13g00380
OG0007900	F9C07_7019	Afu7g03970	AN4260	
OG0007901	F9C07_2231050	Afu7g04000		An13g00450
OG0007902	F9C07_2255027	Afu7g04020		An13g00480
OG0007903	F9C07_7040	Afu7g01040	AN12260	
OG0007904	F9C07_7042	Afu2g14790	AN7552	
OG0007905	F9C07_7049		AN12294, AN8451	
OG0007906	F9C07_2282192, F9C07_6390			An12g07470
OG0007907	F9C07_7085	Afu5g10980		An14g02340
OG0007908	F9C07_7090		AN0207	An18g01950
OG0007909	F9C07_7098	Afu8g02270	AN9012	
OG0007910	F9C07_2105099	Afu5g11170	AN10043	
OG0007911	F9C07_7125	Afu5g11270	AN10033	
OG0007912	F9C07_7132	Afu5g07550		An04g02810
OG0007913	F9C07_2105122	Afu5g11355	AN11849	
OG0007914	F9C07_1439365		AN3482	An11g07080
OG0007915	F9C07_2282266		AN0143	An18g03240
OG0007916	F9C07_7222	Afu2g00890	AN11313	
OG0007917	F9C07_2105197	Afu2g02630	AN4553	
OG0007918	F9C07_7227	Afu2g02600	AN11912	
OG0007919	F9C07_7244			An06g02680, An06g02690
OG0007920	F9C07_1448351, F9C07_6905	Afu6g00400		
OG0007921	F9C07_7260	Afu2g02440	AN10575	
OG0007922	F9C07_7273		AN5907	An02g02930
OG0007923	F9C07_7332	Afu2g11670	AN6187	
OG0007924	F9C07_7333	Afu2g11680	AN6188	
OG0007925	F9C07_7334	Afu2g11700	AN6189	
OG0007926	F9C07_1455782	Afu2g11830	AN6201	
OG0007927	F9C07_7367		AN6215	An02g04110
OG0007928	F9C07_2105357	Afu2g12350		An02g04390
OG0007929	F9C07_2153409	Afu2g12960	AN6260	
OG0007930	F9C07_2070081, F9C07_7484		AN3513	
OG0007931	F9C07_1468514, F9C07_9610			An11g05850
OG0007932	F9C07_7506	Afu2g13350	AN6223	
OG0007933	F9C07_7507	Afu2g13340	AN12358	
OG0007934	F9C07_2282585	Afu2g13150		An02g01900
OG0007935	F9C07_2064202	Afu2g13110		An02g01830
OG0007936	F9C07_1473220		AN6816	An12g00900
OG0007937	F9C07_7585		AN4097	An16g00650
OG0007938	F9C07_1728, F9C07_2282638			An16g02890
OG0007939	F9C07_7606		AN2786, AN8123	
OG0007940	F9C07_7642		AN6378	An02g05060
OG0007941	F9C07_7645		AN6376	An02g05010
OG0007942	F9C07_2154064	Afu2g06010		An16g05690
OG0007943	F9C07_2282725	Afu3g15110		An01g14840
OG0007944	F9C07_2282731	Afu7g06150		An14g02760
OG0007945	F9C07_1820281, F9C07_2282746	Afu3g00810		
OG0007946	F9C07_2282759			An11g05490, An11g08120
OG0007947	F9C07_7756	Afu4g00350	AN10381	
OG0007948	F9C07_1481147	Afu5g09990	AN0026	
OG0007949	F9C07_7785		AN9295	An03g01750
OG0007950	F9C07_2202364		AN2788, AN7804	
OG0007951	F9C07_7794		AN7824, AN9030	
OG0007952	F9C07_7803	Afu5g00770	AN7822	
OG0007953	F9C07_1484821			An08g08200, An14g02850
OG0007954	F9C07_6973		AN11196	An03g01450
OG0007955	F9C07_2257925		AN11189	An03g01470
OG0007956	F9C07_2284231		AN9177	An03g01520
OG0007957	F9C07_2284232		AN11187	An03g01560
OG0007958	F9C07_6967		AN11172	An03g01550
OG0007959	F9C07_1607042	Afu2g00930	AN7275	
OG0007960	F9C07_6940			An05g01720, An06g00950
OG0007961	F9C07_6930	Afu5g01510		An15g07120
OG0007962	F9C07_6916	Afu4g00280	AN4041	
OG0007963	F9C07_2284285	Afu3g01660	AN2533	
OG0007964	F9C07_6901	Afu2g17680		An07g06960
OG0007965	F9C07_6863	Afu2g01510	AN7677	
OG0007966	F9C07_6842	Afu8g07360	AN11003	
OG0007967	F9C07_1620608	Afu4g09420	AN12035	
OG0007968	F9C07_6743	Afu5g07640	AN7762	
OG0007969	F9C07_1626497		AN5418	An15g02840
OG0007970	F9C07_6737			An09g00810, An12g04340
OG0007971	F9C07_2548, F9C07_6724			An01g14590
OG0007972	F9C07_1628211	Afu2g00490		An09g03300
OG0007973	F9C07_2284479	Afu1g01450		An19g00120
OG0007974	F9C07_6664	Afu3g14450	AN11960	
OG0007975	F9C07_2284533			An01g05270, An11g07110
OG0007976	F9C07_2162121			An01g05280, An11g07100
OG0007977	F9C07_6612			An07g08410, An11g06480
OG0007978	F9C07_2258551	Afu7g01770	AN6944	
OG0007979	F9C07_2284588		AN0620, AN2538	
OG0007980	F9C07_2276831, F9C07_6537		AN5905	
OG0007981	F9C07_2284605			An14g06150, An15g04040
OG0007982	F9C07_2107765, F9C07_2276750		AN2778	
OG0007983	F9C07_2162451	Afu6g02760		An03g01190
OG0007984	F9C07_6484		AN8111	An08g09370
OG0007985	F9C07_6479		AN8113	An08g09340
OG0007986	F9C07_6475	Afu2g01320	AN10982	
OG0007987	F9C07_2284675	Afu2g01130	AN10994	
OG0007988	F9C07_6432, F9C07_6433	Afu2g00740		
OG0007989	F9C07_6428		AN8133	An16g00220
OG0007990	F9C07_2284723	Afu3g03650	AN8539	
OG0007991	F9C07_6391	Afu3g03660	AN12255	
OG0007992	F9C07_2284733	Afu2g00720		An10g00850
OG0007993	F9C07_6373	Afu5g07390	AN7630	
OG0007994	F9C07_6372	Afu5g07380	AN7629	
OG0007995	F9C07_2071382	Afu5g07370	AN7628	
OG0007996	F9C07_1643319	Afu5g06820		An03g00400
OG0007997	F9C07_2107913		AN7323	An01g14810
OG0007998	F9C07_6358		AN7322	An01g14820
OG0007999	F9C07_2163009		AN11012, AN6781	
OG0008000	F9C07_6326	Afu3g00600		An01g09970
OG0008001	F9C07_6314		AN5463, AN6103	
OG0008002	F9C07_6302	Afu5g07230	AN6151	
OG0008003	F9C07_2284806			An13g01500, An13g01510
OG0008004	F9C07_6285	Afu5g06790	AN2242	
OG0008005	F9C07_6237	Afu6g03790	AN6633	
OG0008006	F9C07_6233		AN3770	An11g08200
OG0008007	F9C07_6203	Afu6g04150		An15g01380
OG0008008	F9C07_2163536	Afu6g04340		An15g01150
OG0008009	F9C07_2163624		AN6573	An15g00940
OG0008010	F9C07_2163628	Afu6g04495	AN20053	
OG0008011	F9C07_6111	Afu6g04960		An15g00360
OG0008012	F9C07_6107		AN3836	An15g00310
OG0008013	F9C07_2163956	Afu6g05174	AN10828	
OG0008014	F9C07_2245696	Afu6g05300	AN6492	
OG0008015	F9C07_6078	Afu6g05310	AN6491	
OG0008016	F9C07_2071736	Afu6g05320	AN6490	
OG0008017	F9C07_6076	Afu6g05330	AN6489	
OG0008018	F9C07_2284993	Afu3g04310	AN8293	
OG0008019	F9C07_2072268	Afu3g04240	AN9410	
OG0008020	F9C07_2164153	Afu3g04010	AN9392	
OG0008021	F9C07_1677559		AN7391	An01g00210
OG0008022	F9C07_2285031	Afu3g03940		An01g00280
OG0008023	F9C07_2245742		AN2922, AN6873	
OG0008024	F9C07_8654		AN7519	An16g01110
OG0008025	F9C07_8667		AN7557	An12g07170
OG0008026	F9C07_2285063, F9C07_2285718	Afu3g02450		
OG0008027	F9C07_8710		AN3302	An01g01010
OG0008028	F9C07_2285084	Afu1g16350		An12g03130
OG0008029	F9C07_1680686	Afu8g01900	AN4846	
OG0008030	F9C07_1685506, F9C07_9332		AN10100	
OG0008031	F9C07_8792		AN11109	An12g08550
OG0008032	F9C07_8824	Afu6g02610	AN8719	
OG0008033	F9C07_1689843		AN12241	An12g08040
OG0008034	F9C07_8831	Afu6g02680		An12g08110
OG0008035	F9C07_8845	Afu6g02750		An12g07790
OG0008036	F9C07_8850	Afu6g02800		An12g07750
OG0008037	F9C07_8851	Afu6g02810		An12g07730
OG0008038	F9C07_8867	Afu5g08480		An07g05180
OG0008039	F9C07_8878	Afu5g08600	AN8565	
OG0008040	F9C07_8897	Afu2g03590	AN3823	
OG0008041	F9C07_8988	Afu5g12010		An18g02350
OG0008042	F9C07_1711966	Afu8g01045		An12g04540
OG0008043	F9C07_1713487	Afu5g13030	AN6854	
OG0008044	F9C07_7915, F9C07_9145			An08g09880
OG0008045	F9C07_2285454	Afu5g13520		An14g05000
OG0008046	F9C07_9155		AN10858	An14g04990
OG0008047	F9C07_2166166, F9C07_2259939		AN8909	
OG0008048	F9C07_2166294		AN1144, AN8310	
OG0008049	F9C07_2071206		AN2806, AN2807	
OG0008050	F9C07_9231	Afu6g04645	AN6552	
OG0008051	F9C07_2204560		AN6668	An11g05480
OG0008052	F9C07_2204585	Afu5g10110	AN1599	
OG0008053	F9C07_9268		AN8485	An02g11750
OG0008054	F9C07_9295		AN9325	An12g07300
OG0008055	F9C07_9300	Afu1g16400, Afu6g14600		
OG0008056	F9C07_2285592		AN6744	An07g01410
OG0008057	F9C07_9323			An03g00850, An11g02500
OG0008058	F9C07_2193508		AN1619	An02g14730
OG0008059	F9C07_1723739		AN7349	An06g00510
OG0008060	F9C07_2094981			An11g00270, An18g00500
OG0008061	F9C07_2223221			An11g00250, An18g00520
OG0008062	F9C07_9375		AN7389, AN8581	
OG0008063	F9C07_1175546	Afu4g00660	AN6820	
OG0008064	F9C07_9401	Afu8g02250	AN10422	
OG0008065	F9C07_9402		AN7738	An11g08750
OG0008066	F9C07_9417	Afu2g02490	AN0401	
OG0008067	F9C07_9430		AN5556	An12g02320
OG0008068	F9C07_9434	Afu7g06490		An02g00250
OG0008069	F9C07_9446	Afu3g03710	AN8608	
OG0008070	F9C07_2276692	Afu5g01470, Afu7g08470		
OG0008071	F9C07_9457		AN3240	An07g09290
OG0008072	F9C07_2801, F9C07_9462	Afu1g14130		
OG0008073	F9C07_1178007	Afu2g17475	AN5367	
OG0008074	F9C07_2125124	Afu2g17880	AN11222	
OG0008075	F9C07_9512			An02g05570, An11g08410
OG0008076	F9C07_1198704, F9C07_2276767		AN7270	
OG0008077	F9C07_2276777		AN0586	An13g03470
OG0008078	F9C07_2276782		AN1252	An03g06020
OG0008079	F9C07_2276803	Afu3g02250	AN0765	
OG0008080	F9C07_2276807			An01g01400, An12g03220
OG0008081	F9C07_2197655		AN3480	An11g08860
OG0008082	F9C07_2225022	Afu4g14670	AN3233	
OG0008083	F9C07_9628	Afu4g14650		An15g07500
OG0008084	F9C07_9633	Afu5g00120		An08g05330
OG0008085	F9C07_9644			An01g12170, An16g00400
OG0008086	F9C07_2278435, F9C07_9652			An16g06540
OG0008087	F9C07_2276869		AN7241	An14g01390
OG0008088	F9C07_1182439	Afu3g14890	AN2537	
OG0008089	F9C07_2053575	Afu5g14810		An13g03320
OG0008090	F9C07_2276886	Afu5g01320	AN0217	
OG0008091	F9C07_2276894	Afu4g14850		An08g04730
OG0008092	F9C07_2057617			An11g05880, An12g03050
OG0008093	F9C07_9699	Afu3g01160		An03g05380
OG0008094	F9C07_1183524	Afu6g14480		An15g04810
OG0008095	F9C07_2125922		AN11121, AN5429	
OG0008096	F9C07_2225152	Afu4g14030	AN7850	
OG0008097	F9C07_2276956		AN0531, AN8308	
OG0008098	F9C07_2057511		AN0524	An16g06480
OG0008099	F9C07_2276965, F9C07_8209			An01g09240
OG0008100	F9C07_9810		AN0567	An18g05480
OG0008101	F9C07_9825	Afu1g06640	AN10703	
OG0008102	F9C07_2277014		AN5707	An18g05710
OG0008103	F9C07_2277048	Afu6g08480	AN3915	
OG0008104	F9C07_2126564	Afu6g08610		An11g05640
OG0008105	F9C07_9882	Afu6g08620		An11g05650
OG0008106	F9C07_9883	Afu6g08630		An11g05700
OG0008107	F9C07_9885	Afu6g08650	AN12388	
OG0008108	F9C07_9899		AN8532	An11g04240
OG0008109	F9C07_9937	Afu6g08950	AN1756	
OG0008110	F9C07_2197952	Afu6g09292		An11g07930
OG0008111	F9C07_9973		AN11568	An11g07920
OG0008112	F9C07_2277150		AN7269	An08g08310
OG0008113	F9C07_9986	Afu4g14460	AN7264	
OG0008114	F9C07_9987	Afu6g09830	AN7528	
OG0008115	F9C07_1199745		AN8918	An01g09770
OG0008116	F9C07_2099491	Afu2g05325	AN7510	
OG0008117	F9C07_2225400	Afu2g05390	AN7506	
OG0008118	F9C07_1201062	Afu2g05400	AN7505	
OG0008119	F9C07_2277186	Afu2g05570	AN7493	
OG0008120	F9C07_2225424		AN7477	An02g14040
OG0008121	F9C07_10042	Afu2g05690	AN7482	
OG0008122	F9C07_10083		AN7442	An02g14740
OG0008123	F9C07_10095		AN7432	An02g14860
OG0008124	F9C07_1210472		AN10940	An02g14920
OG0008125	F9C07_10101		AN10971	An09g02810
OG0008126	F9C07_2225496	Afu6g06325	AN10719	
OG0008127	F9C07_2099591	Afu4g05830	AN4290	
OG0008128	F9C07_2198050	Afu6g06328	AN5796	
OG0008129	F9C07_2057179		AN5792	An18g06780
OG0008130	F9C07_2277263		AN10728	An18g06610
OG0008131	F9C07_2277276	Afu5g00610		An12g10790
OG0008132	F9C07_3139	Afu6g06600	AN5771	
OG0008133	F9C07_1216766		AN8543	An07g03710
OG0008134	F9C07_2252363	Afu6g06910	AN5739	
OG0008135	F9C07_2056515	Afu6g06940	AN5736	
OG0008136	F9C07_2099656	Afu6g06950	AN5735	
OG0008137	F9C07_3097	Afu1g06950	AN5732	
OG0008138	F9C07_2128014	Afu1g06940	AN5731	
OG0008139	F9C07_3094	Afu1g06930	AN5730	
OG0008140	F9C07_3055		AN0019, AN5409	
OG0008141	F9C07_2057585, F9C07_7862	Afu3g02750		
OG0008142	F9C07_2225626		AN10508	An11g02785
OG0008143	F9C07_2225640		AN1928	An11g02680
OG0008144	F9C07_2236308, F9C07_2238296			An14g03060
OG0008145	F9C07_1234385	Afu6g07660		An11g02420
OG0008146	F9C07_2999	Afu6g07610	AN1910	
OG0008147	F9C07_2997	Afu6g07590	AN1909	
OG0008148	F9C07_2978	Afu2g04280	AN1891	
OG0008149	F9C07_2198189	Afu4g13890		An14g01500
OG0008150	F9C07_2965	Afu2g04420		An11g03310
OG0008151	F9C07_1237708	Afu4g03080		An09g01040
OG0008152	F9C07_2225726	Afu2g04600		An11g04160
OG0008153	F9C07_2887		AN10264	An11g04760
OG0008154	F9C07_2277490	Afu2g05090	AN2103	
OG0008155	F9C07_2849, F9C07_7921		AN7776	
OG0008156	F9C07_2839	Afu3g00650	AN8445	
OG0008157	F9C07_2821		AN3694	An06g01770
OG0008158	F9C07_2198294		AN3704	An06g01840
OG0008159	F9C07_2225845		AN0845	An15g02520
OG0008160	F9C07_2225856	Afu6g12880	AN10685	
OG0008161	F9C07_2757	Afu6g13110	AN11815	
OG0008162	F9C07_2129464		AN5490	An08g10190
OG0008163	F9C07_2277625		AN10493	An16g00700
OG0008164	F9C07_2700	Afu1g14695		An01g12730
OG0008165	F9C07_2696	Afu1g14700	AN0811	
OG0008166	F9C07_2686	Afu3g03210		An12g02510
OG0008167	F9C07_1257299	Afu7g00460	AN0033	
OG0008168	F9C07_2129677	Afu4g00100		An07g01000
OG0008169	F9C07_2643	Afu3g10170	AN4971	
OG0008170	F9C07_2057456			An02g00290, An02g13100
OG0008171	F9C07_1262788	Afu3g10255	AN4962	
OG0008172	F9C07_2622	Afu7g00760	AN4348	
OG0008173	F9C07_2613	Afu3g10330	AN4954	
OG0008174	F9C07_2608	Afu3g10370		An16g04280
OG0008175	F9C07_2602	Afu3g10440	AN4944	
OG0008176	F9C07_2585	Afu3g10600	AN11770	
OG0008177	F9C07_2579	Afu4g14730	AN9204	
OG0008178	F9C07_2463	Afu3g11720		An02g07510
OG0008179	F9C07_2100249	Afu3g11770	AN2876	
OG0008180	F9C07_2447	Afu3g11820	AN10348	
OG0008181	F9C07_2441	Afu3g11900	AN2860	
OG0008182	F9C07_2431		AN6862	An03g01640
OG0008183	F9C07_2054886	Afu3g12020		An02g07840
OG0008184	F9C07_1287379	Afu3g12110	AN5022	
OG0008185	F9C07_2411		AN12036, AN1312	
OG0008186	F9C07_2226235	Afu1g05210	AN2742	
OG0008187	F9C07_2372	Afu1g05270		An01g04530
OG0008188	F9C07_2364	Afu1g01370		An14g06910
OG0008189	F9C07_2360	Afu7g01060	AN7836	
OG0008190	F9C07_2277946		AN3982	An18g00410
OG0008191	F9C07_2318	Afu3g02960		An18g05660
OG0008192	F9C07_2226301	Afu6g14050	AN6155	
OG0008193	F9C07_2287	Afu1g04430	AN10090	
OG0008194	F9C07_2207763	Afu1g04040		An01g02880
OG0008195	F9C07_2210	Afu1g03640	AN11425	
OG0008196	F9C07_2100479	Afu8g06350		An15g00850
OG0008197	F9C07_2178	Afu2g09360	AN10670	
OG0008198	F9C07_2131898	Afu4g11602	AN5575	
OG0008199	F9C07_1327983	Afu4g11280		An04g05330
OG0008200	F9C07_2132208	Afu4g10850	AN1960	
OG0008201	F9C07_2034	Afu4g10520	AN10248	
OG0008202	F9C07_2026	Afu4g10450		An04g06300
OG0008203	F9C07_2010		AN7956	An11g07740
OG0008204	F9C07_2003	Afu4g10270		An04g06650
OG0008205	F9C07_1939	Afu4g09670	AN1846	
OG0008206	F9C07_2278290	Afu1g01660		An01g06620
OG0008207	F9C07_1347810	Afu5g01120	AN8927	
OG0008208	F9C07_1348619	Afu5g02100		An02g11180
OG0008209	F9C07_2226701	Afu5g01830	AN8068	
OG0008210	F9C07_1849	Afu5g01690		An16g01010
OG0008211	F9C07_1848	Afu5g01680		An16g01000
OG0008212	F9C07_2055171	Afu3g03445	AN8299	
OG0008213	F9C07_1352780	Afu6g00470	AN10468	
OG0008214	F9C07_1805		AN10358	An08g09750
OG0008215	F9C07_2226797		AN11160	An09g02040
OG0008216	F9C07_2278425		AN6099, AN7370	
OG0008217	F9C07_2100877		AN6100, AN7371	
OG0008218	F9C07_1763		AN10403, AN3773	
OG0008219	F9C07_2278432	Afu7g05640		An07g02290
OG0008220	F9C07_2226831	Afu3g15160	AN12130	
OG0008221	F9C07_1733	Afu3g15170	AN9038	
OG0008222	F9C07_1732	Afu3g15190	AN9037	
OG0008223	F9C07_2133480	Afu6g14020		An05g01770
OG0008224	F9C07_1720	Afu6g14030		An05g01760
OG0008225	F9C07_1356924		AN8631	An18g00900
OG0008226	F9C07_2198962	Afu5g00450		An03g05860
OG0008227	F9C07_2198963	Afu5g00435		An03g05850
OG0008228	F9C07_2198965	Afu5g00440		An03g05840
OG0008229	F9C07_2109939, F9C07_2166715, F9C07_2285693			
OG0008230	F9C07_2074717	Afu1g13950	AN9127	
OG0008231	F9C07_2214960, F9C07_2285789	Afu5g14740		
OG0008232	F9C07_7908		AN2567	An15g07710
OG0008233	F9C07_2108974	Afu3g02455		An13g01560
OG0008234	F9C07_2285722		AN0483	An01g14630
OG0008235	F9C07_7947	Afu6g12240	AN0484	
OG0008236	F9C07_2285730	Afu4g08120		An19g00400
OG0008237	F9C07_2167107			An15g04410, An16g00150
OG0008238	F9C07_2285733		AN9053	An16g00120
OG0008239	F9C07_2235150		AN2680	An03g00260
OG0008240	F9C07_8050		AN2685	An14g05570
OG0008241	F9C07_8119			An07g06800, An15g02180
OG0008242	F9C07_8132	Afu1g12270	AN10159	
OG0008243	F9C07_8212	Afu1g11820	AN1110	
OG0008244	F9C07_2109238		AN1112	An08g04015
OG0008245	F9C07_8244	Afu1g11535	AN11843	
OG0008246	F9C07_8245	Afu1g11520		An08g03650
OG0008247	F9C07_2286003		AN8776	An08g03560
OG0008248	F9C07_2235424	Afu1g11170		An08g03470
OG0008249	F9C07_8265	Afu1g11140		An08g03440
OG0008250	F9C07_2168411	Afu2g17260	AN12098	
OG0008251	F9C07_8348	Afu1g10460	AN1234	
OG0008252	F9C07_2286114, F9C07_2286115, F9C07_8384			
OG0008253	F9C07_8393	Afu1g10090	AN10174	
OG0008254	F9C07_2286123	Afu1g10060	AN11935	
OG0008255	F9C07_8421	Afu1g09850		An08g01660
OG0008256	F9C07_1758067			An01g06890, An02g02300
OG0008257	F9C07_2109459	Afu1g01420		An01g01980
OG0008258	F9C07_8470	Afu1g01120	AN6106	
OG0008259	F9C07_2286190	Afu7g00370		An03g01770
OG0008260	F9C07_2246859			An11g03630, An13g01610
OG0008261	F9C07_8488		AN1040, AN12226	
OG0008262	F9C07_2235644	Afu7g01695	AN9137	
OG0008263	F9C07_8570	Afu7g02300		An12g00330
OG0008264	F9C07_2205089	Afu7g02570	AN9067	
OG0008265	F9C07_1768937	Afu7g02610	AN11162	
OG0008266	F9C07_2205093	Afu7g02620	AN11183	
OG0008267	F9C07_2205094	Afu7g02630	AN11173	
OG0008268	F9C07_2235741	Afu3g04320	AN9059	
OG0008269	F9C07_1769038	Afu3g05320	AN9060	
OG0008270	F9C07_1769925	Afu3g05330	AN9061	
OG0008271	F9C07_2235747		AN3467	An11g11290
OG0008272	F9C07_12057		AN2755	An11g10180
OG0008273	F9C07_2286364	Afu7g00970	AN5290	
OG0008274	F9C07_2261222		AN4747	An11g10080
OG0008275	F9C07_2286412	Afu3g14990		An11g03380
OG0008276	F9C07_2286429	Afu3g03370	AN3631	
OG0008277	F9C07_2286466	Afu8g01150	AN4821	
OG0008278	F9C07_2205226		AN4816	An02g13620
OG0008279	F9C07_2286484		AN2864	An18g00400
OG0008280	F9C07_2109815	Afu5g14140		An02g01080
OG0008281	F9C07_2109816	Afu5g14100		An02g01070
OG0008282	F9C07_2286506	Afu8g02560	AN2583	
OG0008283	F9C07_11867	Afu6g00640		An18g01230
OG0008284	F9C07_11866	Afu6g00660		An18g01240
OG0008285	F9C07_11859	Afu3g07020	AN10598	
OG0008286	F9C07_1802358		AN4807	An02g13800
OG0008287	F9C07_11831	Afu3g06760		An11g09570
OG0008288	F9C07_1806815	Afu3g06710	AN4784	
OG0008289	F9C07_1806099	Afu3g06597	AN12223	
OG0008290	F9C07_11805	Afu2g00870	AN8478	
OG0008291	F9C07_11795	Afu1g01110		An07g01040
OG0008292	F9C07_2029043	Afu3g07660	AN11766	
OG0008293	F9C07_11719	Afu5g08730	AN10592	
OG0008294	F9C07_2286654	Afu5g08810		An07g04610
OG0008295	F9C07_1813058		AN4681	An07g04170
OG0008296	F9C07_2075677	Afu5g09030, Afu7g08400		
OG0008297	F9C07_11669	Afu5g08965	AN11975	
OG0008298	F9C07_1819448	Afu3g03000	AN8404	
OG0008299	F9C07_11615	Afu5g09340	AN8822	
OG0008300	F9C07_11607	Afu5g09410		An07g03560
OG0008301	F9C07_2236253	Afu5g09480	AN8812	
OG0008302	F9C07_11586		AN11123	An07g03430
OG0008303	F9C07_11579	Afu3g03260		An09g01125
OG0008304	F9C07_11575	Afu5g09590		An07g03300
OG0008305	F9C07_2286778	Afu4g00770	AN6410	
OG0008306	F9C07_11498		AN10668	An12g01580
OG0008307	F9C07_2236344		AN5294	An12g01600
OG0008308	F9C07_2286826		AN5295	An12g01610
OG0008309	F9C07_11491	Afu6g09505, Afu6g09745		
OG0008310	F9C07_11487	Afu4g00330		An18g00670
OG0008311	F9C07_11465		AN11510, AN5046	
OG0008312	F9C07_2097011	Afu4g14300	AN1322	
OG0008313	F9C07_2224026		AN2370	An13g03290
OG0008314		Afu1g00740, Afu1g01050, Afu8g06160		
OG0008315		Afu1g01920, Afu2g14450	AN20052	
OG0008316		Afu1g02160	AN0350	An01g06100
OG0008317		Afu1g04750	AN0453	An01g03330
OG0008318		Afu1g04900	AN10087	An01g03930
OG0008319		Afu1g05580	AN4082	An18g04420
OG0008320		Afu1g05590	AN4083	An18g04430
OG0008321		Afu1g05650	AN12323	An18g03335
OG0008322		Afu1g05970	AN10516	An18g03790
OG0008323		Afu1g07130	AN10652	An07g09680
OG0008324		Afu1g07350	AN10634	An07g09890
OG0008325		Afu1g07555	AN2507	An07g10130
OG0008326		Afu1g07630	AN5111	An07g10270
OG0008327		Afu1g08950	AN10189	An08g00440
OG0008328		Afu1g09260	AN1360	An08g00790
OG0008329		Afu1g09700	AN1295	An08g01490
OG0008330		Afu1g09754	AN1291	An08g01540
OG0008331		Afu1g11060	AN1173	An08g03320
OG0008332		Afu1g13090	AN0648	An08g06080
OG0008333		Afu1g13570	AN0695	An08g06650
OG0008334		Afu1g13980	AN10116	An08g07120
OG0008335		Afu1g14980	AN12113	An01g13130
OG0008336		Afu1g15380	AN10133	An01g13650
OG0008337		Afu1g15540	AN10730, AN6482	
OG0008338		Afu1g16080, Afu5g14990		An08g12060
OG0008339		Afu1g16410, Afu3g14840		An04g08080
OG0008340		Afu1g16460	AN11891	An01g10770
OG0008341		Afu1g17680	AN3398	An03g00320
OG0008342		Afu2g01330	AN7665	An03g05100
OG0008343		Afu2g02370, Afu2g05115		An03g03340
OG0008344		Afu2g02890	AN10567	An07g07270
OG0008345		Afu2g03330	AN0615	An08g08010
OG0008346		Afu2g03370	AN4495	An07g07830
OG0008347		Afu2g05530	AN10956	An02g13870
OG0008348		Afu2g05770	AN11747	An02g14230
OG0008349		Afu2g06030	AN7449	An02g14610
OG0008350		Afu2g06060	AN10953	An02g14640
OG0008351		Afu2g08370	AN6158	An12g03580
OG0008352		Afu2g08570	AN6142	An12g03930
OG0008353		Afu2g09730	AN6042	An16g05470
OG0008354		Afu2g11220	AN5890	An02g03220
OG0008355		Afu2g12480	AN10804	An02g04670
OG0008356		Afu2g12780, Afu4g01160	AN5364	
OG0008357		Afu2g12830		An11g09030, An16g05970
OG0008358		Afu2g13970	AN11858	An02g04990
OG0008359		Afu2g15100, Afu4g00580	AN5303	
OG0008360		Afu2g15270	AN7595	An09g03530
OG0008361		Afu2g15500	AN10966	An15g05680
OG0008362		Afu2g15510	AN10965	An15g05690
OG0008363		Afu2g15530	AN7605	An15g05700
OG0008364		Afu2g15600	AN7608	An15g05780
OG0008365		Afu2g15640	AN7615	An15g05850
OG0008366		Afu2g16310	AN7971	An14g06590
OG0008367		Afu2g16370	AN7354	An15g06740
OG0008368		Afu2g16740	AN10923	An04g08750
OG0008369		Afu2g16940	AN7286	An04g09050
OG0008370		Afu3g00280	AN3565	An01g08030
OG0008371		Afu3g00420		An09g00790, An09g01010
OG0008372		Afu3g00510, Afu8g01710	AN7619	
OG0008373		Afu3g01120, Afu7g00230	AN2613	
OG0008374		Afu3g01700	AN1308, AN5304	
OG0008375		Afu3g01890	AN12357, AN3270	
OG0008376		Afu3g01980	AN3356	An06g00330
OG0008377		Afu3g02010		An08g01340, An16g05940
OG0008378		Afu3g02550	AN12353, AN9015	
OG0008379		Afu3g02710	AN1030, AN11967	
OG0008380		Afu3g03140	AN7126, AN9262	
OG0008381		Afu3g03290, Afu8g01370		An11g08500
OG0008382		Afu3g03790	AN3519	An12g01630
OG0008383		Afu3g03810	AN3518	An12g01640
OG0008384		Afu3g03900	AN8774	An12g02400
OG0008385		Afu3g04190	AN9405	An01g00080
OG0008386		Afu3g06120	AN10340	An11g10370
OG0008387		Afu3g06170	AN3549, AN4734	
OG0008388		Afu3g07600	AN12479	An02g12970
OG0008389		Afu3g09090	AN3039	An16g02660
OG0008390		Afu3g09210	AN9156	An03g01290
OG0008391		Afu3g09420, Afu4g02610, Afu8g00320		
OG0008392		Afu3g09840	AN5005	An16g03510
OG0008393		Afu3g10780	AN4911	An02g06450
OG0008394		Afu3g11310	AN4868	An02g07050
OG0008395		Afu3g12160	AN5048	An02g08260
OG0008396		Afu3g12560	AN3104	An02g08520
OG0008397		Afu3g12850	AN10365	An02g08850
OG0008398		Afu3g12940	AN4773	An08g09240
OG0008399		Afu3g12982	AN3127	An02g08880
OG0008400		Afu3g15310, Afu8g00440	AN5054	
OG0008401		Afu4g00195	AN2117	An13g03620
OG0008402		Afu4g00320	AN2581, AN4113	
OG0008403		Afu4g00500	AN2659, AN9056	
OG0008404		Afu4g01140		An04g07680, An04g08300
OG0008405		Afu4g02802	AN3296	An02g13040
OG0008406		Afu4g03722	AN7140	An14g01470
OG0008407		Afu4g04630	AN10878	An14g00210
OG0008408		Afu4g05850	AN4294	An04g00040
OG0008409		Afu4g05950	AN4304	An04g00150
OG0008410		Afu4g06130	AN10545	An04g00400
OG0008411		Afu4g09170	AN0218	An01g01790
OG0008412		Afu4g09370	AN9272	An07g08670
OG0008413		Afu4g09410	AN11016	An03g01650
OG0008414		Afu4g09640	AN1843	An04g07470
OG0008415		Afu4g09930	AN11495, AN2571	
OG0008416		Afu4g11467	AN5590	An04g05120
OG0008417		Afu4g11580	AN5577	An04g04870
OG0008418		Afu4g11680	AN12299	An04g04800
OG0008419		Afu4g12540	AN10460	An01g08020
OG0008420		Afu4g13070	AN3006	An08g07900
OG0008421		Afu4g13770	AN3360	An06g02460
OG0008422		Afu4g14020, Afu8g06990	AN2364	
OG0008423		Afu4g14751		An01g07930, An11g05030
OG0008424		Afu5g00130	AN5461	An01g00570
OG0008425		Afu5g00352, Afu8g01222	AN9129	
OG0008426		Afu5g00500	AN7097	An06g02390
OG0008427		Afu5g00510	AN7098	An06g02400
OG0008428		Afu5g01010, Afu8g00342		An11g08170
OG0008429		Afu5g02300		An02g10480, An16g00630
OG0008430		Afu5g02340	AN8027	An09g03700
OG0008431		Afu5g04100	AN12206	An09g06510
OG0008432		Afu5g04140	AN8263	An09g06540
OG0008433		Afu5g05800	AN11133	An17g02095
OG0008434		Afu5g05840	AN8842	An17g02075
OG0008435		Afu5g06160	AN2293	An17g01640
OG0008436		Afu5g06960	AN10987	An17g00090
OG0008437		Afu5g07600	AN11023	An15g02810
OG0008438		Afu5g08070	AN7732	An03g04260
OG0008439		Afu5g08160	AN7719	An03g04360
OG0008440		Afu5g08310	AN7706	An03g04580
OG0008441		Afu5g08460	AN4658	An07g05240
OG0008442		Afu5g08640	AN10581	An07g04900
OG0008443		Afu5g11100	AN10034	An01g02180
OG0008444		Afu5g11880	AN0114	An18g02520
OG0008445		Afu5g11950		An08g11630, An12g01820
OG0008446		Afu5g12190	AN0083	An18g02130
OG0008447		Afu5g13360	AN6893	An14g04800
OG0008448		Afu5g13590	AN6910	An14g05120
OG0008449		Afu5g14080	AN2640	An12g05640
OG0008450		Afu5g14210	AN5056, AN9285	
OG0008451		Afu5g14540	AN3199, AN6831	
OG0008452		Afu5g14800	AN5842	An04g08220
OG0008453		Afu6g00460	AN1651	An01g11420
OG0008454		Afu6g02430	AN8703	An12g07820
OG0008455		Afu6g03150	AN7117, AN7887	
OG0008456		Afu6g03200	AN7373	An12g05440
OG0008457		Afu6g03280, Afu7g06740	AN6786	
OG0008458		Afu6g04950	AN6522	An15g00380
OG0008459		Afu6g04980	AN6520	An15g00340
OG0008460		Afu6g05250	AN6497	An15g00040
OG0008461		Afu6g06360	AN5791	An18g06770
OG0008462		Afu6g07055	AN11468	An07g09310
OG0008463		Afu6g07440	AN5211	An07g08980
OG0008464		Afu6g07700	AN10240	An11g02530
OG0008465		Afu6g07960	AN10531	An11g02900
OG0008466		Afu6g08110	AN3947	An11g02010
OG0008467		Afu6g08780	AN1730	An11g06170
OG0008468		Afu6g09330	AN7765	An03g03020
OG0008469		Afu6g10210	AN6815	An11g01070
OG0008470		Afu6g11980, Afu6g13270	AN7869	
OG0008471		Afu6g13460	AN5448	An08g08850
OG0008472		Afu6g13980, Afu8g02410	AN8142	
OG0008473		Afu6g14370	AN5332	An06g00590
OG0008474		Afu7g00150	AN6002	An11g07330
OG0008475		Afu7g00890	AN3328	An15g05620
OG0008476		Afu7g01100	AN10041	An07g01780
OG0008477		Afu7g01410	AN10404	An12g01490
OG0008478		Afu7g02210	AN11929	An12g00450
OG0008479		Afu7g02490	AN9062	An12g00110
OG0008480		Afu7g04500	AN3748	An13g01080
OG0008481		Afu7g04740	AN10467	An13g01290
OG0008482		Afu7g05100	AN3990, AN7088	
OG0008483		Afu7g05160	AN8108	An02g10000
OG0008484		Afu7g05230	AN8786	An07g03050
OG0008485		Afu7g06050	AN6741	An07g01470
OG0008486		Afu7g06460	AN10379	An03g05540
OG0008487		Afu7g06940	AN11958	An03g00390
OG0008488		Afu7g07060, Afu7g08310, Afu8g06220		
OG0008489		Afu7g08610, Afu8g06370, Afu8g06380		
OG0008490		Afu8g01638	AN8442	An11g08430
OG0008491		Afu8g01700	AN2800	An14g07270
OG0008492		Afu8g01860	AN0992	An09g00600
OG0008493		Afu8g02010	AN2665	An07g01310
OG0008494		Afu8g02240		An09g01520, An11g02920
OG0008495		Afu8g03870	AN9418	An16g09330
OG0008496		Afu8g03940	AN10205	An16g09250
OG0008497		Afu8g03950	AN1405	An16g09240
OG0008498		Afu8g04550	AN10197	An16g08440
OG0008499		Afu8g04560	AN1465	An16g08420
OG0008500		Afu8g05220	AN10210	An16g07500
OG0008501		Afu8g06550, Afu8g06554	AN1805	
OG0008502		Afu8g06974	AN11533	An01g03010
OG0008503		Afu8g07340	AN1717, AN3475	
OG0008504		Afu8g07370		An01g08760, An03g04740
OG0008505		AfuMt00030	AN20004, AN20009	
OG0008506			AN5093, AN6972, AN7848	
OG0008507			AN5075, AN5161	An01g08650
OG0008508			AN10302, AN4609	An04g04320
OG0008509			AN0521, AN4373	An07g09350
OG0008510			AN11108	An02g00070, An08g08020
OG0008511			AN1732, AN8659	An11g06150
OG0008512			AN3321, AN7858	An11g09170
OG0008513			AN11359, AN11504, AN11582	
OG0008514			AN7913	An01g03220, An06g00120
OG0008515			AN7916, AN8556	An16g04230
OG0008516			AN7920, AN8417	An13g03920
OG0008517			AN7926	An01g03210, An12g02470
OG0008518			AN3552, AN3553	An02g05580
OG0008519			AN12065	An04g04360, An11g00320
OG0008520			AN0791, AN11609, AN11757	
OG0008521			AN3241, AN6465	An02g10870
OG0008522			AN11356, AN6692, AN6794	
OG0008523			AN6750	An03g05450, An07g01350
OG0008524			AN9242	An04g02970, An06g02590
OG0008525			AN0510, AN9508	An11g07120
OG0008526			AN0366, AN12184	An04g09680
OG0008527			AN8570, AN8984	An14g05850
OG0008528			AN11681, AN8952	An02g00150
OG0008529			AN1703	An01g14500, An16g05320
OG0008530			AN1806	An05g01620, An08g11190
OG0008531			AN12115, AN2376, AN8302	
OG0008532			AN8441, AN9236	An15g06960
OG0008533			AN3397	An03g00310, An08g10760
OG0008534			AN2672, AN9458	An11g06290
OG0008535			AN2635, AN5227, AN9476	
OG0008536			AN8462	An03g03400, An09g01460
OG0008537			AN5413, AN8486	An12g06150
OG0008538				An01g00910, An16g01220, An16g06690
OG0008539				An01g01660, An01g01680, An01g01690
OG0008540				An01g01730, An12g02560, An12g06350
OG0008541				An02g01340, An06g00240, An16g06660
OG0008542				An02g03200, An04g09720, An16g05330
OG0008543				An02g08320, An09g02320, An11g06430
OG0008544				An02g10030, An06g00920, An08g11120
OG0008545				An02g10890, An10g00130, An16g02750
OG0008546				An03g02680, An12g02060, An12g10960
OG0008547				An04g04350, An11g07340, An14g04840
OG0008548				An04g07720, An08g11930, An08g12230
OG0008549				An07g04970, An11g09010, An12g06210
OG0008550				An08g05940, An12g01470, An12g01780
OG0008551				An11g03400, An12g02960, An12g06660
OG0008552	F9C07_2236427			An03g05340
OG0008553	F9C07_12186, F9C07_2082290			
OG0008554	F9C07_12235		AN7055	
OG0008555	F9C07_12236			An15g02600
OG0008556	F9C07_11350, F9C07_2076995			
OG0008557	F9C07_1917048			An16g01080
OG0008558	F9C07_12258	Afu2g09410		
OG0008559	F9C07_1918039	Afu3g13750		
OG0008560	F9C07_12308			An04g10210
OG0008561	F9C07_2287020			An16g00370
OG0008562	F9C07_2287024			An12g05280
OG0008563	F9C07_2287028		AN3162	
OG0008564	F9C07_1372838, F9C07_2263616			
OG0008565	F9C07_2173254			An13g02370
OG0008566	F9C07_2173259			An02g13330
OG0008567	F9C07_1923396, F9C07_8450			
OG0008568	F9C07_2173334, F9C07_2284549			
OG0008569	F9C07_12432	Afu3g13755		
OG0008570	F9C07_2287117			An09g00950
OG0008571	F9C07_2287119		AN7383	
OG0008572	F9C07_12450, F9C07_6944			
OG0008573	F9C07_12462			An11g09110
OG0008574	F9C07_2287167		AN6872	
OG0008575	F9C07_1927461		AN2309	
OG0008576	F9C07_1931864	Afu1g01230		
OG0008577	F9C07_12563			An02g07960
OG0008578	F9C07_1932176, F9C07_2281025			
OG0008579	F9C07_2263856	Afu5g09920		
OG0008580	F9C07_2173983			An09g00710
OG0008581	F9C07_12637			An13g02530
OG0008582	F9C07_2287304			An12g10360
OG0008583	F9C07_12678		AN2698	
OG0008584	F9C07_2287321	Afu3g03630		
OG0008585	F9C07_2287322	Afu6g03190		
OG0008586	F9C07_2287323		AN3562	
OG0008587	F9C07_2287333		AN9320	
OG0008588	F9C07_1936756		AN11914	
OG0008589	F9C07_1936881			An13g01280
OG0008590	F9C07_2236939		AN11151	
OG0008591	F9C07_1937739			An12g02740
OG0008592	F9C07_2205936			An13g03990
OG0008593	F9C07_2236989			An13g03980
OG0008594	F9C07_12773	Afu3g00790		
OG0008595	F9C07_12777			An01g09530
OG0008596	F9C07_2077505		AN1621	
OG0008597	F9C07_2287417			An13g01620
OG0008598	F9C07_2287419			An03g02100
OG0008599	F9C07_2287424			An03g02140
OG0008600	F9C07_1940580			An03g06890
OG0008601	F9C07_2174642			An03g06915
OG0008602	F9C07_13306		AN1422	
OG0008603	F9C07_2264185			An15g05000
OG0008604	F9C07_13263		AN8544	
OG0008605	F9C07_13262, F9C07_1508220			
OG0008606	F9C07_13254	Afu6g09540		
OG0008607	F9C07_13251		AN5089	
OG0008608	F9C07_13245			An05g01430
OG0008609	F9C07_1952410, F9C07_2236217			
OG0008610	F9C07_13236		AN9162	
OG0008611	F9C07_2287546		AN8578	
OG0008612	F9C07_2248191		AN8131	
OG0008613	F9C07_1954408			An14g07230
OG0008614	F9C07_13186, F9C07_2278849			
OG0008615	F9C07_2237212		AN10911	
OG0008616	F9C07_13167, F9C07_2236078			
OG0008617	F9C07_2287624			An11g08830
OG0008618	F9C07_1955235, F9C07_2287625			
OG0008619	F9C07_2287629	Afu1g01175		
OG0008620	F9C07_1955654			An06g02080
OG0008621	F9C07_2287667	Afu5g02020		
OG0008622	F9C07_2287670		AN12481	
OG0008623	F9C07_13061		AN8966	
OG0008624	F9C07_2077548			An16g06550
OG0008625	F9C07_2175717			An04g10120
OG0008626	F9C07_2214904, F9C07_2287692			
OG0008627	F9C07_13036, F9C07_3175			
OG0008628	F9C07_2105782, F9C07_2237352			
OG0008629	F9C07_2287746			An13g01700
OG0008630	F9C07_2216908, F9C07_2282616			
OG0008631	F9C07_12895			An01g11140
OG0008632	F9C07_2077474			An14g01360
OG0008633	F9C07_2287843			An12g05400
OG0008634	F9C07_5145		AN5539	
OG0008635	F9C07_2062659			An15g07590
OG0008636	F9C07_2062158		AN0506	
OG0008637	F9C07_2262037		AN9367	
OG0008638	F9C07_2241223		AN7826	
OG0008639	F9C07_5180		AN3259	
OG0008640	F9C07_5204			An08g04810
OG0008641	F9C07_5210			An02g12940
OG0008642	F9C07_5211			An09g00680
OG0008643	F9C07_5212		AN0017	
OG0008644	F9C07_2280469	Afu5g01460		
OG0008645	F9C07_5224			An01g06430
OG0008646	F9C07_2229159			An12g04280
OG0008647	F9C07_5256		AN5308	
OG0008648	F9C07_2143484		AN12149	
OG0008649	F9C07_2063492			An15g05020
OG0008650	F9C07_2280525			An09g01910
OG0008651	F9C07_5296			An16g06010
OG0008652	F9C07_1257742, F9C07_2280536			
OG0008653	F9C07_1837645		AN7365	
OG0008654	F9C07_1837716	Afu2g00470		
OG0008655	F9C07_5321	Afu3g03070		
OG0008656	F9C07_2229226			An12g06540
OG0008657	F9C07_2280563	Afu1g17620		
OG0008658	F9C07_5354			An14g02530
OG0008659	F9C07_1838884, F9C07_2159054			
OG0008660	F9C07_2280591		AN6092	
OG0008661	F9C07_1840295		AN12280	
OG0008662	F9C07_2143945	Afu5g14900		
OG0008663	F9C07_2229276, F9C07_5378			
OG0008664	F9C07_2063450	Afu1g00120		
OG0008665	F9C07_1842678			An02g08360
OG0008666	F9C07_2262407			An12g03250
OG0008667	F9C07_2229328	Afu5g01570		
OG0008668	F9C07_5464	Afu8g06405		
OG0008669	F9C07_2229369	Afu3g15200		
OG0008670	F9C07_2280743			An11g07570
OG0008671	F9C07_2280744			An11g07590
OG0008672	F9C07_1848731		AN2595	
OG0008673	F9C07_2229469		AN7067	
OG0008674	F9C07_5595	Afu2g01800		
OG0008675	F9C07_1849043	Afu2g01710		
OG0008676	F9C07_2280829			An05g02410
OG0008677	F9C07_2280872, F9C07_2284648			
OG0008678	F9C07_5714			An18g00840
OG0008679	F9C07_2280980		AN0741	
OG0008680	F9C07_2280988			An05g01600
OG0008681	F9C07_2280994		AN6052	
OG0008682	F9C07_2280997			An08g05278
OG0008683	F9C07_2229695			An16g00180
OG0008684	F9C07_2281006			An16g06680
OG0008685	F9C07_2281016		AN0036	
OG0008686	F9C07_5921			An12g06600
OG0008687	F9C07_2103823			An12g04090
OG0008688	F9C07_2146324			An15g04850
OG0008689	F9C07_2146623	Afu2g07610		
OG0008690	F9C07_1902515			An14g00030
OG0008691	F9C07_2146829	Afu4g04605		
OG0008692	F9C07_2063515	Afu4g04570		
OG0008693	F9C07_13405		AN11541	
OG0008694	F9C07_2147054			An10g00140
OG0008695	F9C07_2220235, F9C07_2234346			
OG0008696	F9C07_2281264			An03g00520
OG0008697	F9C07_13368			An15g02160
OG0008698	F9C07_13356, F9C07_2063711			
OG0008699	F9C07_2062407		AN9278	
OG0008700	F9C07_2048604, F9C07_2283810			
OG0008701	F9C07_10591, F9C07_1910648			
OG0008702	F9C07_2282858	Afu5g00550		
OG0008703	F9C07_2278423, F9C07_3188			
OG0008704	F9C07_2282865		AN8124	
OG0008705	F9C07_1486849	Afu5g06870		
OG0008706	F9C07_2231886			An05g01330
OG0008707	F9C07_1489171, F9C07_2276730			
OG0008708	F9C07_1489712		AN0181	
OG0008709	F9C07_2231941			An14g02510
OG0008710	F9C07_2202480			An12g07250
OG0008711	F9C07_2282956			An11g08940
OG0008712	F9C07_3300			An02g13260
OG0008713	F9C07_2256123			An11g00380
OG0008714	F9C07_2105928	Afu6g10860		
OG0008715	F9C07_2231991		AN5060	
OG0008716	F9C07_2282983	Afu3g14950		
OG0008717	F9C07_1460612, F9C07_3386			
OG0008718	F9C07_2232081		AN12199	
OG0008719	F9C07_3447			An13g03050
OG0008720	F9C07_2155847		AN4567	
OG0008721	F9C07_2155875		AN11034	
OG0008722	F9C07_2279288, F9C07_2283208			
OG0008723	F9C07_2099353, F9C07_2156458			
OG0008724	F9C07_3708		AN6918	
OG0008725	F9C07_3714		AN0656	
OG0008726	F9C07_3745			An12g06030
OG0008727	F9C07_2232406			An14g01370
OG0008728	F9C07_2283337	Afu2g17690		
OG0008729	F9C07_3805			An01g06770
OG0008730	F9C07_1526619			An01g06830
OG0008731	F9C07_1527124			An04g03070
OG0008732	F9C07_3838	Afu1g01830		
OG0008733	F9C07_2283399	Afu5g01200		
OG0008734	F9C07_3847		AN8086	
OG0008735	F9C07_1528109			An03g02040
OG0008736	F9C07_3874			An09g01500
OG0008737	F9C07_1529341		AN10596	
OG0008738	F9C07_11448, F9C07_2232513			
OG0008739	F9C07_3885			An03g06310
OG0008740	F9C07_2283430			An10g00210
OG0008741	F9C07_1531395			An12g06840
OG0008742	F9C07_3950	Afu3g02253		
OG0008743	F9C07_3965		AN8728	
OG0008744	F9C07_1536622			An02g08640
OG0008745	F9C07_1537023			An12g01320
OG0008746	F9C07_2232634			An10g00600
OG0008747	F9C07_2028491, F9C07_4003			
OG0008748	F9C07_4025			An01g12100
OG0008749	F9C07_4026		AN8005	
OG0008750	F9C07_2244268			An16g02320
OG0008751	F9C07_4079			An07g09430
OG0008752	F9C07_2232730	Afu1g07190		
OG0008753	F9C07_4109			An07g09790
OG0008754	F9C07_10786		AN11226	
OG0008755	F9C07_2069170			An03g03670
OG0008756	F9C07_1581195	Afu2g01380		
OG0008757	F9C07_1581205			An12g06780
OG0008758	F9C07_10588, F9C07_2213201			
OG0008759	F9C07_2283815	Afu1g00160		
OG0008760	F9C07_2159016	Afu1g00820		
OG0008761	F9C07_2159023			An12g06810
OG0008762	F9C07_2283821	Afu7g08240		
OG0008763	F9C07_10577			An14g01210
OG0008764	F9C07_2283824			An14g01180
OG0008765	F9C07_2091233		AN11216	
OG0008766	F9C07_1582866		AN4158	
OG0008767	F9C07_2233033			An02g10250
OG0008768	F9C07_2091368		AN1791	
OG0008769	F9C07_10501	Afu6g00260		
OG0008770	F9C07_2057934, F9C07_2244622			
OG0008771	F9C07_2283895			An14g02570
OG0008772	F9C07_2283899			An12g05580
OG0008773	F9C07_1585106	Afu5g06910		
OG0008774	F9C07_2283921			An18g00950
OG0008775	F9C07_2283929, F9C07_2283931			
OG0008776	F9C07_10404, F9C07_6512			
OG0008777	F9C07_2283975	Afu7g08645		
OG0008778	F9C07_2233240			An04g08880
OG0008779	F9C07_10284		AN5622	
OG0008780	F9C07_2124820, F9C07_2284104			
OG0008781	F9C07_10249			An11g07020
OG0008782	F9C07_10241	Afu8g00610		
OG0008783	F9C07_2233327			An07g00950
OG0008784	F9C07_10236, F9C07_2105751			
OG0008785	F9C07_10221			An03g02540
OG0008786	F9C07_10216	Afu8g05960		
OG0008787	F9C07_2284143			An19g00040
OG0008788	F9C07_2284152			An06g02040
OG0008789	F9C07_10179, F9C07_4809			
OG0008790	F9C07_10176			An12g02780
OG0008791	F9C07_2203426			An07g08930
OG0008792	F9C07_2284170			An11g00240
OG0008793	F9C07_2160743			An12g10590
OG0008794	F9C07_2067322	Afu2g00260		
OG0008795	F9C07_2069538		AN5258	
OG0008796	F9C07_2068026			An01g08680
OG0008797	F9C07_2067936		AN9296	
OG0008798	F9C07_10117, F9C07_10118			
OG0008799	F9C07_10111			An14g03450
OG0008800	F9C07_2239391		AN4643	
OG0008801	F9C07_2058180			An03g00020
OG0008802	F9C07_2278549	Afu6g09570		
OG0008803	F9C07_2278559			An09g03740
OG0008804	F9C07_91		AN8472	
OG0008805	F9C07_8976, F9C07_95			
OG0008806	F9C07_2227011, F9C07_8484			
OG0008807	F9C07_2278645	Afu7g04550		
OG0008808	F9C07_1008475	Afu8g06500		
OG0008809	F9C07_207	Afu4g01030		
OG0008810	F9C07_210			An15g04630
OG0008811	F9C07_2248753			An01g14730
OG0008812	F9C07_2278692		AN11030	
OG0008813	F9C07_2134530			An03g00450
OG0008814	F9C07_2278703		AN8316	
OG0008815	F9C07_2278705			An04g02910
OG0008816	F9C07_260			An15g07230
OG0008817	F9C07_270			An12g09450
OG0008818	F9C07_293			An07g02070
OG0008819	F9C07_318		AN7827	
OG0008820	F9C07_2278780			An09g01310
OG0008821	F9C07_2060352			An09g01300
OG0008822	F9C07_341			An13g01460
OG0008823	F9C07_2249030			An04g04960
OG0008824	F9C07_2134952		AN4103	
OG0008825	F9C07_2199279			An08g04530
OG0008826	F9C07_366			An07g01110
OG0008827	F9C07_2058455			An11g08820
OG0008828	F9C07_1016034	Afu8g01310		
OG0008829	F9C07_2060982		AN3407	
OG0008830	F9C07_2135183	Afu3g02680		
OG0008831	F9C07_417	Afu3g02685		
OG0008832	F9C07_2082606, F9C07_2278962			
OG0008833	F9C07_2278969		AN5853	
OG0008834	F9C07_2082651			An14g07330
OG0008835	F9C07_1034367			An15g04500
OG0008836	F9C07_613			An12g05020
OG0008837	F9C07_2227542			An15g06870
OG0008838	F9C07_1047005, F9C07_2284275			
OG0008839	F9C07_1047811		AN2662	
OG0008840	F9C07_2227660		AN10050	
OG0008841	F9C07_840		AN0291	
OG0008842	F9C07_891	Afu1g16140		
OG0008843	F9C07_899			An01g05890
OG0008844	F9C07_2279277		AN5373	
OG0008845	F9C07_2101839			An01g11470
OG0008846	F9C07_2227787, F9C07_2284313			
OG0008847	F9C07_2060509	Afu4g14270		
OG0008848	F9C07_2279301	Afu7g02380		
OG0008849	F9C07_998		AN11876	
OG0008850	F9C07_2137595	Afu8g01795		
OG0008851	F9C07_2249857, F9C07_2279356			
OG0008852	F9C07_2227874, F9C07_2240194			
OG0008853	F9C07_1067628		AN8986	
OG0008854	F9C07_1050			An01g10320
OG0008855	F9C07_1053			An03g01950
OG0008856	F9C07_2279368		AN0473	
OG0008857	F9C07_1121			An01g11120
OG0008858	F9C07_1122			An01g11130
OG0008859	F9C07_1089379		AN11777	
OG0008860	F9C07_2278268, F9C07_2279590			
OG0008861	F9C07_1392	Afu3g02870		
OG0008862	F9C07_2279661		AN1566	
OG0008863	F9C07_1416			An02g12440
OG0008864	F9C07_1098506	Afu3g08265		
OG0008865	F9C07_2228272			An02g11505
OG0008866	F9C07_2228312		AN3796	
OG0008867	F9C07_1122954			An08g00390
OG0008868	F9C07_2140480		AN11137	
OG0008869	F9C07_2279881		AN11136	
OG0008870	F9C07_2140702		AN2301	
OG0008871	F9C07_2141023		AN8994	
OG0008872	F9C07_10932			An01g11480
OG0008873	F9C07_2058465	Afu3g07440		
OG0008874	F9C07_10952			An02g01255
OG0008875	F9C07_2209606			An02g01260
OG0008876	F9C07_10955			An13g02990
OG0008877	F9C07_10956			An13g03030
OG0008878	F9C07_2102694			An18g05930
OG0008879	F9C07_11018		AN3675-uORF	
OG0008880	F9C07_2141501	Afu8g00150		
OG0008881	F9C07_2084566			An18g03330
OG0008882	F9C07_2219405			An18g03710
OG0008883	F9C07_11124		AN0215	
OG0008884	F9C07_2280213			An01g08370
OG0008885	F9C07_11284	Afu5g13580		
OG0008886	F9C07_11291, F9C07_1909			
OG0008887	F9C07_2228915		AN3783	
OG0008888	F9C07_2058221	Afu1g17542		
OG0008889	F9C07_2280302			An05g01340
OG0008890	F9C07_2200390			An09g02100
OG0008891	F9C07_2280310			An16g01330
OG0008892	F9C07_11324			An16g01310
OG0008893	F9C07_11326			An12g02900
OG0008894	F9C07_2280316			An02g00950
OG0008895	F9C07_2085027			An05g01200
OG0008896	F9C07_2228995		AN5609	
OG0008897	F9C07_2280372	Afu3g00530		
OG0008898	F9C07_11404			An13g03080
OG0008899	F9C07_11420			An01g14900
OG0008900	F9C07_11436, F9C07_1720487			
OG0008901	F9C07_2092693, F9C07_2280416			
OG0008902	F9C07_4164		AN3880	
OG0008903	F9C07_11466, F9C07_4176			
OG0008904	F9C07_2286863, F9C07_4185			
OG0008905	F9C07_4199			An09g03840
OG0008906	F9C07_4201	Afu4g02805		
OG0008907	F9C07_2064243		AN0760	
OG0008908	F9C07_4259		AN3293	
OG0008909	F9C07_1365606		AN12326	
OG0008910	F9C07_4287		AN6455	
OG0008911	F9C07_2281402	Afu3g01510		
OG0008912	F9C07_2110112, F9C07_4296			
OG0008913	F9C07_4378		AN11799	
OG0008914	F9C07_2281492		AN12234	
OG0008915	F9C07_4413			An07g00090
OG0008916	F9C07_2148436			An11g07720
OG0008917	F9C07_2074045, F9C07_2281566			
OG0008918	F9C07_4487		AN12297	
OG0008919	F9C07_4502	Afu4g00290		
OG0008920	F9C07_2281590			An16g02640
OG0008921	F9C07_2281600	Afu4g03350		
OG0008922	F9C07_4521			An07g01130
OG0008923	F9C07_2281613	Afu3g02850		
OG0008924	F9C07_2281617	Afu8g05790		
OG0008925	F9C07_2281621			An08g10980
OG0008926	F9C07_4586	Afu2g00980		
OG0008927	F9C07_2281659			An04g10250
OG0008928	F9C07_1382355		AN3280	
OG0008929	F9C07_4640			An16g01300
OG0008930	F9C07_1386714		AN12047	
OG0008931	F9C07_4694, F9C07_6399			
OG0008932	F9C07_2281751			An16g06670
OG0008933	F9C07_2201701	Afu1g15980		
OG0008934	F9C07_2201724		AN3237	
OG0008935	F9C07_1396399		AN1716	
OG0008936	F9C07_2242644	Afu3g02260		
OG0008937	F9C07_4886			An01g01840
OG0008938	F9C07_2104745		AN10477	
OG0008939	F9C07_4898			An01g06720
OG0008940	F9C07_2150701	Afu4g07270		
OG0008941	F9C07_5050			An04g01180
OG0008942	F9C07_5100			An12g05290
OG0008943	F9C07_2282126			An04g00010
OG0008944	F9C07_1428187		AN8290	
OG0008945	F9C07_7039			An15g03500
OG0008946	F9C07_2231073	Afu2g14830		
OG0008947	F9C07_2282198		AN11157	
OG0008948	F9C07_2242943	Afu4g02730		
OG0008949	F9C07_7080	Afu4g02770		
OG0008950	F9C07_7081	Afu4g02780		
OG0008951	F9C07_2151785	Afu4g02800		
OG0008952	F9C07_1437445	Afu5g11250		
OG0008953	F9C07_7190	Afu2g02930		
OG0008954	F9C07_2231247, F9C07_2276990			
OG0008955	F9C07_1459226			An15g06270
OG0008956	F9C07_7423	Afu1g17500		
OG0008957	F9C07_2282603			An02g05630
OG0008958	F9C07_7553			An06g02070
OG0008959	F9C07_2282635	Afu3g13640		
OG0008960	F9C07_7593			An16g00430
OG0008961	F9C07_2282662			An02g05140
OG0008962	F9C07_7661			An09g00960
OG0008963	F9C07_2282710		AN1804	
OG0008964	F9C07_2202291			An08g01430
OG0008965	F9C07_2282716			An14g03070
OG0008966	F9C07_7705		AN10935	
OG0008967	F9C07_7706	Afu8g00790		
OG0008968	F9C07_2282762			An16g04250
OG0008969	F9C07_2282764	Afu4g00900		
OG0008970	F9C07_7761		AN6804	
OG0008971	F9C07_2231745		AN0029	
OG0008972	F9C07_7791		AN7809	
OG0008973	F9C07_2231779		AN7811	
OG0008974	F9C07_2282819		AN7817	
OG0008975	F9C07_2282840, F9C07_6954			
OG0008976	F9C07_7832		AN11220	
OG0008977	F9C07_2284250			An14g04260
OG0008978	F9C07_6939			An06g00900
OG0008979	F9C07_6896	Afu1g00660		
OG0008980	F9C07_6885			An04g09910
OG0008981	F9C07_2233554			An14g07400
OG0008982	F9C07_1612303			An03g04900
OG0008983	F9C07_6854	Afu2g01600		
OG0008984	F9C07_1611198			An14g03340
OG0008985	F9C07_2284372	Afu1g14140		
OG0008986	F9C07_6805	Afu5g08180		
OG0008987	F9C07_6796	Afu5g08080		
OG0008988	F9C07_6754			An16g06260
OG0008989	F9C07_6747	Afu3g01050		
OG0008990	F9C07_1626375			An02g10040
OG0008991	F9C07_2284450		AN8387	
OG0008992	F9C07_1628339			An09g03290
OG0008993	F9C07_2203677	Afu8g00730		
OG0008994	F9C07_2070706	Afu8g01630		
OG0008995	F9C07_2284504	Afu6g00550		
OG0008996	F9C07_1633723			An04g06830
OG0008997	F9C07_2213858		AN10628	
OG0008998	F9C07_6640			An07g00350
OG0008999	F9C07_2162134	Afu6g00250		
OG0009000	F9C07_2284545		AN7075	
OG0009001	F9C07_6603		AN7072	
OG0009002	F9C07_6573		AN1649	
OG0009003	F9C07_6570		AN3218	
OG0009004	F9C07_2284606			An14g01270
OG0009005	F9C07_2070851			An14g01253
OG0009006	F9C07_1637328		AN0324	
OG0009007	F9C07_2203801		AN8996	
OG0009008	F9C07_2284627		AN2705	
OG0009009	F9C07_2162436			An02g00580
OG0009010	F9C07_1641037		AN12154	
OG0009011	F9C07_6430		AN4345	
OG0009012	F9C07_2284695		AN0322	
OG0009013	F9C07_1641420			An03g00490
OG0009014	F9C07_1641590	Afu5g10130		
OG0009015	F9C07_2284721			An11g04020
OG0009016	F9C07_6376		AN3959	
OG0009017	F9C07_2284746			An12g10030
OG0009018	F9C07_1643312			An01g02270
OG0009019	F9C07_6334		AN2220	
OG0009020	F9C07_2234050	Afu5g07160		
OG0009021	F9C07_6286			An01g06730
OG0009022	F9C07_1647934	Afu7g08560		
OG0009023	F9C07_6267	Afu5g06620		
OG0009024	F9C07_6257	Afu3g03620		
OG0009025	F9C07_6256	Afu3g03610		
OG0009026	F9C07_6191		AN6592	
OG0009027	F9C07_2108110			An16g05280
OG0009028	F9C07_1671311		AN12121	
OG0009029	F9C07_2204097		AN10829	
OG0009030	F9C07_1675982		AN8292	
OG0009031	F9C07_1675989		AN1404	
OG0009032	F9C07_8598	Afu3g04250		
OG0009033	F9C07_2285026			An19g00340
OG0009034	F9C07_8638			An19g00330
OG0009035	F9C07_2234345			An19g00320
OG0009036	F9C07_2234375			An01g00500
OG0009037	F9C07_2070332		AN1584	
OG0009038	F9C07_8694		AN7121	
OG0009039	F9C07_8703			An09g01710
OG0009040	F9C07_11600, F9C07_8733			
OG0009041	F9C07_8756	Afu2g17410		
OG0009042	F9C07_8786	Afu6g02215		
OG0009043	F9C07_2234602	Afu2g03470		
OG0009044	F9C07_9014			An18g02030
OG0009045	F9C07_9021		AN0068	
OG0009046	F9C07_1716676			An03g02230
OG0009047	F9C07_9146			An03g02240
OG0009048	F9C07_2166274		AN8650	
OG0009049	F9C07_2259986	Afu7g05150		
OG0009050	F9C07_2285510		AN8362	
OG0009051	F9C07_1719353			An16g00470
OG0009052	F9C07_9264	Afu5g13995		
OG0009053	F9C07_9321			An09g00580
OG0009054	F9C07_2285620		AN8458	
OG0009055	F9C07_2214903			An11g00310
OG0009056	F9C07_2124799			An13g01660
OG0009057	F9C07_2224772		AN12086	
OG0009058	F9C07_9385		AN9290	
OG0009059	F9C07_2276639			An18g01140
OG0009060	F9C07_2206469, F9C07_2226865			
OG0009061	F9C07_9394	Afu2g09580		
OG0009062	F9C07_9414	Afu3g14915		
OG0009063	F9C07_9421			An03g02270
OG0009064	F9C07_9423			An01g13620
OG0009065	F9C07_2276670	Afu5g01620		
OG0009066	F9C07_2276674			An14g02090
OG0009067	F9C07_9447		AN3512	
OG0009068	F9C07_2276693	Afu5g01260		
OG0009069	F9C07_9473			An09g00830
OG0009070	F9C07_9474			An12g04380
OG0009071	F9C07_9489	Afu8g00820		
OG0009072	F9C07_1178350		AN8266	
OG0009073	F9C07_2054598	Afu6g10200		
OG0009074	F9C07_2276744			An15g07930
OG0009075	F9C07_9515		AN2777	
OG0009076	F9C07_2276754		AN2780	
OG0009077	F9C07_2276758		AN6950	
OG0009078	F9C07_2053783			An12g06730
OG0009079	F9C07_2099041			An12g06740
OG0009080	F9C07_2276768			An18g01000
OG0009081	F9C07_2276779	Afu1g17630		
OG0009082	F9C07_1676, F9C07_9555			
OG0009083	F9C07_2276792	Afu6g11680		
OG0009084	F9C07_1180847, F9C07_1669			
OG0009085	F9C07_1180942		AN7110	
OG0009086	F9C07_2276819			An09g05590
OG0009087	F9C07_2054963		AN2643	
OG0009088	F9C07_9681	Afu5g02330		
OG0009089	F9C07_2276893			An08g04740
OG0009090	F9C07_9682			An07g05710
OG0009091	F9C07_2276913	Afu1g16130		
OG0009092	F9C07_2276919	Afu3g01180		
OG0009093	F9C07_9745			An04g03010
OG0009094	F9C07_2276946	Afu7g06370		
OG0009095	F9C07_2126055		AN0533	
OG0009096	F9C07_9773		AN11812	
OG0009097	F9C07_9785		AN9353	
OG0009098	F9C07_2126478		AN3922	
OG0009099	F9C07_9860			An05g02460
OG0009100	F9C07_1288065, F9C07_9920			
OG0009101	F9C07_1196365	Afu7g08640		
OG0009102	F9C07_2099463		AN7532	
OG0009103	F9C07_2197996	Afu7g06120		
OG0009104	F9C07_2225567, F9C07_3095			
OG0009105	F9C07_2277380			An14g07170
OG0009106	F9C07_1234422	Afu6g07600		
OG0009107	F9C07_2277420			An18g01550
OG0009108	F9C07_2883			An15g02200
OG0009109	F9C07_1245445			An11g03570
OG0009110	F9C07_2716		AN0786	
OG0009111	F9C07_2697	Afu3g02470		
OG0009112	F9C07_1259427	Afu4g00110		
OG0009113	F9C07_2198383			An16g03700
OG0009114	F9C07_2277715			An08g11060
OG0009115	F9C07_2485	Afu4g14110		
OG0009116	F9C07_2479, F9C07_2480			
OG0009117	F9C07_2470		AN11685	
OG0009118	F9C07_2277843			An02g07630
OG0009119	F9C07_2405			An02g08170
OG0009120	F9C07_2277880			An02g08160
OG0009121	F9C07_2345			An09g00700
OG0009122	F9C07_2258	Afu1g04130		
OG0009123	F9C07_2217		AN4029	
OG0009124	F9C07_2100476			An15g00820
OG0009125	F9C07_2204			An15g00830
OG0009126	F9C07_2278201	Afu8g06810		
OG0009127	F9C07_2011			An11g05060
OG0009128	F9C07_2278296			An15g07200
OG0009129	F9C07_1908		AN5319	
OG0009130	F9C07_1907, F9C07_2253424			
OG0009131	F9C07_2278305			An16g04040
OG0009132	F9C07_2278349			An14g06100
OG0009133	F9C07_1842, F9C07_2239221			
OG0009134	F9C07_1826	Afu4g00980		
OG0009135	F9C07_2278391	Afu2g12690		
OG0009136	F9C07_2278400		AN2841	
OG0009137	F9C07_2278436			An16g07710
OG0009138	F9C07_2278443			An04g04390
OG0009139	F9C07_1738			An13g01760
OG0009140	F9C07_2226827			An18g00680
OG0009141	F9C07_1709		AN3474	
OG0009142	F9C07_2166703, F9C07_7846			
OG0009143	F9C07_2285633			An06g00410
OG0009144	F9C07_7855	Afu6g03440		
OG0009145	F9C07_1724314	Afu6g09700		
OG0009146	F9C07_7878	Afu6g09690		
OG0009147	F9C07_7885	Afu1g03160		
OG0009148	F9C07_2285699		AN6801	
OG0009149	F9C07_7930	Afu7g05180		
OG0009150	F9C07_7933	Afu3g03020		
OG0009151	F9C07_2285729		AN11908	
OG0009152	F9C07_2285737			An16g00140
OG0009153	F9C07_1729336			An01g14650
OG0009154	F9C07_2285743		AN11378	
OG0009155	F9C07_2285749		AN5654	
OG0009156	F9C07_7975		AN0230	
OG0009157	F9C07_2193846		AN11945	
OG0009158	F9C07_2167177		AN5281	
OG0009159	F9C07_2109042		AN8518	
OG0009160	F9C07_2285786		AN1183	
OG0009161	F9C07_8013			An07g00170
OG0009162	F9C07_8034			An07g00540
OG0009163	F9C07_2285807			An09g00120
OG0009164	F9C07_8041	Afu1g11270		
OG0009165	F9C07_2285811	Afu1g11310		
OG0009166	F9C07_2285813	Afu1g11320		
OG0009167	F9C07_2285815	Afu1g11280		
OG0009168	F9C07_2285848	Afu7g00490		
OG0009169	F9C07_8084			An16g04050
OG0009170	F9C07_8148			An13g01540
OG0009171	F9C07_2235323			An08g04510
OG0009172	F9C07_8190		AN10861	
OG0009173	F9C07_2285962			An08g04050
OG0009174	F9C07_2246671		AN10154	
OG0009175	F9C07_2260915	Afu4g00360		
OG0009176	F9C07_2286161	Afu5g00570		
OG0009177	F9C07_2286170			An07g00200
OG0009178	F9C07_1758508		AN8222	
OG0009179	F9C07_1758459			An19g00300
OG0009180	F9C07_2286184			An03g01230
OG0009181	F9C07_8468			An08g11480
OG0009182	F9C07_8510		AN2621	
OG0009183	F9C07_8511		AN2622	
OG0009184	F9C07_1760905		AN2623	
OG0009185	F9C07_11513, F9C07_2286219			
OG0009186	F9C07_11988			An07g01150
OG0009187	F9C07_1796314			An07g00800
OG0009188	F9C07_2261304			An12g00880
OG0009189	F9C07_11940			An02g13560
OG0009190	F9C07_1799233		AN10597	
OG0009191	F9C07_11920			An18g02790
OG0009192	F9C07_2286480			An08g08910
OG0009193	F9C07_11909, F9C07_1801182			
OG0009194	F9C07_2286495			An16g08130
OG0009195	F9C07_11891			An07g00330
OG0009196	F9C07_11818	Afu3g06630		
OG0009197	F9C07_1807565			An07g00570
OG0009198	F9C07_2075442		AN7788	
OG0009199	F9C07_11763		AN12487	
OG0009200	F9C07_2205354			An07g04810
OG0009201	F9C07_2074160	Afu8g07310		
OG0009202	F9C07_2286657	Afu4g03305		
OG0009203	F9C07_2110061			An01g01030
OG0009204	F9C07_2171890			An12g09530
OG0009205	F9C07_1820677	Afu2g17710		
OG0009206	F9C07_2236243	Afu5g09430		
OG0009207	F9C07_2286782			An10g00060
OG0009208	F9C07_11525			An08g09680
OG0009209	F9C07_1826035			An06g00200
OG0009210	F9C07_11512			An14g02410
OG0009211	F9C07_11468			An03g02300
OG0009212	F9C07_11461			An04g02850
OG0009213	F9C07_1829771			An15g02280
OG0009214		Afu1g00130, Afu7g08460		
OG0009215		Afu1g00270, Afu5g00220		
OG0009216		Afu1g00760, Afu5g14890		
OG0009217		Afu1g00770		An08g12010
OG0009218		Afu1g00880	AN10625	
OG0009219		Afu1g01040		An15g05610
OG0009220		Afu1g01170		An08g09810
OG0009221		Afu1g01210		An01g01310
OG0009222		Afu1g01380		An14g07140
OG0009223		Afu1g01390	AN8157	
OG0009224		Afu1g01410	AN8158	
OG0009225		Afu1g01620		An02g02790
OG0009226		Afu1g04420	AN0456	
OG0009227		Afu1g06510	AN4249	
OG0009228		Afu1g08910	AN5305	
OG0009229		Afu1g10020		An13g03190
OG0009230		Afu1g10030	AN3263	
OG0009231		Afu1g11390		An14g07260
OG0009232		Afu1g13080		An08g06070
OG0009233		Afu1g13400	AN0677	
OG0009234		Afu1g15990, Afu5g14865		
OG0009235		Afu1g16010, Afu1g16020		
OG0009236		Afu1g16090, Afu5g15000		
OG0009237		Afu1g16430	AN6473	
OG0009238		Afu1g16564	AN11896	
OG0009239		Afu1g17080	AN0626	
OG0009240		Afu1g17310	AN2814	
OG0009241		Afu1g17540	AN8319	
OG0009242		Afu2g05290	AN3976	
OG0009243		Afu2g07460	AN5806	
OG0009244		Afu2g12340		An02g04380
OG0009245		Afu2g12680	AN7941	
OG0009246		Afu2g12810, Afu5g13670		
OG0009247		Afu2g12950	AN10802	
OG0009248		Afu2g15090	AN5302	
OG0009249		Afu2g15165		An09g03370
OG0009250		Afu2g17790		An03g00640
OG0009251		Afu2g17970, Afu3g02640		
OG0009252		Afu2g17980		An06g02580
OG0009253		Afu3g00590		An01g09980
OG0009254		Afu3g00670		An07g00905
OG0009255		Afu3g00830		An01g02950
OG0009256		Afu3g00970	AN9310	
OG0009257		Afu3g01090	AN9167	
OG0009258		Afu3g01250	AN6314	
OG0009259		Afu3g01860	AN8924	
OG0009260		Afu3g02140	AN2823	
OG0009261		Afu3g02190	AN3335	
OG0009262		Afu3g02590		An03g05500
OG0009263		Afu3g02740		An01g09870
OG0009264		Afu3g02840		An15g07870
OG0009265		Afu3g03130	AN2322	
OG0009266		Afu3g03380	AN11077	
OG0009267		Afu3g03530	AN2030	
OG0009268		Afu3g03960		An12g05950
OG0009269		Afu3g05470	AN3457	
OG0009270		Afu3g07100		An02g13660
OG0009271		Afu3g07300, Afu5g02260		
OG0009272		Afu3g07400		An02g13230
OG0009273		Afu3g08570		An02g12290
OG0009274		Afu3g11800	AN6763	
OG0009275		Afu3g12040	AN10359	
OG0009276		Afu3g12580	AN3105	
OG0009277		Afu3g12590	AN10376	
OG0009278		Afu3g12600	AN10375	
OG0009279		Afu3g13450	AN3161	
OG0009280		Afu3g13590	AN8128	
OG0009281		Afu3g13660, Afu8g01320		
OG0009282		Afu3g14910, Afu5g00540		
OG0009283		Afu3g15070	AN6259	
OG0009284		Afu3g15240		An04g06280
OG0009285		Afu4g00710	AN7901	
OG0009286		Afu4g00890	AN8307	
OG0009287		Afu4g01170	AN5363	
OG0009288		Afu4g01200	AN9207	
OG0009289		Afu4g01210	AN9206	
OG0009290		Afu4g01270	AN3285	
OG0009291		Afu4g01555	AN7333	
OG0009292		Afu4g02810		An03g02160
OG0009293		Afu4g03560	AN7987	
OG0009294		Afu4g03580, Afu7g05820		
OG0009295		Afu4g04815	AN12057	
OG0009296		Afu4g06085		An04g00350
OG0009297		Afu4g06320	AN4340	
OG0009298		Afu4g07900		An04g02330
OG0009299		Afu4g08715		An18g03880
OG0009300		Afu4g09280		An02g00330
OG0009301		Afu4g09380, Afu6g12140		
OG0009302		Afu4g10560		An04g06110
OG0009303		Afu4g13960		An09g01130
OG0009304		Afu4g14200, Afu8g06060		
OG0009305		Afu4g14360, Afu5g07560		
OG0009306		Afu4g14420	AN6405	
OG0009307		Afu4g14580	AN6447	
OG0009308		Afu4g14735		An14g01225
OG0009309		Afu4g14820, Afu4g14840		
OG0009310		Afu5g00170, Afu7g08390		
OG0009311		Afu5g00800	AN3052	
OG0009312		Afu5g04350	AN4286	
OG0009313		Afu5g07630		An04g09390
OG0009314		Afu5g07760		An15g02680
OG0009315		Afu5g08260		An01g00320
OG0009316		Afu5g09460	AN8813	
OG0009317		Afu5g09960	AN4845	
OG0009318		Afu5g10300	AN11200	
OG0009319		Afu5g10310	AN9221	
OG0009320		Afu5g10320	AN9220	
OG0009321		Afu5g10870	AN10048	
OG0009322		Afu5g12000	AN12227	
OG0009323		Afu5g13420		An14g04890
OG0009324		Afu5g14090	AN1107	
OG0009325		Afu5g14510		An06g02470
OG0009326		Afu5g14530	AN10384	
OG0009327		Afu5g14690	AN5855	
OG0009328		Afu5g14790	AN5843	
OG0009329		Afu5g15090, Afu5g15130		
OG0009330		Afu6g00160		An12g05310
OG0009331		Afu6g00196		An07g06440
OG0009332		Afu6g00570	AN6670	
OG0009333		Afu6g01790	AN8599	
OG0009334		Afu6g01980		An01g00400
OG0009335		Afu6g03025	AN1656	
OG0009336		Afu6g03160		An11g05660
OG0009337		Afu6g03252		An09g00380
OG0009338		Afu6g03370		An18g00230
OG0009339		Afu6g03375	AN7860	
OG0009340		Afu6g05340	AN6488	
OG0009341		Afu6g07000	AN5172	
OG0009342		Afu6g07570	AN1907	
OG0009343		Afu6g09120	AN1765	
OG0009344		Afu6g09770	AN2611	
OG0009345		Afu6g09860		An18g02820
OG0009346		Afu6g10000	AN11866	
OG0009347		Afu6g10180	AN10894	
OG0009348		Afu6g11780		An02g10640
OG0009349		Afu6g11820	AN2356	
OG0009350		Afu6g11930	AN7867	
OG0009351		Afu6g11960	AN7871	
OG0009352		Afu6g12040	AN2892	
OG0009353		Afu6g12200		An07g01450
OG0009354		Afu6g13480		An07g08420
OG0009355		Afu6g13520	AN5444	
OG0009356		Afu6g14630	AN5945	
OG0009357		Afu7g00130		An11g07350
OG0009358		Afu7g00240	AN2612	
OG0009359		Afu7g00560		An10g00020
OG0009360		Afu7g00820		An04g03840
OG0009361		Afu7g00880		An05g01880
OG0009362		Afu7g02410	AN11926	
OG0009363		Afu7g04410		An13g00990
OG0009364		Afu7g04960		An12g10870
OG0009365		Afu7g06140	AN2828	
OG0009366		Afu7g06675		An07g05230
OG0009367		Afu7g06690		An09g02260
OG0009368		Afu7g07030, Afu7g08290		
OG0009369		Afu7g08220		An04g07560
OG0009370		Afu7g08237		An04g07590
OG0009371		Afu7g08620	AN12165	
OG0009372		Afu8g00160	AN10218	
OG0009373		Afu8g00290		An11g08180
OG0009374		Afu8g00350	AN3342	
OG0009375		Afu8g01060	AN3476	
OG0009376		Afu8g01210	AN9128	
OG0009377		Afu8g01300	AN11983	
OG0009378		Afu8g01385		An12g10650
OG0009379		Afu8g01440		An12g02490
OG0009380		Afu8g02220		An09g01510
OG0009381		Afu8g02490		An07g06230
OG0009382		Afu8g03960	AN10206	
OG0009383		Afu8g05130	AN2838	
OG0009384		Afu8g06010		An08g08100
OG0009385		Afu8g06200		An08g11800
OG0009386		Afu8g07120		An03g00500
OG0009387		Afu8g07220		An11g09220
OG0009388		AfuMt00001	AN20005	
OG0009389		AfuMt00010	AN20007	
OG0009390		AfuMt00020	AN20008	
OG0009391		AfuMt00040	AN20010	
OG0009392		AfuMt00050	AN20011	
OG0009393		AfuMt00060	AN20012	
OG0009394		AfuMt00070	AN20013	
OG0009395		AfuMt00080	AN20014	
OG0009396		AfuMt00100	AN20017	
OG0009397		AfuMt00110	AN20018	
OG0009398		AfuMt00120	AN20019	
OG0009399		AfuMt00130	AN20000	
OG0009400		AfuMt00140	AN20001	
OG0009401		AfuMt00150	AN20002	
OG0009402			AN0396, AN5078	
OG0009403			AN5071	An15g05080
OG0009404			AN3262, AN5033	
OG0009405			AN5031	An11g07190
OG0009406			AN12222	An08g09250
OG0009407			AN4621	An16g01600
OG0009408			AN4620	An16g01610
OG0009409			AN4606	An13g02040
OG0009410			AN4427	An04g01400
OG0009411			AN8833	An17g01965
OG0009412			AN12082	An13g02090
OG0009413			AN8778	An13g02100
OG0009414			AN8732	An10g00100
OG0009415			AN12334	An02g08790
OG0009416			AN2633, AN7864	
OG0009417			AN12003, AN3554	
OG0009418			AN7927	An12g02480
OG0009419			AN7938	An01g00850
OG0009420			AN6777, AN7964	
OG0009421			AN7970	An14g04620
OG0009422			AN12008	An12g05430
OG0009423			AN2540, AN8091	
OG0009424			AN6020, AN8094	
OG0009425			AN8136, AN8137	
OG0009426			AN8265	An09g00540
OG0009427			AN4154, AN5159	
OG0009428			AN4143	An14g02490
OG0009429			AN4012	An01g02960
OG0009430			AN12192, AN3979	
OG0009431			AN3975	An16g05930
OG0009432			AN3699	An02g00010
OG0009433			AN3567, AN5508	
OG0009434			AN3520	An04g10140
OG0009435			AN3517, AN8961	
OG0009436			AN0492, AN3514	
OG0009437			AN10920	An01g01480
OG0009438			AN7058	An15g04540
OG0009439			AN6665, AN7531	
OG0009440			AN11015	An02g00080
OG0009441			AN7798	An11g05430
OG0009442			AN11024, AN12376	
OG0009443			AN6301	An02g04310
OG0009444			AN6135	An09g02920
OG0009445			AN6097	An04g10080
OG0009446			AN6584	An15g01155
OG0009447			AN6660, AN6954	
OG0009448			AN11899	An07g02230
OG0009449			AN11817, AN5255	
OG0009450			AN3354, AN9327	
OG0009451			AN12394, AN9351	
OG0009452			AN9372	An01g01210
OG0009453			AN1393	An08g00330
OG0009454			AN12488, AN2921	
OG0009455			AN0940	An01g10940
OG0009456			AN0750	An16g06710
OG0009457			AN0748	An01g00990
OG0009458			AN0548	An12g06250
OG0009459			AN0512, AN9055	
OG0009460			AN0508	An09g00200
OG0009461			AN0402, AN3403	
OG0009462			AN11673, AN9212	
OG0009463			AN9025	An16g06650
OG0009464			AN8997	An11g04230
OG0009465			AN8958	An12g09520
OG0009466			AN12390	An04g06330
OG0009467			AN2024, AN8950	
OG0009468			AN2025, AN8949	
OG0009469			AN11795, AN8933	
OG0009470			AN12239	An03g06770
OG0009471			AN1648	An06g02520
OG0009472			AN11797	An11g02570
OG0009473			AN1958	An04g05783
OG0009474			AN2010	An06g01140
OG0009475			AN2023	An11g07220
OG0009476			AN2075	An04g04680
OG0009477			AN11340	An11g00730
OG0009478			AN11344	An14g03150
OG0009479			AN2553	An16g01410
OG0009480			AN2582	An18g00630
OG0009481			AN3331	An11g10160
OG0009482			AN3213	An14g02630
OG0009483			AN5474, AN8306	
OG0009484			AN8360	An03g01490
OG0009485			AN11871, AN12446	
OG0009486			AN8577	An03g01900
OG0009487			AN12180	An07g10000
OG0009488			AN10651	An07g09005
OG0009489			AN10717	An18g06660
OG0009490			AN10693	An01g07110
OG0009491			AN5540	An15g04060
OG0009492			AN5465	An07g05030
OG0009493			AN5464	An15g07850
OG0009494			AN5425	An07g01710
OG0009495			AN5381	An07g04350
OG0009496			AN10666	An09g03170
OG0009497				An01g01970, An04g02750
OG0009498				An01g05460, An11g00170
OG0009499				An01g06900, An12g02880
OG0009500				An01g10130, An14g05700
OG0009501				An01g11210, An12g10540
OG0009502				An01g11570, An01g11580
OG0009503				An01g13710, An01g13730
OG0009504				An01g14410, An02g09980
OG0009505				An01g15030, An03g03430
OG0009506				An02g00500, An07g03540
OG0009507				An02g10630, An08g09830
OG0009508				An02g10860, An19g00070
OG0009509				An03g00840, An12g02660
OG0009510				An03g02370, An08g11200
OG0009511				An03g03090, An04g07640
OG0009512				An03g03100, An04g07840
OG0009513				An03g03390, An09g01480
OG0009514				An04g07710, An08g11950
OG0009515				An04g07740, An08g11600
OG0009516				An04g07770, An08g11710
OG0009517				An04g07990, An08g11870
OG0009518				An04g09840, An16g06250
OG0009519				An05g01280, An14g04680
OG0009520				An05g01420, An08g08120
OG0009521				An06g00800, An12g01790
OG0009522				An06g02430, An18g01770
OG0009523				An07g00160, An12g07100
OG0009524				An07g06900, An07g06920
OG0009525				An08g02030, An08g02060
OG0009526				An08g04840, An08g04850
OG0009527				An08g09110, An15g04870
OG0009528				An08g09690, An17g00600
OG0009529				An08g11240, An08g11430
OG0009530				An08g11250, An08g11440
OG0009531				An08g11910, An08g12260
OG0009532				An08g11990, An08g12030
OG0009533				An08g12240, An12g06670
OG0009534				An11g00700, An11g00746
OG0009535				An11g01250, An12g01660
OG0009536				An11g03620, An15g07490
OG0009537				An11g05630, An11g09250
OG0009538				An11g07610, An15g04740
OG0009539				An11g08720, An19g00370
OG0009540				An11g09000, An15g00760
OG0009541				An11g10010, An16g04370
OG0009542				An12g02300, An12g02310
OG0009543				An12g02930, An12g02950
OG0009544				An12g03480, An12g03490
OG0009545				An12g03510, An15g07630
OG0009546				An12g03740, An12g03800
OG0009547				An12g06850, An12g06870
OG0009548				An12g07030, An15g01030
OG0009549				An12g09920, An14g01520
OG0009550				An13g03270, An13g03280
OG0009551				An15g02510, An15g02560
OG0009552				An16g06020, An16g06030
